Workbook

Sheet Pen trt 
A1: Pen | B1: Treatment
A2: 1 | B2: 1
A3: 2 | B3: 9
A4: 3 | B4: 17
A5: 4 | B5: 25
A6: 5 | B6: 28
A7: 6 | B7: 4
A8: 7 | B8: 12
A9: 8 | B9: 20
A10: 9 | B10: 32
A11: 10 | B11: 8
A12: 11 | B12: 16
A13: 12 | B13: 24
... A193: 192 | B193: 29

Sheet Egg Data
C1: 46237 | J1: 46238 | Q1: 46239 | X1: 46240 | AE1: 46241 | AL1: 46242 | AS1: 46243 | AZ1: 1W | BH1: 46244 | BO1: 46245 | BV1: 46246 | CC1: 46247 | CJ1: 46248 | CQ1: 46249 | CX1: 46250 | DE1: 2W | DM1: 46251 | DT1: 46252 | EA1: 46253 | EH1: 46254 | EO1: 46255 | EV1: 46256 | FC1: 46257 | FJ1: 3W | FR1: 46258 | FY1: 46259 | GF1: 46260 | GM1: 46261 | GT1: 46262 | HA1: 46263 | HH1: 46264 | HO1: 4W | HW1: 46265 | ID1: 46266 | IK1: 46267 | IR1: 46268 | IY1: 46269 | JF1: 46270 | JM1: 46271 | JT1: 5W | KB1: 46272 | KI1: 46273 | KP1: 46274 | KW1: 46275 | LD1: 46276 | LK1: 46277 | LR1: 46278 | LY1: 6W | MG1: 46279 | MN1: 46280 | MU1: 46281 | NB1: 46282 | NI1: 46283 | NP1: 46284 | NW1: 46285 | OD1: 7W | OL1: 46286 | OS1: 46287 | OZ1: 46288 | PG1: 46289 | PN1: 46290 | PU1: 46291 | QB1: 46292 | QI1: 8W | QQ1: 46293 | QX1: 46294 | RE1: 46295 | RL1: 46296 | RS1: 46297 | RZ1: 46298 | SG1: 46299 | SN1: 9W | SV1: 46300 | TC1: 46301 | TJ1: 46302 | TQ1: 46303 | TX1: 46304 | UE1: 46305 | UL1: 46306 | US1: 10W | VA1: 46307 | VH1: 46308 | VO1: 46309 | VV1: 46310 | WC1: 46311 | WJ1: 46312 | WQ1: 46313 | WX1: 11W | XF1: 46314 | XM1: 46315 | XT1: 46316 | YA1: 46317 | YH1: 46318 | YO1: 46319 | YV1: 46320 | ZC1: 12W | ZK1: 46321 | ZR1: 46322 | ZY1: 46323 | AAF1: 46324 | AAM1: 46325 | AAT1: 46326 | ABA1: 46327 | ABH1: 13W | ABP1: 46328 | ABW1: 46329 | ACD1: 46330 | ACK1: 46331 | ACR1: 46332 | ACY1: 46333 | ADF1: 46334 | ADM1: 14W | ADU1: 46335 | AEB1: 46336 | AEI1: 46337 | AEP1: 46338 | AEW1: 46339 | AFD1: 46340 | AFK1: 46341 | AFR1: 15W | AFZ1: 46342 | AGG1: 46343 | AGN1: 46344 | AGU1: 46345 | AHB1: 46346 | AHI1: 46347 | AHP1: 46348 | AHW1: 16W | AIE1: 46349 | AIL1: 46350 | AIS1: 46351 | AIZ1: 46352 | AJG1: 46353 | AJN1: 46354 | AJU1: 46355 | AKB1: 17W | AKJ1: 46356 | AKQ1: 46357 | AKX1: 46358 | ALE1: 46359 | ALL1: 46360 | ALS1: 46361 | ALZ1: 46362 | AMG1: 18W | AMO1: 46363 | AMV1: 46364 | ANC1: 46365 | ANJ1: 46366 | ANQ1: 46367 | ANX1: 46368 | AOE1: 46369 | AOL1: 19W | AOT1: 46370 | APA1: 46371 | APH1: 46372 | APO1: 46373 | APV1: 46374 | AQC1: 46375 | AQJ1: 46376 | AQQ1: 20W | AQY1: 46377 | ARF1: 46378 | ARM1: 46379 | ART1: 46380 | ASA1: 46381 | ASH1: 46382 | ASO1: 46383 | ASV1: 21W | ATD1: 46384 | ATK1: 46385 | ATR1: 46386 | ATY1: 46387 | AUF1: 46388 | AUM1: 46389 | AUT1: 46390 | AVA1: 22W | AVI1: 46391 | AVP1: 46392 | AVW1: 46393 | AWD1: 46394 | AWK1: 46395 | AWR1: 46396 | AWY1: 46397 | AXF1: 23W | AXN1: 46398 | AXU1: 46399 | AYB1: 46400 | AYI1: 46401 | AYP1: 46402 | AYW1: 46403 | AZD1: 46404 | AZK1: 24W | AZS1: 46405 | AZZ1: 46406 | BAG1: 46407 | BAN1: 46408 | BAU1: 46409 | BBB1: 46410 | BBI1: 46411 | BBP1: 25W | BBX1: 46412 | BCE1: 46413 | BCL1: 46414 | BCS1: 46415 | BCZ1: 46416 | BDG1: 46417 | BDN1: 46418 | BDU1: 26W | BEC1: 46419 | BEJ1: 46420 | BEQ1: 46421 | BEX1: 46422 | BFE1: 46423 | BFL1: 46424 | BFS1: 46425 | BFZ1: 27W | BGH1: 46426 | BGO1: 46427 | BGV1: 46428 | BHC1: 46429 | BHJ1: 46430 | BHQ1: 46431 | BHX1: 46432 | BIE1: 28W | BIM1: 46433 | BIT1: 46434 | BJA1: 46435 | BJH1: 46436 | BJO1: 46437 | BJV1: 46438 | BKC1: 46439 | BKJ1: 29W | BKR1: 46440 | BKY1: 46441 | BLF1: 46442 | BLM1: 46443 | BLT1: 46444 | BMA1: 46445 | BMH1: 46446 | BMO1: 30W | BMW1: 46447 | BND1: 46448 | BNK1: 46449 | BNR1: 46450 | BNY1: 46451 | BOF1: 46452 | BOM1: 46453 | BOT1: 31W | BPB1: 46454 | BPI1: 46455 | BPP1: 46456 | BPW1: 46457 | BQD1: 46458 | BQK1: 46459 | BQR1: 46460 | BQY1: 32W | BRG1: 46461 | BRN1: 46462 | BRU1: 46463 | BSB1: 46464 | BSI1: 46465 | BSP1: 46466 | BSW1: 46467 | BTD1: 33W | BTL1: 46468 | BTS1: 46469 | BTZ1: 46470 | BUG1: 46471 | BUN1: 46472 | BUU1: 46473 | BVB1: 46474 | BVI1: 34W | BVQ1: 46475 | BVX1: 46476 | BWE1: 46477 | BWL1: 46478 | BWS1: 46479 | BWZ1: 46480 | BXG1: 46481 | BXN1: 35W | BXV1: 46482 | BYC1: 46483 | BYJ1: 46484 | BYQ1: 46485 | BYX1: 46486 | BZE1: 46487 | BZL1: 46488 | BZS1: 36W
C2: 1W | J2: 1W | Q2: 1W | X2: 1W | AE2: 1W | AL2: 1W | AS2: 1W | BH2: 2W | BO2: 2W | BV2: 2W | CC2: 2W | CJ2: 2W | CQ2: 2W | CX2: 2W | DM2: 3W | DT2: 3W | EA2: 3W | EH2: 3W | EO2: 3W | EV2: 3W | FC2: 3W | FR2: 4W | FY2: 4W | GF2: 4W | GM2: 4W | GT2: 4W | HA2: 4W | HH2: 4W | HW2: 5W | ID2: 5W | IK2: 5W | IR2: 5W | IY2: 5W | JF2: 5W | JM2: 5W | KB2: 6W | KI2: 6W | KP2: 6W | KW2: 6W | LD2: 6W | LK2: 6W | LR2: 6W | MG2: 7W | MN2: 7W | MU2: 7W | NB2: 7W | NI2: 7W | NP2: 7W | NW2: 7W | OL2: 8W | OS2: 8W | OZ2: 8W | PG2: 8W | PN2: 8W | PU2: 8W | QB2: 8W | QQ2: 9W | QX2: 9W | RE2: 9W | RL2: 9W | RS2: 9W | RZ2: 9W | SG2: 9W | SV2: 10W | TC2: 10W | TJ2: 10W | TQ2: 10W | TX2: 10W | UE2: 10W | UL2: 10W | VA2: 11W | VH2: 11W | VO2: 11W | VV2: 11W | WC2: 11W | WJ2: 11W | WQ2: 11W | XF2: 12W | XM2: 12W | XT2: 12W | YA2: 12W | YH2: 12W | YO2: 12W | YV2: 12W | ZK2: 13W | ZR2: 13W | ZY2: 13W | AAF2: 13W | AAM2: 13W | AAT2: 13W | ABA2: 13W | ABP2: 14W | ABW2: 14W | ACD2: 14W | ACK2: 14W | ACR2: 14W | ACY2: 14W | ADF2: 14W | ADU2: 15W | AEB2: 15W | AEI2: 15W | AEP2: 15W | AEW2: 15W | AFD2: 15W | AFK2: 15W | AFZ2: 16W | AGG2: 16W | AGN2: 16W | AGU2: 16W | AHB2: 16W | AHI2: 16W | AHP2: 16W | AIE2: 17W | AIL2: 17W | AIS2: 17W | AIZ2: 17W | AJG2: 17W | AJN2: 17W | AJU2: 17W | AKJ2: 18W | AKQ2: 18W | AKX2: 18W | ALE2: 18W | ALL2: 18W | ALS2: 18W | ALZ2: 18W | AMO2: 19W | AMV2: 19W | ANC2: 19W | ANJ2: 19W | ANQ2: 19W | ANX2: 19W | AOE2: 19W | AOT2: 20W | APA2: 20W | APH2: 20W | APO2: 20W | APV2: 20W | AQC2: 20W | AQJ2: 20W | AQY2: 21W | ARF2: 21W | ARM2: 21W | ART2: 21W | ASA2: 21W | ASH2: 21W | ASO2: 21W | ATD2: 22W | ATK2: 22W | ATR2: 22W | ATY2: 22W | AUF2: 22W | AUM2: 22W | AUT2: 22W | AVI2: 23W | AVP2: 23W | AVW2: 23W | AWD2: 23W | AWK2: 23W | AWR2: 23W | AWY2: 23W | AXN2: 24W | AXU2: 24W | AYB2: 24W | AYI2: 24W | AYP2: 24W | AYW2: 24W | AZD2: 24W | AZS2: 25W | AZZ2: 25W | BAG2: 25W | BAN2: 25W | BAU2: 25W | BBB2: 25W | BBI2: 25W | BBX2: 26W | BCE2: 26W | BCL2: 26W | BCS2: 26W | BCZ2: 26W | BDG2: 26W | BDN2: 26W | BEC2: 27W | BEJ2: 27W | BEQ2: 27W | BEX2: 27W | BFE2: 27W | BFL2: 27W | BFS2: 27W | BGH2: 28W | BGO2: 28W | BGV2: 28W | BHC2: 28W | BHJ2: 28W | BHQ2: 28W | BHX2: 28W | BIM2: 29W | BIT2: 29W | BJA2: 29W | BJH2: 29W | BJO2: 29W | BJV2: 29W | BKC2: 29W | BKR2: 30W | BKY2: 30W | BLF2: 30W | BLM2: 30W | BLT2: 30W | BMA2: 30W | BMH2: 30W | BMW2: 31W | BND2: 31W | BNK2: 31W | BNR2: 31W | BNY2: 31W | BOF2: 31W | BOM2: 31W | BPB2: 32W | BPI2: 32W | BPP2: 32W | BPW2: 32W | BQD2: 32W | BQK2: 32W | BQR2: 32W | BRG2: 33W | BRN2: 33W | BRU2: 33W | BSB2: 33W | BSI2: 33W | BSP2: 33W | BSW2: 33W | BTL2: 34W | BTS2: 34W | BTZ2: 34W | BUG2: 34W | BUN2: 34W | BUU2: 34W | BVB2: 34W | BVQ2: 35W | BVX2: 35W | BWE2: 35W | BWL2: 35W | BWS2: 35W | BWZ2: 35W | BXG2: 35W | BXV2: 36W | BYC2: 36W | BYJ2: 36W | BYQ2: 36W | BYX2: 36W | BZE2: 36W | BZL2: 36W
A3: Pen Number | B3: Treatment Number | C3: Number of Eggs | D3: Weight | E3: Average Weight | F3: Non Layer | G3: Number of Rejects | H3: Reason | J3: Number of Eggs | K3: Weight | L3: Average Weight | M3: Non Layer | N3: Number of Rejects | O3: Reason | Q3: Number of Eggs | R3: Weight | S3: Average Weight | T3: Non Layer | U3: Number of Rejects | V3: Reason | X3: Number of Eggs | Y3: Weight | Z3: Average Weight | AA3: Non Layer | AB3: Number of Rejects | AC3: Reason | AE3: Number of Eggs | AF3: Weight | AG3: Average Weight | AH3: Non Layer | AI3: Number of Rejects | AJ3: Reason | AL3: Number of Eggs | AM3: Weight | AN3: Average Weight | AO3: Non Layer | AP3: Number of Rejects | AQ3: Reason | AS3: Number of Eggs | AT3: Weight | AU3: Average Weight | AV3: Non Layer | AW3: Number of Rejects | AX3: Reason | AZ3: Bird # | BA3: Number of Eggs | BB3: Ave eggs | BC3: Weight | BD3: Average Weight | BE3: Number of Rejects | BF3: %HDE_ | BH3: Number of Eggs | BI3: Weight | BJ3: Average Weight | BK3: Non Layer | BL3: Number of Rejects | BM3: Reason | BO3: Number of Eggs | BP3: Weight | BQ3: Average Weight | BR3: Non Layer | BS3: Number of Rejects | BT3: Reason | BV3: Number of Eggs | BW3: Weight | BX3: Average Weight | BY3: Non Layer | BZ3: Number of Rejects | CA3: Reason | CC3: Number of Eggs | CD3: Weight | CE3: Average Weight | CF3: Non Layer | CG3: Number of Rejects | CH3: Reason | CJ3: Number of Eggs | CK3: Weight | CL3: Average Weight | CM3: Non Layer | CN3: Number of Rejects | CO3: Reason | CQ3: Number of Eggs | CR3: Weight | CS3: Average Weight | CT3: Non Layer | CU3: Number of Rejects | CV3: Reason | CX3: Number of Eggs | CY3: Weight | CZ3: Average Weight | DA3: Non Layer | DB3: Number of Rejects | DC3: Reason | DE3: Bird # | DF3: Number of Eggs | DG3: Ave eggs | DH3: Weight | DI3: Average Weight | DJ3: Number of Rejects | DK3: %HDE_ | DM3: Number of Eggs | DN3: Weight | DO3: Average Weight | DP3: Non Layer | DQ3: Number of Rejects | DR3: Reason | DT3: Number of Eggs | DU3: Weight | DV3: Average Weight | DW3: Non Layer | DX3: Number of Rejects | DY3: Reason | EA3: Number of Eggs | EB3: Weight | EC3: Average Weight | ED3: Non Layer | EE3: Number of Rejects | EF3: Reason | EH3: Number of Eggs | EI3: Weight | EJ3: Average Weight | EK3: Non Layer | EL3: Number of Rejects | EM3: Reason | EO3: Number of Eggs | EP3: Weight | EQ3: Average Weight | ER3: Non Layer | ES3: Number of Rejects | ET3: Reason | EV3: Number of Eggs | EW3: Weight | EX3: Average Weight | EY3: Non Layer | EZ3: Number of Rejects | FA3: Reason | FC3: Number of Eggs | FD3: Weight | FE3: Average Weight | FF3: Non Layer | FG3: Number of Rejects | FH3: Reason | FJ3: Bird # | FK3: Number of Eggs | FL3: Ave eggs | FM3: Weight | FN3: Average Weight | FO3: Number of Rejects | FP3: %HDE_ | FR3: Number of Eggs | FS3: Weight | FT3: Average Weight | FU3: Non Layer | FV3: Number of Rejects | FW3: Reason | FY3: Number of Eggs | FZ3: Weight | GA3: Average Weight | GB3: Non Layer | GC3: Number of Rejects | GD3: Reason | GF3: Number of Eggs | GG3: Weight | GH3: Average Weight | GI3: Non Layer | GJ3: Number of Rejects | GK3: Reason | GM3: Number of Eggs | GN3: Weight | GO3: Average Weight | GP3: Non Layer | GQ3: Number of Rejects | GR3: Reason | GT3: Number of Eggs | GU3: Weight | GV3: Average Weight | GW3: Non Layer | GX3: Number of Rejects | GY3: Reason | HA3: Number of Eggs | HB3: Weight | HC3: Average Weight | HD3: Non Layer | HE3: Number of Rejects | HF3: Reason | HH3: Number of Eggs | HI3: Weight | HJ3: Average Weight | HK3: Non Layer | HL3: Number of Rejects | HM3: Reason | HO3: Bird # | HP3: Number of Eggs | HQ3: Ave eggs | HR3: Weight | HS3: Average Weight | HT3: Number of Rejects | HU3: %HDE_ | HW3: Number of Eggs | HX3: Weight | HY3: Average Weight | HZ3: Non Layer | IA3: Number of Rejects | IB3: Reason | ID3: Number of Eggs | IE3: Weight | IF3: Average Weight | IG3: Non Layer | IH3: Number of Rejects | II3: Reason | IK3: Number of Eggs | IL3: Weight | IM3: Average Weight | IN3: Non Layer | IO3: Number of Rejects | IP3: Reason | IR3: Number of Eggs | IS3: Weight | IT3: Average Weight | IU3: Non Layer | IV3: Number of Rejects | IW3: Reason | IY3: Number of Eggs | IZ3: Weight | JA3: Average Weight | JB3: Non Layer | JC3: Number of Rejects | JD3: Reason | JF3: Number of Eggs | JG3: Weight | JH3: Average Weight | JI3: Non Layer | JJ3: Number of Rejects | JK3: Reason | JM3: Number of Eggs | JN3: Weight | JO3: Average Weight | JP3: Non Layer | JQ3: Number of Rejects | JR3: Reason | JT3: Bird # | JU3: Number of Eggs | JV3: Ave eggs | JW3: Weight | JX3: Average Weight | JY3: Number of Rejects | JZ3: %HDE_ | KB3: Number of Eggs | KC3: Weight | KD3: Average Weight | KE3: Non Layer | KF3: Number of Rejects | KG3: Reason | KI3: Number of Eggs | KJ3: Weight | KK3: Average Weight | KL3: Non Layer | KM3: Number of Rejects | KN3: Reason | KP3: Number of Eggs | KQ3: Weight | KR3: Average Weight | KS3: Non Layer | KT3: Number of Rejects | KU3: Reason | KW3: Number of Eggs | KX3: Weight | KY3: Average Weight | KZ3: Non Layer | LA3: Number of Rejects | LB3: Reason | LD3: Number of Eggs | LE3: Weight | LF3: Average Weight | LG3: Non Layer | LH3: Number of Rejects | LI3: Reason | LK3: Number of Eggs | LL3: Weight | LM3: Average Weight | LN3: Non Layer | LO3: Number of Rejects | LP3: Reason | LR3: Number of Eggs | LS3: Weight | LT3: Average Weight | LU3: Non Layer | LV3: Number of Rejects | LW3: Reason | LY3: Bird # | LZ3: Number of Eggs | MA3: Ave eggs | MB3: Weight | MC3: Average Weight | MD3: Number of Rejects | ME3: %HDE_ | MG3: Number of Eggs | MH3: Weight | MI3: Average Weight | MJ3: Non Layer | MK3: Number of Rejects | ML3: Reason | MN3: Number of Eggs | MO3: Weight | MP3: Average Weight | MQ3: Non Layer | MR3: Number of Rejects | MS3: Reason | MU3: Number of Eggs | MV3: Weight | MW3: Average Weight | MX3: Non Layer | MY3: Number of Rejects | MZ3: Reason | NB3: Number of Eggs | NC3: Weight | ND3: Average Weight | NE3: Non Layer | NF3: Number of Rejects | NG3: Reason | NI3: Number of Eggs | NJ3: Weight | NK3: Average Weight | NL3: Non Layer | NM3: Number of Rejects | NN3: Reason | NP3: Number of Eggs | NQ3: Weight | NR3: Average Weight | NS3: Non Layer | NT3: Number of Rejects | NU3: Reason | NW3: Number of Eggs | NX3: Weight | NY3: Average Weight | NZ3: Non Layer | OA3: Number of Rejects | OB3: Reason | OD3: Bird # | OE3: Number of Eggs | OF3: Ave eggs | OG3: Weight | OH3: Average Weight | OI3: Number of Rejects | OJ3: %HDE_ | OL3: Number of Eggs | OM3: Weight | ON3: Average Weight | OO3: Non Layer | OP3: Number of Rejects | OQ3: Reason | OS3: Number of Eggs | OT3: Weight | OU3: Average Weight | OV3: Non Layer | OW3: Number of Rejects | OX3: Reason | OZ3: Number of Eggs | PA3: Weight | PB3: Average Weight | PC3: Non Layer | PD3: Number of Rejects | PE3: Reason | PG3: Number of Eggs | PH3: Weight | PI3: Average Weight | PJ3: Non Layer | PK3: Number of Rejects | PL3: Reason | PN3: Number of Eggs | PO3: Weight | PP3: Average Weight | PQ3: Non Layer | PR3: Number of Rejects | PS3: Reason | PU3: Number of Eggs | PV3: Weight | PW3: Average Weight | PX3: Non Layer | PY3: Number of Rejects | PZ3: Reason | QB3: Number of Eggs | QC3: Weight | QD3: Average Weight | QE3: Non Layer | QF3: Number of Rejects | QG3: Reason | QI3: Bird # | QJ3: Number of Eggs | QK3: Ave eggs | QL3: Weight | QM3: Average Weight | QN3: Number of Rejects | QO3: %HDE_ | QQ3: Number of Eggs | QR3: Weight | QS3: Average Weight | QT3: Non Layer | QU3: Number of Rejects | QV3: Reason | QX3: Number of Eggs | QY3: Weight | QZ3: Average Weight | RA3: Non Layer | RB3: Number of Rejects | RC3: Reason | RE3: Number of Eggs | RF3: Weight | RG3: Average Weight | RH3: Non Layer | RI3: Number of Rejects | RJ3: Reason | RL3: Number of Eggs | RM3: Weight | RN3: Average Weight | RO3: Non Layer | RP3: Number of Rejects | RQ3: Reason | RS3: Number of Eggs | RT3: Weight | RU3: Average Weight | RV3: Non Layer | RW3: Number of Rejects | RX3: Reason | RZ3: Number of Eggs | SA3: Weight | SB3: Average Weight | SC3: Non Layer | SD3: Number of Rejects | SE3: Reason | SG3: Number of Eggs | SH3: Weight | SI3: Average Weight | SJ3: Non Layer | SK3: Number of Rejects | SL3: Reason | SN3: Bird # | SO3: Number of Eggs | SP3: Ave eggs | SQ3: Weight | SR3: Average Weight | SS3: Number of Rejects | ST3: %HDE_ | SV3: Number of Eggs | SW3: Weight | SX3: Average Weight | SY3: Non Layer | SZ3: Number of Rejects | TA3: Reason | TC3: Number of Eggs | TD3: Weight | TE3: Average Weight | TF3: Non Layer | TG3: Number of Rejects | TH3: Reason | TJ3: Number of Eggs | TK3: Weight | TL3: Average Weight | TM3: Non Layer | TN3: Number of Rejects | TO3: Reason | TQ3: Number of Eggs | TR3: Weight | TS3: Average Weight | TT3: Non Layer | TU3: Number of Rejects | TV3: Reason | TX3: Number of Eggs | TY3: Weight | TZ3: Average Weight | UA3: Non Layer | UB3: Number of Rejects | UC3: Reason | UE3: Number of Eggs | UF3: Weight | UG3: Average Weight | UH3: Non Layer | UI3: Number of Rejects | UJ3: Reason | UL3: Number of Eggs | UM3: Weight | UN3: Average Weight | UO3: Non Layer | UP3: Number of Rejects | UQ3: Reason | US3: Bird # | UT3: Number of Eggs | UU3: Ave eggs | UV3: Weight | UW3: Average Weight | UX3: Number of Rejects | UY3: %HDE_ | VA3: Number of Eggs | VB3: Weight | VC3: Average Weight | VD3: Non Layer | VE3: Number of Rejects | VF3: Reason | VH3: Number of Eggs | VI3: Weight | VJ3: Average Weight | VK3: Non Layer | VL3: Number of Rejects | VM3: Reason | VO3: Number of Eggs | VP3: Weight | VQ3: Average Weight | VR3: Non Layer | VS3: Number of Rejects | VT3: Reason | VV3: Number of Eggs | VW3: Weight | VX3: Average Weight | VY3: Non Layer | VZ3: Number of Rejects | WA3: Reason | WC3: Number of Eggs | WD3: Weight | WE3: Average Weight | WF3: Non Layer | WG3: Number of Rejects | WH3: Reason | WJ3: Number of Eggs | WK3: Weight | WL3: Average Weight | WM3: Non Layer | WN3: Number of Rejects | WO3: Reason | WQ3: Number of Eggs | WR3: Weight | WS3: Average Weight | WT3: Non Layer | WU3: Number of Rejects | WV3: Reason | WX3: Bird # | WY3: Number of Eggs | WZ3: Ave eggs | XA3: Weight | XB3: Average Weight | XC3: Number of Rejects | XD3: %HDE_ | XF3: Number of Eggs | XG3: Weight | XH3: Average Weight | XI3: Non Layer | XJ3: Number of Rejects | XK3: Reason | XM3: Number of Eggs | XN3: Weight | XO3: Average Weight | XP3: Non Layer | XQ3: Number of Rejects | XR3: Reason | XT3: Number of Eggs | XU3: Weight | XV3: Average Weight | XW3: Non Layer | XX3: Number of Rejects | XY3: Reason | YA3: Number of Eggs | YB3: Weight | YC3: Average Weight | YD3: Non Layer | YE3: Number of Rejects | YF3: Reason | YH3: Number of Eggs | YI3: Weight | YJ3: Average Weight | YK3: Non Layer | YL3: Number of Rejects | YM3: Reason | YO3: Number of Eggs | YP3: Weight | YQ3: Average Weight | YR3: Non Layer | YS3: Number of Rejects | YT3: Reason | YV3: Number of Eggs | YW3: Weight | YX3: Average Weight | YY3: Non Layer | YZ3: Number of Rejects | ZA3: Reason | ZC3: Bird # | ZD3: Number of Eggs | ZE3: Ave eggs | ZF3: Weight | ZG3: Average Weight | ZH3: Number of Rejects | ZI3: %HDE_ | ZK3: Number of Eggs | ZL3: Weight | ZM3: Average Weight | ZN3: Non Layer | ZO3: Number of Rejects | ZP3: Reason | ZR3: Number of Eggs | ZS3: Weight | ZT3: Average Weight | ZU3: Non Layer | ZV3: Number of Rejects | ZW3: Reason | ZY3: Number of Eggs | ZZ3: Weight | AAA3: Average Weight | AAB3: Non Layer | AAC3: Number of Rejects | AAD3: Reason | AAF3: Number of Eggs | AAG3: Weight | AAH3: Average Weight | AAI3: Non Layer | AAJ3: Number of Rejects | AAK3: Reason | AAM3: Number of Eggs | AAN3: Weight | AAO3: Average Weight | AAP3: Non Layer | AAQ3: Number of Rejects | AAR3: Reason | AAT3: Number of Eggs | AAU3: Weight | AAV3: Average Weight | AAW3: Non Layer | AAX3: Number of Rejects | AAY3: Reason | ABA3: Number of Eggs | ABB3: Weight | ABC3: Average Weight | ABD3: Non Layer | ABE3: Number of Rejects | ABF3: Reason | ABH3: Bird # | ABI3: Number of Eggs | ABJ3: Ave eggs | ABK3: Weight | ABL3: Average Weight | ABM3: Number of Rejects | ABN3: %HDE_ | ABP3: Number of Eggs | ABQ3: Weight | ABR3: Average Weight | ABS3: Non Layer | ABT3: Number of Rejects | ABU3: Reason | ABW3: Number of Eggs | ABX3: Weight | ABY3: Average Weight | ABZ3: Non Layer | ACA3: Number of Rejects | ACB3: Reason | ACD3: Number of Eggs | ACE3: Weight | ACF3: Average Weight | ACG3: Non Layer | ACH3: Number of Rejects | ACI3: Reason | ACK3: Number of Eggs | ACL3: Weight | ACM3: Average Weight | ACN3: Non Layer | ACO3: Number of Rejects | ACP3: Reason | ACR3: Number of Eggs | ACS3: Weight | ACT3: Average Weight | ACU3: Non Layer | ACV3: Number of Rejects | ACW3: Reason | ACY3: Number of Eggs | ACZ3: Weight | ADA3: Average Weight | ADB3: Non Layer | ADC3: Number of Rejects | ADD3: Reason | ADF3: Number of Eggs | ADG3: Weight | ADH3: Average Weight | ADI3: Non Layer | ADJ3: Number of Rejects | ADK3: Reason | ADM3: Bird # | ADN3: Number of Eggs | ADO3: Ave eggs | ADP3: Weight | ADQ3: Average Weight | ADR3: Number of Rejects | ADS3: %HDE_ | ADU3: Number of Eggs | ADV3: Weight | ADW3: Average Weight | ADX3: Non Layer | ADY3: Number of Rejects | ADZ3: Reason | AEB3: Number of Eggs | AEC3: Weight | AED3: Average Weight | AEE3: Non Layer | AEF3: Number of Rejects | AEG3: Reason | AEI3: Number of Eggs | AEJ3: Weight | AEK3: Average Weight | AEL3: Non Layer | AEM3: Number of Rejects | AEN3: Reason | AEP3: Number of Eggs | AEQ3: Weight | AER3: Average Weight | AES3: Non Layer | AET3: Number of Rejects | AEU3: Reason | AEW3: Number of Eggs | AEX3: Weight | AEY3: Average Weight | AEZ3: Non Layer | AFA3: Number of Rejects | AFB3: Reason | AFD3: Number of Eggs | AFE3: Weight | AFF3: Average Weight | AFG3: Non Layer | AFH3: Number of Rejects | AFI3: Reason | AFK3: Number of Eggs | AFL3: Weight | AFM3: Average Weight | AFN3: Non Layer | AFO3: Number of Rejects | AFP3: Reason | AFR3: Bird # | AFS3: Number of Eggs | AFT3: Ave eggs | AFU3: Weight | AFV3: Average Weight | AFW3: Number of Rejects | AFX3: %HDE_ | AFZ3: Number of Eggs | AGA3: Weight | AGB3: Average Weight | AGC3: Non Layer | AGD3: Number of Rejects | AGE3: Reason | AGG3: Number of Eggs | AGH3: Weight | AGI3: Average Weight | AGJ3: Non Layer | AGK3: Number of Rejects | AGL3: Reason | AGN3: Number of Eggs | AGO3: Weight | AGP3: Average Weight | AGQ3: Non Layer | AGR3: Number of Rejects | AGS3: Reason | AGU3: Number of Eggs | AGV3: Weight | AGW3: Average Weight | AGX3: Non Layer | AGY3: Number of Rejects | AGZ3: Reason | AHB3: Number of Eggs | AHC3: Weight | AHD3: Average Weight | AHE3: Non Layer | AHF3: Number of Rejects | AHG3: Reason | AHI3: Number of Eggs | AHJ3: Weight | AHK3: Average Weight | AHL3: Non Layer | AHM3: Number of Rejects | AHN3: Reason | AHP3: Number of Eggs | AHQ3: Weight | AHR3: Average Weight | AHS3: Non Layer | AHT3: Number of Rejects | AHU3: Reason | AHW3: Bird # | AHX3: Number of Eggs | AHY3: Ave eggs | AHZ3: Weight | AIA3: Average Weight | AIB3: Number of Rejects | AIC3: %HDE_ | AIE3: Number of Eggs | AIF3: Weight | AIG3: Average Weight | AIH3: Non Layer | AII3: Number of Rejects | AIJ3: Reason | AIL3: Number of Eggs | AIM3: Weight | AIN3: Average Weight | AIO3: Non Layer | AIP3: Number of Rejects | AIQ3: Reason | AIS3: Number of Eggs | AIT3: Weight | AIU3: Average Weight | AIV3: Non Layer | AIW3: Number of Rejects | AIX3: Reason | AIZ3: Number of Eggs | AJA3: Weight | AJB3: Average Weight | AJC3: Non Layer | AJD3: Number of Rejects | AJE3: Reason | AJG3: Number of Eggs | AJH3: Weight | AJI3: Average Weight | AJJ3: Non Layer | AJK3: Number of Rejects | AJL3: Reason | AJN3: Number of Eggs | AJO3: Weight | AJP3: Average Weight | AJQ3: Non Layer | AJR3: Number of Rejects | AJS3: Reason | AJU3: Number of Eggs | AJV3: Weight | AJW3: Average Weight | AJX3: Non Layer | AJY3: Number of Rejects | AJZ3: Reason | AKB3: Bird # | AKC3: Number of Eggs | AKD3: Ave eggs | AKE3: Weight | AKF3: Average Weight | AKG3: Number of Rejects | AKH3: %HDE_ | AKJ3: Number of Eggs | AKK3: Weight | AKL3: Average Weight | AKM3: Non Layer | AKN3: Number of Rejects | AKO3: Reason | AKQ3: Number of Eggs | AKR3: Weight | AKS3: Average Weight | AKT3: Non Layer | AKU3: Number of Rejects | AKV3: Reason | AKX3: Number of Eggs | AKY3: Weight | AKZ3: Average Weight | ALA3: Non Layer | ALB3: Number of Rejects | ALC3: Reason | ALE3: Number of Eggs | ALF3: Weight | ALG3: Average Weight | ALH3: Non Layer | ALI3: Number of Rejects | ALJ3: Reason | ALL3: Number of Eggs | ALM3: Weight | ALN3: Average Weight | ALO3: Non Layer | ALP3: Number of Rejects | ALQ3: Reason | ALS3: Number of Eggs | ALT3: Weight | ALU3: Average Weight | ALV3: Non Layer | ALW3: Number of Rejects | ALX3: Reason | ALZ3: Number of Eggs | AMA3: Weight | AMB3: Average Weight | AMC3: Non Layer | AMD3: Number of Rejects | AME3: Reason | AMG3: Bird # | AMH3: Number of Eggs | AMI3: Ave eggs | AMJ3: Weight | AMK3: Average Weight | AML3: Number of Rejects | AMM3: %HDE_ | AMO3: Number of Eggs | AMP3: Weight | AMQ3: Average Weight | AMR3: Non Layer | AMS3: Number of Rejects | AMT3: Reason | AMV3: Number of Eggs | AMW3: Weight | AMX3: Average Weight | AMY3: Non Layer | AMZ3: Number of Rejects | ANA3: Reason | ANC3: Number of Eggs | AND3: Weight | ANE3: Average Weight | ANF3: Non Layer | ANG3: Number of Rejects | ANH3: Reason | ANJ3: Number of Eggs | ANK3: Weight | ANL3: Average Weight | ANM3: Non Layer | ANN3: Number of Rejects | ANO3: Reason | ANQ3: Number of Eggs | ANR3: Weight | ANS3: Average Weight | ANT3: Non Layer | ANU3: Number of Rejects | ANV3: Reason | ANX3: Number of Eggs | ANY3: Weight | ANZ3: Average Weight | AOA3: Non Layer | AOB3: Number of Rejects | AOC3: Reason | AOE3: Number of Eggs | AOF3: Weight | AOG3: Average Weight | AOH3: Non Layer | AOI3: Number of Rejects | AOJ3: Reason | AOL3: Bird # | AOM3: Number of Eggs | AON3: Ave eggs | AOO3: Weight | AOP3: Average Weight | AOQ3: Number of Rejects | AOR3: %HDE_ | AOT3: Number of Eggs | AOU3: Weight | AOV3: Average Weight | AOW3: Non Layer | AOX3: Number of Rejects | AOY3: Reason | APA3: Number of Eggs | APB3: Weight | APC3: Average Weight | APD3: Non Layer | APE3: Number of Rejects | APF3: Reason | APH3: Number of Eggs | API3: Weight | APJ3: Average Weight | APK3: Non Layer | APL3: Number of Rejects | APM3: Reason | APO3: Number of Eggs | APP3: Weight | APQ3: Average Weight | APR3: Non Layer | APS3: Number of Rejects | APT3: Reason | APV3: Number of Eggs | APW3: Weight | APX3: Average Weight | APY3: Non Layer | APZ3: Number of Rejects | AQA3: Reason | AQC3: Number of Eggs | AQD3: Weight | AQE3: Average Weight | AQF3: Non Layer | AQG3: Number of Rejects | AQH3: Reason | AQJ3: Number of Eggs | AQK3: Weight | AQL3: Average Weight | AQM3: Non Layer | AQN3: Number of Rejects | AQO3: Reason | AQQ3: Bird # | AQR3: Number of Eggs | AQS3: Ave eggs | AQT3: Weight | AQU3: Average Weight | AQV3: Number of Rejects | AQW3: %HDE_ | AQY3: Number of Eggs | AQZ3: Weight | ARA3: Average Weight | ARB3: Non Layer | ARC3: Number of Rejects | ARD3: Reason | ARF3: Number of Eggs | ARG3: Weight | ARH3: Average Weight | ARI3: Non Layer | ARJ3: Number of Rejects | ARK3: Reason | ARM3: Number of Eggs | ARN3: Weight | ARO3: Average Weight | ARP3: Non Layer | ARQ3: Number of Rejects | ARR3: Reason | ART3: Number of Eggs | ARU3: Weight | ARV3: Average Weight | ARW3: Non Layer | ARX3: Number of Rejects | ARY3: Reason | ASA3: Number of Eggs | ASB3: Weight | ASC3: Average Weight | ASD3: Non Layer | ASE3: Number of Rejects | ASF3: Reason | ASH3: Number of Eggs | ASI3: Weight | ASJ3: Average Weight | ASK3: Non Layer | ASL3: Number of Rejects | ASM3: Reason | ASO3: Number of Eggs | ASP3: Weight | ASQ3: Average Weight | ASR3: Non Layer | ASS3: Number of Rejects | AST3: Reason | ASV3: Bird # | ASW3: Number of Eggs | ASX3: Ave eggs | ASY3: Weight | ASZ3: Average Weight | ATA3: Number of Rejects | ATB3: %HDE_ | ATD3: Number of Eggs | ATE3: Weight | ATF3: Average Weight | ATG3: Non Layer | ATH3: Number of Rejects | ATI3: Reason | ATK3: Number of Eggs | ATL3: Weight | ATM3: Average Weight | ATN3: Non Layer | ATO3: Number of Rejects | ATP3: Reason | ATR3: Number of Eggs | ATS3: Weight | ATT3: Average Weight | ATU3: Non Layer | ATV3: Number of Rejects | ATW3: Reason | ATY3: Number of Eggs | ATZ3: Weight | AUA3: Average Weight | AUB3: Non Layer | AUC3: Number of Rejects | AUD3: Reason | AUF3: Number of Eggs | AUG3: Weight | AUH3: Average Weight | AUI3: Non Layer | AUJ3: Number of Rejects | AUK3: Reason | AUM3: Number of Eggs | AUN3: Weight | AUO3: Average Weight | AUP3: Non Layer | AUQ3: Number of Rejects | AUR3: Reason | AUT3: Number of Eggs | AUU3: Weight | AUV3: Average Weight | AUW3: Non Layer | AUX3: Number of Rejects | AUY3: Reason | AVA3: Bird # | AVB3: Number of Eggs | AVC3: Ave eggs | AVD3: Weight | AVE3: Average Weight | AVF3: Number of Rejects | AVG3: %HDE_ | AVI3: Number of Eggs | AVJ3: Weight | AVK3: Average Weight | AVL3: Non Layer | AVM3: Number of Rejects | AVN3: Reason | AVP3: Number of Eggs | AVQ3: Weight | AVR3: Average Weight | AVS3: Non Layer | AVT3: Number of Rejects | AVU3: Reason | AVW3: Number of Eggs | AVX3: Weight | AVY3: Average Weight | AVZ3: Non Layer | AWA3: Number of Rejects | AWB3: Reason | AWD3: Number of Eggs | AWE3: Weight | AWF3: Average Weight | AWG3: Non Layer | AWH3: Number of Rejects | AWI3: Reason | AWK3: Number of Eggs | AWL3: Weight | AWM3: Average Weight | AWN3: Non Layer | AWO3: Number of Rejects | AWP3: Reason | AWR3: Number of Eggs | AWS3: Weight | AWT3: Average Weight | AWU3: Non Layer | AWV3: Number of Rejects | AWW3: Reason | AWY3: Number of Eggs | AWZ3: Weight | AXA3: Average Weight | AXB3: Non Layer | AXC3: Number of Rejects | AXD3: Reason | AXF3: Bird # | AXG3: Number of Eggs | AXH3: Ave eggs | AXI3: Weight | AXJ3: Average Weight | AXK3: Number of Rejects | AXL3: %HDE_ | AXN3: Number of Eggs | AXO3: Weight | AXP3: Average Weight | AXQ3: Non Layer | AXR3: Number of Rejects | AXS3: Reason | AXU3: Number of Eggs | AXV3: Weight | AXW3: Average Weight | AXX3: Non Layer | AXY3: Number of Rejects | AXZ3: Reason | AYB3: Number of Eggs | AYC3: Weight | AYD3: Average Weight | AYE3: Non Layer | AYF3: Number of Rejects | AYG3: Reason | AYI3: Number of Eggs | AYJ3: Weight | AYK3: Average Weight | AYL3: Non Layer | AYM3: Number of Rejects | AYN3: Reason | AYP3: Number of Eggs | AYQ3: Weight | AYR3: Average Weight | AYS3: Non Layer | AYT3: Number of Rejects | AYU3: Reason | AYW3: Number of Eggs | AYX3: Weight | AYY3: Average Weight | AYZ3: Non Layer | AZA3: Number of Rejects | AZB3: Reason | AZD3: Number of Eggs | AZE3: Weight | AZF3: Average Weight | AZG3: Non Layer | AZH3: Number of Rejects | AZI3: Reason | AZK3: Bird # | AZL3: Number of Eggs | AZM3: Ave eggs | AZN3: Weight | AZO3: Average Weight | AZP3: Number of Rejects | AZQ3: %HDE_ | AZS3: Number of Eggs | AZT3: Weight | AZU3: Average Weight | AZV3: Non Layer | AZW3: Number of Rejects | AZX3: Reason | AZZ3: Number of Eggs | BAA3: Weight | BAB3: Average Weight | BAC3: Non Layer | BAD3: Number of Rejects | BAE3: Reason | BAG3: Number of Eggs | BAH3: Weight | BAI3: Average Weight | BAJ3: Non Layer | BAK3: Number of Rejects | BAL3: Reason | BAN3: Number of Eggs | BAO3: Weight | BAP3: Average Weight | BAQ3: Non Layer | BAR3: Number of Rejects | BAS3: Reason | BAU3: Number of Eggs | BAV3: Weight | BAW3: Average Weight | BAX3: Non Layer | BAY3: Number of Rejects | BAZ3: Reason | BBB3: Number of Eggs | BBC3: Weight | BBD3: Average Weight | BBE3: Non Layer | BBF3: Number of Rejects | BBG3: Reason | BBI3: Number of Eggs | BBJ3: Weight | BBK3: Average Weight | BBL3: Non Layer | BBM3: Number of Rejects | BBN3: Reason | BBP3: Bird # | BBQ3: Number of Eggs | BBR3: Ave eggs | BBS3: Weight | BBT3: Average Weight | BBU3: Number of Rejects | BBV3: %HDE_ | BBX3: Number of Eggs | BBY3: Weight | BBZ3: Average Weight | BCA3: Non Layer | BCB3: Number of Rejects | BCC3: Reason | BCE3: Number of Eggs | BCF3: Weight | BCG3: Average Weight | BCH3: Non Layer | BCI3: Number of Rejects | BCJ3: Reason | BCL3: Number of Eggs | BCM3: Weight | BCN3: Average Weight | BCO3: Non Layer | BCP3: Number of Rejects | BCQ3: Reason | BCS3: Number of Eggs | BCT3: Weight | BCU3: Average Weight | BCV3: Non Layer | BCW3: Number of Rejects | BCX3: Reason | BCZ3: Number of Eggs | BDA3: Weight | BDB3: Average Weight | BDC3: Non Layer | BDD3: Number of Rejects | BDE3: Reason | BDG3: Number of Eggs | BDH3: Weight | BDI3: Average Weight | BDJ3: Non Layer | BDK3: Number of Rejects | BDL3: Reason | BDN3: Number of Eggs | BDO3: Weight | BDP3: Average Weight | BDQ3: Non Layer | BDR3: Number of Rejects | BDS3: Reason | BDU3: Bird # | BDV3: Number of Eggs | BDW3: Ave eggs | BDX3: Weight | BDY3: Average Weight | BDZ3: Number of Rejects | BEA3: %HDE_ | BEC3: Number of Eggs | BED3: Weight | BEE3: Average Weight | BEF3: Non Layer | BEG3: Number of Rejects | BEH3: Reason | BEJ3: Number of Eggs | BEK3: Weight | BEL3: Average Weight | BEM3: Non Layer | BEN3: Number of Rejects | BEO3: Reason | BEQ3: Number of Eggs | BER3: Weight | BES3: Average Weight | BET3: Non Layer | BEU3: Number of Rejects | BEV3: Reason | BEX3: Number of Eggs | BEY3: Weight | BEZ3: Average Weight | BFA3: Non Layer | BFB3: Number of Rejects | BFC3: Reason | BFE3: Number of Eggs | BFF3: Weight | BFG3: Average Weight | BFH3: Non Layer | BFI3: Number of Rejects | BFJ3: Reason | BFL3: Number of Eggs | BFM3: Weight | BFN3: Average Weight | BFO3: Non Layer | BFP3: Number of Rejects | BFQ3: Reason | BFS3: Number of Eggs | BFT3: Weight | BFU3: Average Weight | BFV3: Non Layer | BFW3: Number of Rejects | BFX3: Reason | BFZ3: Bird # | BGA3: Number of Eggs | BGB3: Ave eggs | BGC3: Weight | BGD3: Average Weight | BGE3: Number of Rejects | BGF3: %HDE_ | BGH3: Number of Eggs | BGI3: Weight | BGJ3: Average Weight | BGK3: Non Layer | BGL3: Number of Rejects | BGM3: Reason | BGO3: Number of Eggs | BGP3: Weight | BGQ3: Average Weight | BGR3: Non Layer | BGS3: Number of Rejects | BGT3: Reason | BGV3: Number of Eggs | BGW3: Weight | BGX3: Average Weight | BGY3: Non Layer | BGZ3: Number of Rejects | BHA3: Reason | BHC3: Number of Eggs | BHD3: Weight | BHE3: Average Weight | BHF3: Non Layer | BHG3: Number of Rejects | BHH3: Reason | BHJ3: Number of Eggs | BHK3: Weight | BHL3: Average Weight | BHM3: Non Layer | BHN3: Number of Rejects | BHO3: Reason | BHQ3: Number of Eggs | BHR3: Weight | BHS3: Average Weight | BHT3: Non Layer | BHU3: Number of Rejects | BHV3: Reason | BHX3: Number of Eggs | BHY3: Weight | BHZ3: Average Weight | BIA3: Non Layer | BIB3: Number of Rejects | BIC3: Reason | BIE3: Bird # | BIF3: Number of Eggs | BIG3: Ave eggs | BIH3: Weight | BII3: Average Weight | BIJ3: Number of Rejects | BIK3: %HDE_ | BIM3: Number of Eggs | BIN3: Weight | BIO3: Average Weight | BIP3: Non Layer | BIQ3: Number of Rejects | BIR3: Reason | BIT3: Number of Eggs | BIU3: Weight | BIV3: Average Weight | BIW3: Non Layer | BIX3: Number of Rejects | BIY3: Reason | BJA3: Number of Eggs | BJB3: Weight | BJC3: Average Weight | BJD3: Non Layer | BJE3: Number of Rejects | BJF3: Reason | BJH3: Number of Eggs | BJI3: Weight | BJJ3: Average Weight | BJK3: Non Layer | BJL3: Number of Rejects | BJM3: Reason | BJO3: Number of Eggs | BJP3: Weight | BJQ3: Average Weight | BJR3: Non Layer | BJS3: Number of Rejects | BJT3: Reason | BJV3: Number of Eggs | BJW3: Weight | BJX3: Average Weight | BJY3: Non Layer | BJZ3: Number of Rejects | BKA3: Reason | BKC3: Number of Eggs | BKD3: Weight | BKE3: Average Weight | BKF3: Non Layer | BKG3: Number of Rejects | BKH3: Reason | BKJ3: Bird # | BKK3: Number of Eggs | BKL3: Ave eggs | BKM3: Weight | BKN3: Average Weight | BKO3: Number of Rejects | BKP3: %HDE_ | BKR3: Number of Eggs | BKS3: Weight | BKT3: Average Weight | BKU3: Non Layer | BKV3: Number of Rejects | BKW3: Reason | BKY3: Number of Eggs | BKZ3: Weight | BLA3: Average Weight | BLB3: Non Layer | BLC3: Number of Rejects | BLD3: Reason | BLF3: Number of Eggs | BLG3: Weight | BLH3: Average Weight | BLI3: Non Layer | BLJ3: Number of Rejects | BLK3: Reason | BLM3: Number of Eggs | BLN3: Weight | BLO3: Average Weight | BLP3: Non Layer | BLQ3: Number of Rejects | BLR3: Reason | BLT3: Number of Eggs | BLU3: Weight | BLV3: Average Weight | BLW3: Non Layer | BLX3: Number of Rejects | BLY3: Reason | BMA3: Number of Eggs | BMB3: Weight | BMC3: Average Weight | BMD3: Non Layer | BME3: Number of Rejects | BMF3: Reason | BMH3: Number of Eggs | BMI3: Weight | BMJ3: Average Weight | BMK3: Non Layer | BML3: Number of Rejects | BMM3: Reason | BMO3: Bird # | BMP3: Number of Eggs | BMQ3: Ave eggs | BMR3: Weight | BMS3: Average Weight | BMT3: Number of Rejects | BMU3: %HDE_ | BMW3: Number of Eggs | BMX3: Weight | BMY3: Average Weight | BMZ3: Non Layer | BNA3: Number of Rejects | BNB3: Reason | BND3: Number of Eggs | BNE3: Weight | BNF3: Average Weight | BNG3: Non Layer | BNH3: Number of Rejects | BNI3: Reason | BNK3: Number of Eggs | BNL3: Weight | BNM3: Average Weight | BNN3: Non Layer | BNO3: Number of Rejects | BNP3: Reason | BNR3: Number of Eggs | BNS3: Weight | BNT3: Average Weight | BNU3: Non Layer | BNV3: Number of Rejects | BNW3: Reason | BNY3: Number of Eggs | BNZ3: Weight | BOA3: Average Weight | BOB3: Non Layer | BOC3: Number of Rejects | BOD3: Reason | BOF3: Number of Eggs | BOG3: Weight | BOH3: Average Weight | BOI3: Non Layer | BOJ3: Number of Rejects | BOK3: Reason | BOM3: Number of Eggs | BON3: Weight | BOO3: Average Weight | BOP3: Non Layer | BOQ3: Number of Rejects | BOR3: Reason | BOT3: Bird # | BOU3: Number of Eggs | BOV3: Ave eggs | BOW3: Weight | BOX3: Average Weight | BOY3: Number of Rejects | BOZ3: %HDE_ | BPB3: Number of Eggs | BPC3: Weight | BPD3: Average Weight | BPE3: Non Layer | BPF3: Number of Rejects | BPG3: Reason | BPI3: Number of Eggs | BPJ3: Weight | BPK3: Average Weight | BPL3: Non Layer | BPM3: Number of Rejects | BPN3: Reason | BPP3: Number of Eggs | BPQ3: Weight | BPR3: Average Weight | BPS3: Non Layer | BPT3: Number of Rejects | BPU3: Reason | BPW3: Number of Eggs | BPX3: Weight | BPY3: Average Weight | BPZ3: Non Layer | BQA3: Number of Rejects | BQB3: Reason | BQD3: Number of Eggs | BQE3: Weight | BQF3: Average Weight | BQG3: Non Layer | BQH3: Number of Rejects | BQI3: Reason | BQK3: Number of Eggs | BQL3: Weight | BQM3: Average Weight | BQN3: Non Layer | BQO3: Number of Rejects | BQP3: Reason | BQR3: Number of Eggs | BQS3: Weight | BQT3: Average Weight | BQU3: Non Layer | BQV3: Number of Rejects | BQW3: Reason | BQY3: Bird # | BQZ3: Number of Eggs | BRA3: Ave eggs | BRB3: Weight | BRC3: Average Weight | BRD3: Number of Rejects | BRE3: %HDE_ | BRG3: Number of Eggs | BRH3: Weight | BRI3: Average Weight | BRJ3: Non Layer | BRK3: Number of Rejects | BRL3: Reason | BRN3: Number of Eggs | BRO3: Weight | BRP3: Average Weight | BRQ3: Non Layer | BRR3: Number of Rejects | BRS3: Reason | BRU3: Number of Eggs | BRV3: Weight | BRW3: Average Weight | BRX3: Non Layer | BRY3: Number of Rejects | BRZ3: Reason | BSB3: Number of Eggs | BSC3: Weight | BSD3: Average Weight | BSE3: Non Layer | BSF3: Number of Rejects | BSG3: Reason | BSI3: Number of Eggs | BSJ3: Weight | BSK3: Average Weight | BSL3: Non Layer | BSM3: Number of Rejects | BSN3: Reason | BSP3: Number of Eggs | BSQ3: Weight | BSR3: Average Weight | BSS3: Non Layer | BST3: Number of Rejects | BSU3: Reason | BSW3: Number of Eggs | BSX3: Weight | BSY3: Average Weight | BSZ3: Non Layer | BTA3: Number of Rejects | BTB3: Reason | BTD3: Bird # | BTE3: Number of Eggs | BTF3: Ave eggs | BTG3: Weight | BTH3: Average Weight | BTI3: Number of Rejects | BTJ3: %HDE_ | BTL3: Number of Eggs | BTM3: Weight | BTN3: Average Weight | BTO3: Non Layer | BTP3: Number of Rejects | BTQ3: Reason | BTS3: Number of Eggs | BTT3: Weight | BTU3: Average Weight | BTV3: Non Layer | BTW3: Number of Rejects | BTX3: Reason | BTZ3: Number of Eggs | BUA3: Weight | BUB3: Average Weight | BUC3: Non Layer | BUD3: Number of Rejects | BUE3: Reason | BUG3: Number of Eggs | BUH3: Weight | BUI3: Average Weight | BUJ3: Non Layer | BUK3: Number of Rejects | BUL3: Reason | BUN3: Number of Eggs | BUO3: Weight | BUP3: Average Weight | BUQ3: Non Layer | BUR3: Number of Rejects | BUS3: Reason | BUU3: Number of Eggs | BUV3: Weight | BUW3: Average Weight | BUX3: Non Layer | BUY3: Number of Rejects | BUZ3: Reason | BVB3: Number of Eggs | BVC3: Weight | BVD3: Average Weight | BVE3: Non Layer | BVF3: Number of Rejects | BVG3: Reason | BVI3: Bird # | BVJ3: Number of Eggs | BVK3: Ave eggs | BVL3: Weight | BVM3: Average Weight | BVN3: Number of Rejects | BVO3: %HDE_ | BVQ3: Number of Eggs | BVR3: Weight | BVS3: Average Weight | BVT3: Non Layer | BVU3: Number of Rejects | BVV3: Reason | BVX3: Number of Eggs | BVY3: Weight | BVZ3: Average Weight | BWA3: Non Layer | BWB3: Number of Rejects | BWC3: Reason | BWE3: Number of Eggs | BWF3: Weight | BWG3: Average Weight | BWH3: Non Layer | BWI3: Number of Rejects | BWJ3: Reason | BWL3: Number of Eggs | BWM3: Weight | BWN3: Average Weight | BWO3: Non Layer | BWP3: Number of Rejects | BWQ3: Reason | BWS3: Number of Eggs | BWT3: Weight | BWU3: Average Weight | BWV3: Non Layer | BWW3: Number of Rejects | BWX3: Reason | BWZ3: Number of Eggs | BXA3: Weight | BXB3: Average Weight | BXC3: Non Layer | BXD3: Number of Rejects | BXE3: Reason | BXG3: Number of Eggs | BXH3: Weight | BXI3: Average Weight | BXJ3: Non Layer | BXK3: Number of Rejects | BXL3: Reason | BXN3: Bird # | BXO3: Number of Eggs | BXP3: Ave eggs | BXQ3: Weight | BXR3: Average Weight | BXS3: Number of Rejects | BXT3: %HDE_ | BXV3: Number of Eggs | BXW3: Weight | BXX3: Average Weight | BXY3: Non Layer | BXZ3: Number of Rejects | BYA3: Reason | BYC3: Number of Eggs | BYD3: Weight | BYE3: Average Weight | BYF3: Non Layer | BYG3: Number of Rejects | BYH3: Reason | BYJ3: Number of Eggs | BYK3: Weight | BYL3: Average Weight | BYM3: Non Layer | BYN3: Number of Rejects | BYO3: Reason | BYQ3: Number of Eggs | BYR3: Weight | BYS3: Average Weight | BYT3: Non Layer | BYU3: Number of Rejects | BYV3: Reason | BYX3: Number of Eggs | BYY3: Weight | BYZ3: Average Weight | BZA3: Non Layer | BZB3: Number of Rejects | BZC3: Reason | BZE3: Number of Eggs | BZF3: Weight | BZG3: Average Weight | BZH3: Non Layer | BZI3: Number of Rejects | BZJ3: Reason | BZL3: Number of Eggs | BZM3: Weight | BZN3: Average Weight | BZO3: Non Layer | BZP3: Number of Rejects | BZQ3: Reason | BZS3: Bird # | BZT3: Number of Eggs | BZU3: Ave eggs | BZV3: Weight | BZW3: Average Weight | BZX3: Number of Rejects | BZY3: %HDE_
A4: 1 | AZ4: 7 | BA4: =C4+J4+Q4+X4+AE4+AL4+AS4 | BB4: =IFERROR(BA4/AZ4/7,"") | BC4: =D4+K4+R4+Y4+AF4+AM4+AT4 | BD4: =IFERROR(BC4/BA4,"") | BE4: =G4+N4+U4+AB4+AI4+AP4+AW4 | BF4: =IFERROR(BA4/AZ4/7,"") | DE4: 7 | DF4: =BH4+BO4+BV4+CC4+CJ4+CQ4+CX4 | DG4: =IFERROR(DF4/DE4/7,"") | DH4: =BI4+BP4+BW4+CD4+CK4+CR4+CY4 | DI4: =IFERROR(DH4/DF4,"") | DJ4: =BL4+BS4+BZ4+CG4+CN4+CU4+DB4 | DK4: =IFERROR(DF4/DE4/7,"") | FJ4: 7 | FK4: =DM4+DT4+EA4+EH4+EO4+EV4+FC4 | FL4: =IFERROR(FK4/FJ4/7,"") | FM4: =DN4+DU4+EB4+EI4+EP4+EW4+FD4 | FN4: =IFERROR(FM4/FK4,"") | FO4: =DQ4+DX4+EE4+EL4+ES4+EZ4+FG4 | FP4: =IFERROR(FK4/FJ4/7,"") | HO4: 7 | HP4: =FR4+FY4+GF4+GM4+GT4+HA4+HH4 | HQ4: =IFERROR(HP4/HO4/7,"") | HR4: =FS4+FZ4+GG4+GN4+GU4+HB4+HI4 | HS4: =IFERROR(HR4/HP4,"") | HT4: =FV4+GC4+GJ4+GQ4+GX4+HE4+HL4 | HU4: =IFERROR(HP4/HO4/7,"") | JT4: 7 | JU4: =HW4+ID4+IK4+IR4+IY4+JF4+JM4 | JV4: =IFERROR(JU4/JT4/7,"") | JW4: =HX4+IE4+IL4+IS4+IZ4+JG4+JN4 | JX4: =IFERROR(JW4/JU4,"") | JY4: =IA4+IH4+IO4+IV4+JC4+JJ4+JQ4 | JZ4: =IFERROR(JU4/JT4/7,"") | LY4: 7 | LZ4: =KB4+KI4+KP4+KW4+LD4+LK4+LR4 | MA4: =IFERROR(LZ4/LY4/7,"") | MB4: =KC4+KJ4+KQ4+KX4+LE4+LL4+LS4 | MC4: =IFERROR(MB4/LZ4,"") | MD4: =KF4+KM4+KT4+LA4+LH4+LO4+LV4 | ME4: =IFERROR(LZ4/LY4/7,"") | OD4: 7 | OE4: =MG4+MN4+MU4+NB4+NI4+NP4+NW4 | OF4: =IFERROR(OE4/OD4/7,"") | OG4: =MH4+MO4+MV4+NC4+NJ4+NQ4+NX4 | OH4: =IFERROR(OG4/OE4,"") | OI4: =MK4+MR4+MY4+NF4+NM4+NT4+OA4 | OJ4: =IFERROR(OE4/OD4/7,"") | QI4: 7 | QJ4: =OL4+OS4+OZ4+PG4+PN4+PU4+QB4 | QK4: =IFERROR(QJ4/QI4/7,"") | QL4: =OM4+OT4+PA4+PH4+PO4+PV4+QC4 | QM4: =IFERROR(QL4/QJ4,"") | QN4: =OP4+OW4+PD4+PK4+PR4+PY4+QF4 | QO4: =IFERROR(QJ4/QI4/7,"") | SN4: 7 | SO4: =QQ4+QX4+RE4+RL4+RS4+RZ4+SG4 | SP4: =IFERROR(SO4/SN4/7,"") | SQ4: =QR4+QY4+RF4+RM4+RT4+SA4+SH4 | SR4: =IFERROR(SQ4/SO4,"") | SS4: =QU4+RB4+RI4+RP4+RW4+SD4+SK4 | ST4: =IFERROR(SO4/SN4/7,"") | US4: 7 | UT4: =SV4+TC4+TJ4+TQ4+TX4+UE4+UL4 | UU4: =IFERROR(UT4/US4/7,"") | UV4: =SW4+TD4+TK4+TR4+TY4+UF4+UM4 | UW4: =IFERROR(UV4/UT4,"") | UX4: =SZ4+TG4+TN4+TU4+UB4+UI4+UP4 | UY4: =IFERROR(UT4/US4/7,"") | WX4: 7 | WY4: =VA4+VH4+VO4+VV4+WC4+WJ4+WQ4 | WZ4: =IFERROR(WY4/WX4/7,"") | XA4: =VB4+VI4+VP4+VW4+WD4+WK4+WR4 | XB4: =IFERROR(XA4/WY4,"") | XC4: =VE4+VL4+VS4+VZ4+WG4+WN4+WU4 | XD4: =IFERROR(WY4/WX4/7,"") | ZC4: 7 | ZD4: =XF4+XM4+XT4+YA4+YH4+YO4+YV4 | ZE4: =IFERROR(ZD4/ZC4/7,"") | ZF4: =XG4+XN4+XU4+YB4+YI4+YP4+YW4 | ZG4: =IFERROR(ZF4/ZD4,"") | ZH4: =XJ4+XQ4+XX4+YE4+YL4+YS4+YZ4 | ZI4: =IFERROR(ZD4/ZC4/7,"") | ABH4: 7 | ABI4: =ZK4+ZR4+ZY4+AAF4+AAM4+AAT4+ABA4 | ABJ4: =IFERROR(ABI4/ABH4/7,"") | ABK4: =ZL4+ZS4+ZZ4+AAG4+AAN4+AAU4+ABB4 | ABL4: =IFERROR(ABK4/ABI4,"") | ABM4: =ZO4+ZV4+AAC4+AAJ4+AAQ4+AAX4+ABE4 | ABN4: =IFERROR(ABI4/ABH4/7,"") | ADM4: 7 | ADN4: =ABP4+ABW4+ACD4+ACK4+ACR4+ACY4+ADF4 | ADO4: =IFERROR(ADN4/ADM4/7,"") | ADP4: =ABQ4+ABX4+ACE4+ACL4+ACS4+ACZ4+ADG4 | ADQ4: =IFERROR(ADP4/ADN4,"") | ADR4: =ABT4+ACA4+ACH4+ACO4+ACV4+ADC4+ADJ4 | ADS4: =IFERROR(ADN4/ADM4/7,"") | AFR4: 7 | AFS4: =ADU4+AEB4+AEI4+AEP4+AEW4+AFD4+AFK4 | AFT4: =IFERROR(AFS4/AFR4/7,"") | AFU4: =ADV4+AEC4+AEJ4+AEQ4+AEX4+AFE4+AFL4 | AFV4: =IFERROR(AFU4/AFS4,"") | AFW4: =ADY4+AEF4+AEM4+AET4+AFA4+AFH4+AFO4 | AFX4: =IFERROR(AFS4/AFR4/7,"") | AHW4: 7 | AHX4: =AFZ4+AGG4+AGN4+AGU4+AHB4+AHI4+AHP4 | AHY4: =IFERROR(AHX4/AHW4/7,"") | AHZ4: =AGA4+AGH4+AGO4+AGV4+AHC4+AHJ4+AHQ4 | AIA4: =IFERROR(AHZ4/AHX4,"") | AIB4: =AGD4+AGK4+AGR4+AGY4+AHF4+AHM4+AHT4 | AIC4: =IFERROR(AHX4/AHW4/7,"") | AKB4: 7 | AKC4: =AIE4+AIL4+AIS4+AIZ4+AJG4+AJN4+AJU4 | AKD4: =IFERROR(AKC4/AKB4/7,"") | AKE4: =AIF4+AIM4+AIT4+AJA4+AJH4+AJO4+AJV4 | AKF4: =IFERROR(AKE4/AKC4,"") | AKG4: =AII4+AIP4+AIW4+AJD4+AJK4+AJR4+AJY4 | AKH4: =IFERROR(AKC4/AKB4/7,"") | AMG4: 7 | AMH4: =AKJ4+AKQ4+AKX4+ALE4+ALL4+ALS4+ALZ4 | AMI4: =IFERROR(AMH4/AMG4/7,"") | AMJ4: =AKK4+AKR4+AKY4+ALF4+ALM4+ALT4+AMA4 | AMK4: =IFERROR(AMJ4/AMH4,"") | AML4: =AKN4+AKU4+ALB4+ALI4+ALP4+ALW4+AMD4 | AMM4: =IFERROR(AMH4/AMG4/7,"") | AOL4: 7 | AOM4: =AMO4+AMV4+ANC4+ANJ4+ANQ4+ANX4+AOE4 | AON4: =IFERROR(AOM4/AOL4/7,"") | AOO4: =AMP4+AMW4+AND4+ANK4+ANR4+ANY4+AOF4 | AOP4: =IFERROR(AOO4/AOM4,"") | AOQ4: =AMS4+AMZ4+ANG4+ANN4+ANU4+AOB4+AOI4 | AOR4: =IFERROR(AOM4/AOL4/7,"") | AQQ4: 7 | AQR4: =AOT4+APA4+APH4+APO4+APV4+AQC4+AQJ4 | AQS4: =IFERROR(AQR4/AQQ4/7,"") | AQT4: =AOU4+APB4+API4+APP4+APW4+AQD4+AQK4 | AQU4: =IFERROR(AQT4/AQR4,"") | AQV4: =AOX4+APE4+APL4+APS4+APZ4+AQG4+AQN4 | AQW4: =IFERROR(AQR4/AQQ4/7,"") | ASV4: 7 | ASW4: =AQY4+ARF4+ARM4+ART4+ASA4+ASH4+ASO4 | ASX4: =IFERROR(ASW4/ASV4/7,"") | ASY4: =AQZ4+ARG4+ARN4+ARU4+ASB4+ASI4+ASP4 | ASZ4: =IFERROR(ASY4/ASW4,"") | ATA4: =ARC4+ARJ4+ARQ4+ARX4+ASE4+ASL4+ASS4 | ATB4: =IFERROR(ASW4/ASV4/7,"") | AVA4: 7 | AVB4: =ATD4+ATK4+ATR4+ATY4+AUF4+AUM4+AUT4 | AVC4: =IFERROR(AVB4/AVA4/7,"") | AVD4: =ATE4+ATL4+ATS4+ATZ4+AUG4+AUN4+AUU4 | AVE4: =IFERROR(AVD4/AVB4,"") | AVF4: =ATH4+ATO4+ATV4+AUC4+AUJ4+AUQ4+AUX4 | AVG4: =IFERROR(AVB4/AVA4/7,"") | AXF4: 7 | AXG4: =AVI4+AVP4+AVW4+AWD4+AWK4+AWR4+AWY4 | AXH4: =IFERROR(AXG4/AXF4/7,"") | AXI4: =AVJ4+AVQ4+AVX4+AWE4+AWL4+AWS4+AWZ4 | AXJ4: =IFERROR(AXI4/AXG4,"") | AXK4: =AVM4+AVT4+AWA4+AWH4+AWO4+AWV4+AXC4 | AXL4: =IFERROR(AXG4/AXF4/7,"") | AZK4: 7 | AZL4: =AXN4+AXU4+AYB4+AYI4+AYP4+AYW4+AZD4 | AZM4: =IFERROR(AZL4/AZK4/7,"") | AZN4: =AXO4+AXV4+AYC4+AYJ4+AYQ4+AYX4+AZE4 | AZO4: =IFERROR(AZN4/AZL4,"") | AZP4: =AXR4+AXY4+AYF4+AYM4+AYT4+AZA4+AZH4 | AZQ4: =IFERROR(AZL4/AZK4/7,"") | BBP4: 7 | BBQ4: =AZS4+AZZ4+BAG4+BAN4+BAU4+BBB4+BBI4 | BBR4: =IFERROR(BBQ4/BBP4/7,"") | BBS4: =AZT4+BAA4+BAH4+BAO4+BAV4+BBC4+BBJ4 | BBT4: =IFERROR(BBS4/BBQ4,"") | BBU4: =AZW4+BAD4+BAK4+BAR4+BAY4+BBF4+BBM4 | BBV4: =IFERROR(BBQ4/BBP4/7,"") | BDU4: 7 | BDV4: =BBX4+BCE4+BCL4+BCS4+BCZ4+BDG4+BDN4 | BDW4: =IFERROR(BDV4/BDU4/7,"") | BDX4: =BBY4+BCF4+BCM4+BCT4+BDA4+BDH4+BDO4 | BDY4: =IFERROR(BDX4/BDV4,"") | BDZ4: =BCB4+BCI4+BCP4+BCW4+BDD4+BDK4+BDR4 | BEA4: =IFERROR(BDV4/BDU4/7,"") | BFZ4: 7 | BGA4: =BEC4+BEJ4+BEQ4+BEX4+BFE4+BFL4+BFS4 | BGB4: =IFERROR(BGA4/BFZ4/7,"") | BGC4: =BED4+BEK4+BER4+BEY4+BFF4+BFM4+BFT4 | BGD4: =IFERROR(BGC4/BGA4,"") | BGE4: =BEG4+BEN4+BEU4+BFB4+BFI4+BFP4+BFW4 | BGF4: =IFERROR(BGA4/BFZ4/7,"") | BIE4: 7 | BIF4: =BGH4+BGO4+BGV4+BHC4+BHJ4+BHQ4+BHX4 | BIG4: =IFERROR(BIF4/BIE4/7,"") | BIH4: =BGI4+BGP4+BGW4+BHD4+BHK4+BHR4+BHY4 | BII4: =IFERROR(BIH4/BIF4,"") | BIJ4: =BGL4+BGS4+BGZ4+BHG4+BHN4+BHU4+BIB4 | BIK4: =IFERROR(BIF4/BIE4/7,"") | BKJ4: 7 | BKK4: =BIM4+BIT4+BJA4+BJH4+BJO4+BJV4+BKC4 | BKL4: =IFERROR(BKK4/BKJ4/7,"") | BKM4: =BIN4+BIU4+BJB4+BJI4+BJP4+BJW4+BKD4 | BKN4: =IFERROR(BKM4/BKK4,"") | BKO4: =BIQ4+BIX4+BJE4+BJL4+BJS4+BJZ4+BKG4 | BKP4: =IFERROR(BKK4/BKJ4/7,"") | BMO4: 7 | BMP4: =BKR4+BKY4+BLF4+BLM4+BLT4+BMA4+BMH4 | BMQ4: =IFERROR(BMP4/BMO4/7,"") | BMR4: =BKS4+BKZ4+BLG4+BLN4+BLU4+BMB4+BMI4 | BMS4: =IFERROR(BMR4/BMP4,"") | BMT4: =BKV4+BLC4+BLJ4+BLQ4+BLX4+BME4+BML4 | BMU4: =IFERROR(BMP4/BMO4/7,"") | BOT4: 7 | BOU4: =BMW4+BND4+BNK4+BNR4+BNY4+BOF4+BOM4 | BOV4: =IFERROR(BOU4/BOT4/7,"") | BOW4: =BMX4+BNE4+BNL4+BNS4+BNZ4+BOG4+BON4 | BOX4: =IFERROR(BOW4/BOU4,"") | BOY4: =BNA4+BNH4+BNO4+BNV4+BOC4+BOJ4+BOQ4 | BOZ4: =IFERROR(BOU4/BOT4/7,"") | BQY4: 7 | BQZ4: =BPB4+BPI4+BPP4+BPW4+BQD4+BQK4+BQR4 | BRA4: =IFERROR(BQZ4/BQY4/7,"") | BRB4: =BPC4+BPJ4+BPQ4+BPX4+BQE4+BQL4+BQS4 | BRC4: =IFERROR(BRB4/BQZ4,"") | BRD4: =BPF4+BPM4+BPT4+BQA4+BQH4+BQO4+BQV4 | BRE4: =IFERROR(BQZ4/BQY4/7,"") | BTD4: 7 | BTE4: =BRG4+BRN4+BRU4+BSB4+BSI4+BSP4+BSW4 | BTF4: =IFERROR(BTE4/BTD4/7,"") | BTG4: =BRH4+BRO4+BRV4+BSC4+BSJ4+BSQ4+BSX4 | BTH4: =IFERROR(BTG4/BTE4,"") | BTI4: =BRK4+BRR4+BRY4+BSF4+BSM4+BST4+BTA4 | BTJ4: =IFERROR(BTE4/BTD4/7,"") | BVI4: 7 | BVJ4: =BTL4+BTS4+BTZ4+BUG4+BUN4+BUU4+BVB4 | BVK4: =IFERROR(BVJ4/BVI4/7,"") | BVL4: =BTM4+BTT4+BUA4+BUH4+BUO4+BUV4+BVC4 | BVM4: =IFERROR(BVL4/BVJ4,"") | BVN4: =BTP4+BTW4+BUD4+BUK4+BUR4+BUY4+BVF4 | BVO4: =IFERROR(BVJ4/BVI4/7,"") | BXN4: 7 | BXO4: =BVQ4+BVX4+BWE4+BWL4+BWS4+BWZ4+BXG4 | BXP4: =IFERROR(BXO4/BXN4/7,"") | BXQ4: =BVR4+BVY4+BWF4+BWM4+BWT4+BXA4+BXH4 | BXR4: =IFERROR(BXQ4/BXO4,"") | BXS4: =BVU4+BWB4+BWI4+BWP4+BWW4+BXD4+BXK4 | BXT4: =IFERROR(BXO4/BXN4/7,"") | BZS4: 7 | BZT4: =BXV4+BYC4+BYJ4+BYQ4+BYX4+BZE4+BZL4 | BZU4: =IFERROR(BZT4/BZS4/7,"") | BZV4: =BXW4+BYD4+BYK4+BYR4+BYY4+BZF4+BZM4 | BZW4: =IFERROR(BZV4/BZT4,"") | BZX4: =BXZ4+BYG4+BYN4+BYU4+BZB4+BZI4+BZP4 | BZY4: =IFERROR(BZT4/BZS4/7,"")
A5: 2 | AZ5: 7 | BA5: =C5+J5+Q5+X5+AE5+AL5+AS5 | BB5: =IFERROR(BA5/AZ5/7,"") | BC5: =D5+K5+R5+Y5+AF5+AM5+AT5 | BD5: =IFERROR(BC5/BA5,"") | BE5: =G5+N5+U5+AB5+AI5+AP5+AW5 | BF5: =IFERROR(BA5/AZ5/7,"") | DE5: 7 | DF5: =BH5+BO5+BV5+CC5+CJ5+CQ5+CX5 | DG5: =IFERROR(DF5/DE5/7,"") | DH5: =BI5+BP5+BW5+CD5+CK5+CR5+CY5 | DI5: =IFERROR(DH5/DF5,"") | DJ5: =BL5+BS5+BZ5+CG5+CN5+CU5+DB5 | DK5: =IFERROR(DF5/DE5/7,"") | FJ5: 7 | FK5: =DM5+DT5+EA5+EH5+EO5+EV5+FC5 | FL5: =IFERROR(FK5/FJ5/7,"") | FM5: =DN5+DU5+EB5+EI5+EP5+EW5+FD5 | FN5: =IFERROR(FM5/FK5,"") | FO5: =DQ5+DX5+EE5+EL5+ES5+EZ5+FG5 | FP5: =IFERROR(FK5/FJ5/7,"") | HO5: 7 | HP5: =FR5+FY5+GF5+GM5+GT5+HA5+HH5 | HQ5: =IFERROR(HP5/HO5/7,"") | HR5: =FS5+FZ5+GG5+GN5+GU5+HB5+HI5 | HS5: =IFERROR(HR5/HP5,"") | HT5: =FV5+GC5+GJ5+GQ5+GX5+HE5+HL5 | HU5: =IFERROR(HP5/HO5/7,"") | JT5: 7 | JU5: =HW5+ID5+IK5+IR5+IY5+JF5+JM5 | JV5: =IFERROR(JU5/JT5/7,"") | JW5: =HX5+IE5+IL5+IS5+IZ5+JG5+JN5 | JX5: =IFERROR(JW5/JU5,"") | JY5: =IA5+IH5+IO5+IV5+JC5+JJ5+JQ5 | JZ5: =IFERROR(JU5/JT5/7,"") | LY5: 7 | LZ5: =KB5+KI5+KP5+KW5+LD5+LK5+LR5 | MA5: =IFERROR(LZ5/LY5/7,"") | MB5: =KC5+KJ5+KQ5+KX5+LE5+LL5+LS5 | MC5: =IFERROR(MB5/LZ5,"") | MD5: =KF5+KM5+KT5+LA5+LH5+LO5+LV5 | ME5: =IFERROR(LZ5/LY5/7,"") | OD5: 7 | OE5: =MG5+MN5+MU5+NB5+NI5+NP5+NW5 | OF5: =IFERROR(OE5/OD5/7,"") | OG5: =MH5+MO5+MV5+NC5+NJ5+NQ5+NX5 | OH5: =IFERROR(OG5/OE5,"") | OI5: =MK5+MR5+MY5+NF5+NM5+NT5+OA5 | OJ5: =IFERROR(OE5/OD5/7,"") | QI5: 7 | QJ5: =OL5+OS5+OZ5+PG5+PN5+PU5+QB5 | QK5: =IFERROR(QJ5/QI5/7,"") | QL5: =OM5+OT5+PA5+PH5+PO5+PV5+QC5 | QM5: =IFERROR(QL5/QJ5,"") | QN5: =OP5+OW5+PD5+PK5+PR5+PY5+QF5 | QO5: =IFERROR(QJ5/QI5/7,"") | SN5: 7 | SO5: =QQ5+QX5+RE5+RL5+RS5+RZ5+SG5 | SP5: =IFERROR(SO5/SN5/7,"") | SQ5: =QR5+QY5+RF5+RM5+RT5+SA5+SH5 | SR5: =IFERROR(SQ5/SO5,"") | SS5: =QU5+RB5+RI5+RP5+RW5+SD5+SK5 | ST5: =IFERROR(SO5/SN5/7,"") | US5: 7 | UT5: =SV5+TC5+TJ5+TQ5+TX5+UE5+UL5 | UU5: =IFERROR(UT5/US5/7,"") | UV5: =SW5+TD5+TK5+TR5+TY5+UF5+UM5 | UW5: =IFERROR(UV5/UT5,"") | UX5: =SZ5+TG5+TN5+TU5+UB5+UI5+UP5 | UY5: =IFERROR(UT5/US5/7,"") | WX5: 7 | WY5: =VA5+VH5+VO5+VV5+WC5+WJ5+WQ5 | WZ5: =IFERROR(WY5/WX5/7,"") | XA5: =VB5+VI5+VP5+VW5+WD5+WK5+WR5 | XB5: =IFERROR(XA5/WY5,"") | XC5: =VE5+VL5+VS5+VZ5+WG5+WN5+WU5 | XD5: =IFERROR(WY5/WX5/7,"") | ZC5: 7 | ZD5: =XF5+XM5+XT5+YA5+YH5+YO5+YV5 | ZE5: =IFERROR(ZD5/ZC5/7,"") | ZF5: =XG5+XN5+XU5+YB5+YI5+YP5+YW5 | ZG5: =IFERROR(ZF5/ZD5,"") | ZH5: =XJ5+XQ5+XX5+YE5+YL5+YS5+YZ5 | ZI5: =IFERROR(ZD5/ZC5/7,"") | ABH5: 7 | ABI5: =ZK5+ZR5+ZY5+AAF5+AAM5+AAT5+ABA5 | ABJ5: =IFERROR(ABI5/ABH5/7,"") | ABK5: =ZL5+ZS5+ZZ5+AAG5+AAN5+AAU5+ABB5 | ABL5: =IFERROR(ABK5/ABI5,"") | ABM5: =ZO5+ZV5+AAC5+AAJ5+AAQ5+AAX5+ABE5 | ABN5: =IFERROR(ABI5/ABH5/7,"") | ADM5: 7 | ADN5: =ABP5+ABW5+ACD5+ACK5+ACR5+ACY5+ADF5 | ADO5: =IFERROR(ADN5/ADM5/7,"") | ADP5: =ABQ5+ABX5+ACE5+ACL5+ACS5+ACZ5+ADG5 | ADQ5: =IFERROR(ADP5/ADN5,"") | ADR5: =ABT5+ACA5+ACH5+ACO5+ACV5+ADC5+ADJ5 | ADS5: =IFERROR(ADN5/ADM5/7,"") | AFR5: 7 | AFS5: =ADU5+AEB5+AEI5+AEP5+AEW5+AFD5+AFK5 | AFT5: =IFERROR(AFS5/AFR5/7,"") | AFU5: =ADV5+AEC5+AEJ5+AEQ5+AEX5+AFE5+AFL5 | AFV5: =IFERROR(AFU5/AFS5,"") | AFW5: =ADY5+AEF5+AEM5+AET5+AFA5+AFH5+AFO5 | AFX5: =IFERROR(AFS5/AFR5/7,"") | AHW5: 7 | AHX5: =AFZ5+AGG5+AGN5+AGU5+AHB5+AHI5+AHP5 | AHY5: =IFERROR(AHX5/AHW5/7,"") | AHZ5: =AGA5+AGH5+AGO5+AGV5+AHC5+AHJ5+AHQ5 | AIA5: =IFERROR(AHZ5/AHX5,"") | AIB5: =AGD5+AGK5+AGR5+AGY5+AHF5+AHM5+AHT5 | AIC5: =IFERROR(AHX5/AHW5/7,"") | AKB5: 7 | AKC5: =AIE5+AIL5+AIS5+AIZ5+AJG5+AJN5+AJU5 | AKD5: =IFERROR(AKC5/AKB5/7,"") | AKE5: =AIF5+AIM5+AIT5+AJA5+AJH5+AJO5+AJV5 | AKF5: =IFERROR(AKE5/AKC5,"") | AKG5: =AII5+AIP5+AIW5+AJD5+AJK5+AJR5+AJY5 | AKH5: =IFERROR(AKC5/AKB5/7,"") | AMG5: 7 | AMH5: =AKJ5+AKQ5+AKX5+ALE5+ALL5+ALS5+ALZ5 | AMI5: =IFERROR(AMH5/AMG5/7,"") | AMJ5: =AKK5+AKR5+AKY5+ALF5+ALM5+ALT5+AMA5 | AMK5: =IFERROR(AMJ5/AMH5,"") | AML5: =AKN5+AKU5+ALB5+ALI5+ALP5+ALW5+AMD5 | AMM5: =IFERROR(AMH5/AMG5/7,"") | AOL5: 7 | AOM5: =AMO5+AMV5+ANC5+ANJ5+ANQ5+ANX5+AOE5 | AON5: =IFERROR(AOM5/AOL5/7,"") | AOO5: =AMP5+AMW5+AND5+ANK5+ANR5+ANY5+AOF5 | AOP5: =IFERROR(AOO5/AOM5,"") | AOQ5: =AMS5+AMZ5+ANG5+ANN5+ANU5+AOB5+AOI5 | AOR5: =IFERROR(AOM5/AOL5/7,"") | AQQ5: 7 | AQR5: =AOT5+APA5+APH5+APO5+APV5+AQC5+AQJ5 | AQS5: =IFERROR(AQR5/AQQ5/7,"") | AQT5: =AOU5+APB5+API5+APP5+APW5+AQD5+AQK5 | AQU5: =IFERROR(AQT5/AQR5,"") | AQV5: =AOX5+APE5+APL5+APS5+APZ5+AQG5+AQN5 | AQW5: =IFERROR(AQR5/AQQ5/7,"") | ASV5: 7 | ASW5: =AQY5+ARF5+ARM5+ART5+ASA5+ASH5+ASO5 | ASX5: =IFERROR(ASW5/ASV5/7,"") | ASY5: =AQZ5+ARG5+ARN5+ARU5+ASB5+ASI5+ASP5 | ASZ5: =IFERROR(ASY5/ASW5,"") | ATA5: =ARC5+ARJ5+ARQ5+ARX5+ASE5+ASL5+ASS5 | ATB5: =IFERROR(ASW5/ASV5/7,"") | AVA5: 7 | AVB5: =ATD5+ATK5+ATR5+ATY5+AUF5+AUM5+AUT5 | AVC5: =IFERROR(AVB5/AVA5/7,"") | AVD5: =ATE5+ATL5+ATS5+ATZ5+AUG5+AUN5+AUU5 | AVE5: =IFERROR(AVD5/AVB5,"") | AVF5: =ATH5+ATO5+ATV5+AUC5+AUJ5+AUQ5+AUX5 | AVG5: =IFERROR(AVB5/AVA5/7,"") | AXF5: 7 | AXG5: =AVI5+AVP5+AVW5+AWD5+AWK5+AWR5+AWY5 | AXH5: =IFERROR(AXG5/AXF5/7,"") | AXI5: =AVJ5+AVQ5+AVX5+AWE5+AWL5+AWS5+AWZ5 | AXJ5: =IFERROR(AXI5/AXG5,"") | AXK5: =AVM5+AVT5+AWA5+AWH5+AWO5+AWV5+AXC5 | AXL5: =IFERROR(AXG5/AXF5/7,"") | AZK5: 7 | AZL5: =AXN5+AXU5+AYB5+AYI5+AYP5+AYW5+AZD5 | AZM5: =IFERROR(AZL5/AZK5/7,"") | AZN5: =AXO5+AXV5+AYC5+AYJ5+AYQ5+AYX5+AZE5 | AZO5: =IFERROR(AZN5/AZL5,"") | AZP5: =AXR5+AXY5+AYF5+AYM5+AYT5+AZA5+AZH5 | AZQ5: =IFERROR(AZL5/AZK5/7,"") | BBP5: 7 | BBQ5: =AZS5+AZZ5+BAG5+BAN5+BAU5+BBB5+BBI5 | BBR5: =IFERROR(BBQ5/BBP5/7,"") | BBS5: =AZT5+BAA5+BAH5+BAO5+BAV5+BBC5+BBJ5 | BBT5: =IFERROR(BBS5/BBQ5,"") | BBU5: =AZW5+BAD5+BAK5+BAR5+BAY5+BBF5+BBM5 | BBV5: =IFERROR(BBQ5/BBP5/7,"") | BDU5: 7 | BDV5: =BBX5+BCE5+BCL5+BCS5+BCZ5+BDG5+BDN5 | BDW5: =IFERROR(BDV5/BDU5/7,"") | BDX5: =BBY5+BCF5+BCM5+BCT5+BDA5+BDH5+BDO5 | BDY5: =IFERROR(BDX5/BDV5,"") | BDZ5: =BCB5+BCI5+BCP5+BCW5+BDD5+BDK5+BDR5 | BEA5: =IFERROR(BDV5/BDU5/7,"") | BFZ5: 7 | BGA5: =BEC5+BEJ5+BEQ5+BEX5+BFE5+BFL5+BFS5 | BGB5: =IFERROR(BGA5/BFZ5/7,"") | BGC5: =BED5+BEK5+BER5+BEY5+BFF5+BFM5+BFT5 | BGD5: =IFERROR(BGC5/BGA5,"") | BGE5: =BEG5+BEN5+BEU5+BFB5+BFI5+BFP5+BFW5 | BGF5: =IFERROR(BGA5/BFZ5/7,"") | BIE5: 7 | BIF5: =BGH5+BGO5+BGV5+BHC5+BHJ5+BHQ5+BHX5 | BIG5: =IFERROR(BIF5/BIE5/7,"") | BIH5: =BGI5+BGP5+BGW5+BHD5+BHK5+BHR5+BHY5 | BII5: =IFERROR(BIH5/BIF5,"") | BIJ5: =BGL5+BGS5+BGZ5+BHG5+BHN5+BHU5+BIB5 | BIK5: =IFERROR(BIF5/BIE5/7,"") | BKJ5: 7 | BKK5: =BIM5+BIT5+BJA5+BJH5+BJO5+BJV5+BKC5 | BKL5: =IFERROR(BKK5/BKJ5/7,"") | BKM5: =BIN5+BIU5+BJB5+BJI5+BJP5+BJW5+BKD5 | BKN5: =IFERROR(BKM5/BKK5,"") | BKO5: =BIQ5+BIX5+BJE5+BJL5+BJS5+BJZ5+BKG5 | BKP5: =IFERROR(BKK5/BKJ5/7,"") | BMO5: 7 | BMP5: =BKR5+BKY5+BLF5+BLM5+BLT5+BMA5+BMH5 | BMQ5: =IFERROR(BMP5/BMO5/7,"") | BMR5: =BKS5+BKZ5+BLG5+BLN5+BLU5+BMB5+BMI5 | BMS5: =IFERROR(BMR5/BMP5,"") | BMT5: =BKV5+BLC5+BLJ5+BLQ5+BLX5+BME5+BML5 | BMU5: =IFERROR(BMP5/BMO5/7,"") | BOT5: 7 | BOU5: =BMW5+BND5+BNK5+BNR5+BNY5+BOF5+BOM5 | BOV5: =IFERROR(BOU5/BOT5/7,"") | BOW5: =BMX5+BNE5+BNL5+BNS5+BNZ5+BOG5+BON5 | BOX5: =IFERROR(BOW5/BOU5,"") | BOY5: =BNA5+BNH5+BNO5+BNV5+BOC5+BOJ5+BOQ5 | BOZ5: =IFERROR(BOU5/BOT5/7,"") | BQY5: 7 | BQZ5: =BPB5+BPI5+BPP5+BPW5+BQD5+BQK5+BQR5 | BRA5: =IFERROR(BQZ5/BQY5/7,"") | BRB5: =BPC5+BPJ5+BPQ5+BPX5+BQE5+BQL5+BQS5 | BRC5: =IFERROR(BRB5/BQZ5,"") | BRD5: =BPF5+BPM5+BPT5+BQA5+BQH5+BQO5+BQV5 | BRE5: =IFERROR(BQZ5/BQY5/7,"") | BTD5: 7 | BTE5: =BRG5+BRN5+BRU5+BSB5+BSI5+BSP5+BSW5 | BTF5: =IFERROR(BTE5/BTD5/7,"") | BTG5: =BRH5+BRO5+BRV5+BSC5+BSJ5+BSQ5+BSX5 | BTH5: =IFERROR(BTG5/BTE5,"") | BTI5: =BRK5+BRR5+BRY5+BSF5+BSM5+BST5+BTA5 | BTJ5: =IFERROR(BTE5/BTD5/7,"") | BVI5: 7 | BVJ5: =BTL5+BTS5+BTZ5+BUG5+BUN5+BUU5+BVB5 | BVK5: =IFERROR(BVJ5/BVI5/7,"") | BVL5: =BTM5+BTT5+BUA5+BUH5+BUO5+BUV5+BVC5 | BVM5: =IFERROR(BVL5/BVJ5,"") | BVN5: =BTP5+BTW5+BUD5+BUK5+BUR5+BUY5+BVF5 | BVO5: =IFERROR(BVJ5/BVI5/7,"") | BXN5: 7 | BXO5: =BVQ5+BVX5+BWE5+BWL5+BWS5+BWZ5+BXG5 | BXP5: =IFERROR(BXO5/BXN5/7,"") | BXQ5: =BVR5+BVY5+BWF5+BWM5+BWT5+BXA5+BXH5 | BXR5: =IFERROR(BXQ5/BXO5,"") | BXS5: =BVU5+BWB5+BWI5+BWP5+BWW5+BXD5+BXK5 | BXT5: =IFERROR(BXO5/BXN5/7,"") | BZS5: 7 | BZT5: =BXV5+BYC5+BYJ5+BYQ5+BYX5+BZE5+BZL5 | BZU5: =IFERROR(BZT5/BZS5/7,"") | BZV5: =BXW5+BYD5+BYK5+BYR5+BYY5+BZF5+BZM5 | BZW5: =IFERROR(BZV5/BZT5,"") | BZX5: =BXZ5+BYG5+BYN5+BYU5+BZB5+BZI5+BZP5 | BZY5: =IFERROR(BZT5/BZS5/7,"")
A6: 3 | AZ6: 7 | BA6: =C6+J6+Q6+X6+AE6+AL6+AS6 | BB6: =IFERROR(BA6/AZ6/7,"") | BC6: =D6+K6+R6+Y6+AF6+AM6+AT6 | BD6: =IFERROR(BC6/BA6,"") | BE6: =G6+N6+U6+AB6+AI6+AP6+AW6 | BF6: =IFERROR(BA6/AZ6/7,"") | DE6: 7 | DF6: =BH6+BO6+BV6+CC6+CJ6+CQ6+CX6 | DG6: =IFERROR(DF6/DE6/7,"") | DH6: =BI6+BP6+BW6+CD6+CK6+CR6+CY6 | DI6: =IFERROR(DH6/DF6,"") | DJ6: =BL6+BS6+BZ6+CG6+CN6+CU6+DB6 | DK6: =IFERROR(DF6/DE6/7,"") | FJ6: 7 | FK6: =DM6+DT6+EA6+EH6+EO6+EV6+FC6 | FL6: =IFERROR(FK6/FJ6/7,"") | FM6: =DN6+DU6+EB6+EI6+EP6+EW6+FD6 | FN6: =IFERROR(FM6/FK6,"") | FO6: =DQ6+DX6+EE6+EL6+ES6+EZ6+FG6 | FP6: =IFERROR(FK6/FJ6/7,"") | HO6: 7 | HP6: =FR6+FY6+GF6+GM6+GT6+HA6+HH6 | HQ6: =IFERROR(HP6/HO6/7,"") | HR6: =FS6+FZ6+GG6+GN6+GU6+HB6+HI6 | HS6: =IFERROR(HR6/HP6,"") | HT6: =FV6+GC6+GJ6+GQ6+GX6+HE6+HL6 | HU6: =IFERROR(HP6/HO6/7,"") | JT6: 7 | JU6: =HW6+ID6+IK6+IR6+IY6+JF6+JM6 | JV6: =IFERROR(JU6/JT6/7,"") | JW6: =HX6+IE6+IL6+IS6+IZ6+JG6+JN6 | JX6: =IFERROR(JW6/JU6,"") | JY6: =IA6+IH6+IO6+IV6+JC6+JJ6+JQ6 | JZ6: =IFERROR(JU6/JT6/7,"") | LY6: 7 | LZ6: =KB6+KI6+KP6+KW6+LD6+LK6+LR6 | MA6: =IFERROR(LZ6/LY6/7,"") | MB6: =KC6+KJ6+KQ6+KX6+LE6+LL6+LS6 | MC6: =IFERROR(MB6/LZ6,"") | MD6: =KF6+KM6+KT6+LA6+LH6+LO6+LV6 | ME6: =IFERROR(LZ6/LY6/7,"") | OD6: 7 | OE6: =MG6+MN6+MU6+NB6+NI6+NP6+NW6 | OF6: =IFERROR(OE6/OD6/7,"") | OG6: =MH6+MO6+MV6+NC6+NJ6+NQ6+NX6 | OH6: =IFERROR(OG6/OE6,"") | OI6: =MK6+MR6+MY6+NF6+NM6+NT6+OA6 | OJ6: =IFERROR(OE6/OD6/7,"") | QI6: 7 | QJ6: =OL6+OS6+OZ6+PG6+PN6+PU6+QB6 | QK6: =IFERROR(QJ6/QI6/7,"") | QL6: =OM6+OT6+PA6+PH6+PO6+PV6+QC6 | QM6: =IFERROR(QL6/QJ6,"") | QN6: =OP6+OW6+PD6+PK6+PR6+PY6+QF6 | QO6: =IFERROR(QJ6/QI6/7,"") | SN6: 7 | SO6: =QQ6+QX6+RE6+RL6+RS6+RZ6+SG6 | SP6: =IFERROR(SO6/SN6/7,"") | SQ6: =QR6+QY6+RF6+RM6+RT6+SA6+SH6 | SR6: =IFERROR(SQ6/SO6,"") | SS6: =QU6+RB6+RI6+RP6+RW6+SD6+SK6 | ST6: =IFERROR(SO6/SN6/7,"") | US6: 7 | UT6: =SV6+TC6+TJ6+TQ6+TX6+UE6+UL6 | UU6: =IFERROR(UT6/US6/7,"") | UV6: =SW6+TD6+TK6+TR6+TY6+UF6+UM6 | UW6: =IFERROR(UV6/UT6,"") | UX6: =SZ6+TG6+TN6+TU6+UB6+UI6+UP6 | UY6: =IFERROR(UT6/US6/7,"") | WX6: 7 | WY6: =VA6+VH6+VO6+VV6+WC6+WJ6+WQ6 | WZ6: =IFERROR(WY6/WX6/7,"") | XA6: =VB6+VI6+VP6+VW6+WD6+WK6+WR6 | XB6: =IFERROR(XA6/WY6,"") | XC6: =VE6+VL6+VS6+VZ6+WG6+WN6+WU6 | XD6: =IFERROR(WY6/WX6/7,"") | ZC6: 7 | ZD6: =XF6+XM6+XT6+YA6+YH6+YO6+YV6 | ZE6: =IFERROR(ZD6/ZC6/7,"") | ZF6: =XG6+XN6+XU6+YB6+YI6+YP6+YW6 | ZG6: =IFERROR(ZF6/ZD6,"") | ZH6: =XJ6+XQ6+XX6+YE6+YL6+YS6+YZ6 | ZI6: =IFERROR(ZD6/ZC6/7,"") | ABH6: 7 | ABI6: =ZK6+ZR6+ZY6+AAF6+AAM6+AAT6+ABA6 | ABJ6: =IFERROR(ABI6/ABH6/7,"") | ABK6: =ZL6+ZS6+ZZ6+AAG6+AAN6+AAU6+ABB6 | ABL6: =IFERROR(ABK6/ABI6,"") | ABM6: =ZO6+ZV6+AAC6+AAJ6+AAQ6+AAX6+ABE6 | ABN6: =IFERROR(ABI6/ABH6/7,"") | ADM6: 7 | ADN6: =ABP6+ABW6+ACD6+ACK6+ACR6+ACY6+ADF6 | ADO6: =IFERROR(ADN6/ADM6/7,"") | ADP6: =ABQ6+ABX6+ACE6+ACL6+ACS6+ACZ6+ADG6 | ADQ6: =IFERROR(ADP6/ADN6,"") | ADR6: =ABT6+ACA6+ACH6+ACO6+ACV6+ADC6+ADJ6 | ADS6: =IFERROR(ADN6/ADM6/7,"") | AFR6: 7 | AFS6: =ADU6+AEB6+AEI6+AEP6+AEW6+AFD6+AFK6 | AFT6: =IFERROR(AFS6/AFR6/7,"") | AFU6: =ADV6+AEC6+AEJ6+AEQ6+AEX6+AFE6+AFL6 | AFV6: =IFERROR(AFU6/AFS6,"") | AFW6: =ADY6+AEF6+AEM6+AET6+AFA6+AFH6+AFO6 | AFX6: =IFERROR(AFS6/AFR6/7,"") | AHW6: 7 | AHX6: =AFZ6+AGG6+AGN6+AGU6+AHB6+AHI6+AHP6 | AHY6: =IFERROR(AHX6/AHW6/7,"") | AHZ6: =AGA6+AGH6+AGO6+AGV6+AHC6+AHJ6+AHQ6 | AIA6: =IFERROR(AHZ6/AHX6,"") | AIB6: =AGD6+AGK6+AGR6+AGY6+AHF6+AHM6+AHT6 | AIC6: =IFERROR(AHX6/AHW6/7,"") | AKB6: 7 | AKC6: =AIE6+AIL6+AIS6+AIZ6+AJG6+AJN6+AJU6 | AKD6: =IFERROR(AKC6/AKB6/7,"") | AKE6: =AIF6+AIM6+AIT6+AJA6+AJH6+AJO6+AJV6 | AKF6: =IFERROR(AKE6/AKC6,"") | AKG6: =AII6+AIP6+AIW6+AJD6+AJK6+AJR6+AJY6 | AKH6: =IFERROR(AKC6/AKB6/7,"") | AMG6: 7 | AMH6: =AKJ6+AKQ6+AKX6+ALE6+ALL6+ALS6+ALZ6 | AMI6: =IFERROR(AMH6/AMG6/7,"") | AMJ6: =AKK6+AKR6+AKY6+ALF6+ALM6+ALT6+AMA6 | AMK6: =IFERROR(AMJ6/AMH6,"") | AML6: =AKN6+AKU6+ALB6+ALI6+ALP6+ALW6+AMD6 | AMM6: =IFERROR(AMH6/AMG6/7,"") | AOL6: 7 | AOM6: =AMO6+AMV6+ANC6+ANJ6+ANQ6+ANX6+AOE6 | AON6: =IFERROR(AOM6/AOL6/7,"") | AOO6: =AMP6+AMW6+AND6+ANK6+ANR6+ANY6+AOF6 | AOP6: =IFERROR(AOO6/AOM6,"") | AOQ6: =AMS6+AMZ6+ANG6+ANN6+ANU6+AOB6+AOI6 | AOR6: =IFERROR(AOM6/AOL6/7,"") | AQQ6: 7 | AQR6: =AOT6+APA6+APH6+APO6+APV6+AQC6+AQJ6 | AQS6: =IFERROR(AQR6/AQQ6/7,"") | AQT6: =AOU6+APB6+API6+APP6+APW6+AQD6+AQK6 | AQU6: =IFERROR(AQT6/AQR6,"") | AQV6: =AOX6+APE6+APL6+APS6+APZ6+AQG6+AQN6 | AQW6: =IFERROR(AQR6/AQQ6/7,"") | ASV6: 7 | ASW6: =AQY6+ARF6+ARM6+ART6+ASA6+ASH6+ASO6 | ASX6: =IFERROR(ASW6/ASV6/7,"") | ASY6: =AQZ6+ARG6+ARN6+ARU6+ASB6+ASI6+ASP6 | ASZ6: =IFERROR(ASY6/ASW6,"") | ATA6: =ARC6+ARJ6+ARQ6+ARX6+ASE6+ASL6+ASS6 | ATB6: =IFERROR(ASW6/ASV6/7,"") | AVA6: 7 | AVB6: =ATD6+ATK6+ATR6+ATY6+AUF6+AUM6+AUT6 | AVC6: =IFERROR(AVB6/AVA6/7,"") | AVD6: =ATE6+ATL6+ATS6+ATZ6+AUG6+AUN6+AUU6 | AVE6: =IFERROR(AVD6/AVB6,"") | AVF6: =ATH6+ATO6+ATV6+AUC6+AUJ6+AUQ6+AUX6 | AVG6: =IFERROR(AVB6/AVA6/7,"") | AXF6: 7 | AXG6: =AVI6+AVP6+AVW6+AWD6+AWK6+AWR6+AWY6 | AXH6: =IFERROR(AXG6/AXF6/7,"") | AXI6: =AVJ6+AVQ6+AVX6+AWE6+AWL6+AWS6+AWZ6 | AXJ6: =IFERROR(AXI6/AXG6,"") | AXK6: =AVM6+AVT6+AWA6+AWH6+AWO6+AWV6+AXC6 | AXL6: =IFERROR(AXG6/AXF6/7,"") | AZK6: 7 | AZL6: =AXN6+AXU6+AYB6+AYI6+AYP6+AYW6+AZD6 | AZM6: =IFERROR(AZL6/AZK6/7,"") | AZN6: =AXO6+AXV6+AYC6+AYJ6+AYQ6+AYX6+AZE6 | AZO6: =IFERROR(AZN6/AZL6,"") | AZP6: =AXR6+AXY6+AYF6+AYM6+AYT6+AZA6+AZH6 | AZQ6: =IFERROR(AZL6/AZK6/7,"") | BBP6: 7 | BBQ6: =AZS6+AZZ6+BAG6+BAN6+BAU6+BBB6+BBI6 | BBR6: =IFERROR(BBQ6/BBP6/7,"") | BBS6: =AZT6+BAA6+BAH6+BAO6+BAV6+BBC6+BBJ6 | BBT6: =IFERROR(BBS6/BBQ6,"") | BBU6: =AZW6+BAD6+BAK6+BAR6+BAY6+BBF6+BBM6 | BBV6: =IFERROR(BBQ6/BBP6/7,"") | BDU6: 7 | BDV6: =BBX6+BCE6+BCL6+BCS6+BCZ6+BDG6+BDN6 | BDW6: =IFERROR(BDV6/BDU6/7,"") | BDX6: =BBY6+BCF6+BCM6+BCT6+BDA6+BDH6+BDO6 | BDY6: =IFERROR(BDX6/BDV6,"") | BDZ6: =BCB6+BCI6+BCP6+BCW6+BDD6+BDK6+BDR6 | BEA6: =IFERROR(BDV6/BDU6/7,"") | BFZ6: 7 | BGA6: =BEC6+BEJ6+BEQ6+BEX6+BFE6+BFL6+BFS6 | BGB6: =IFERROR(BGA6/BFZ6/7,"") | BGC6: =BED6+BEK6+BER6+BEY6+BFF6+BFM6+BFT6 | BGD6: =IFERROR(BGC6/BGA6,"") | BGE6: =BEG6+BEN6+BEU6+BFB6+BFI6+BFP6+BFW6 | BGF6: =IFERROR(BGA6/BFZ6/7,"") | BIE6: 7 | BIF6: =BGH6+BGO6+BGV6+BHC6+BHJ6+BHQ6+BHX6 | BIG6: =IFERROR(BIF6/BIE6/7,"") | BIH6: =BGI6+BGP6+BGW6+BHD6+BHK6+BHR6+BHY6 | BII6: =IFERROR(BIH6/BIF6,"") | BIJ6: =BGL6+BGS6+BGZ6+BHG6+BHN6+BHU6+BIB6 | BIK6: =IFERROR(BIF6/BIE6/7,"") | BKJ6: 7 | BKK6: =BIM6+BIT6+BJA6+BJH6+BJO6+BJV6+BKC6 | BKL6: =IFERROR(BKK6/BKJ6/7,"") | BKM6: =BIN6+BIU6+BJB6+BJI6+BJP6+BJW6+BKD6 | BKN6: =IFERROR(BKM6/BKK6,"") | BKO6: =BIQ6+BIX6+BJE6+BJL6+BJS6+BJZ6+BKG6 | BKP6: =IFERROR(BKK6/BKJ6/7,"") | BMO6: 7 | BMP6: =BKR6+BKY6+BLF6+BLM6+BLT6+BMA6+BMH6 | BMQ6: =IFERROR(BMP6/BMO6/7,"") | BMR6: =BKS6+BKZ6+BLG6+BLN6+BLU6+BMB6+BMI6 | BMS6: =IFERROR(BMR6/BMP6,"") | BMT6: =BKV6+BLC6+BLJ6+BLQ6+BLX6+BME6+BML6 | BMU6: =IFERROR(BMP6/BMO6/7,"") | BOT6: 7 | BOU6: =BMW6+BND6+BNK6+BNR6+BNY6+BOF6+BOM6 | BOV6: =IFERROR(BOU6/BOT6/7,"") | BOW6: =BMX6+BNE6+BNL6+BNS6+BNZ6+BOG6+BON6 | BOX6: =IFERROR(BOW6/BOU6,"") | BOY6: =BNA6+BNH6+BNO6+BNV6+BOC6+BOJ6+BOQ6 | BOZ6: =IFERROR(BOU6/BOT6/7,"") | BQY6: 7 | BQZ6: =BPB6+BPI6+BPP6+BPW6+BQD6+BQK6+BQR6 | BRA6: =IFERROR(BQZ6/BQY6/7,"") | BRB6: =BPC6+BPJ6+BPQ6+BPX6+BQE6+BQL6+BQS6 | BRC6: =IFERROR(BRB6/BQZ6,"") | BRD6: =BPF6+BPM6+BPT6+BQA6+BQH6+BQO6+BQV6 | BRE6: =IFERROR(BQZ6/BQY6/7,"") | BTD6: 7 | BTE6: =BRG6+BRN6+BRU6+BSB6+BSI6+BSP6+BSW6 | BTF6: =IFERROR(BTE6/BTD6/7,"") | BTG6: =BRH6+BRO6+BRV6+BSC6+BSJ6+BSQ6+BSX6 | BTH6: =IFERROR(BTG6/BTE6,"") | BTI6: =BRK6+BRR6+BRY6+BSF6+BSM6+BST6+BTA6 | BTJ6: =IFERROR(BTE6/BTD6/7,"") | BVI6: 7 | BVJ6: =BTL6+BTS6+BTZ6+BUG6+BUN6+BUU6+BVB6 | BVK6: =IFERROR(BVJ6/BVI6/7,"") | BVL6: =BTM6+BTT6+BUA6+BUH6+BUO6+BUV6+BVC6 | BVM6: =IFERROR(BVL6/BVJ6,"") | BVN6: =BTP6+BTW6+BUD6+BUK6+BUR6+BUY6+BVF6 | BVO6: =IFERROR(BVJ6/BVI6/7,"") | BXN6: 7 | BXO6: =BVQ6+BVX6+BWE6+BWL6+BWS6+BWZ6+BXG6 | BXP6: =IFERROR(BXO6/BXN6/7,"") | BXQ6: =BVR6+BVY6+BWF6+BWM6+BWT6+BXA6+BXH6 | BXR6: =IFERROR(BXQ6/BXO6,"") | BXS6: =BVU6+BWB6+BWI6+BWP6+BWW6+BXD6+BXK6 | BXT6: =IFERROR(BXO6/BXN6/7,"") | BZS6: 7 | BZT6: =BXV6+BYC6+BYJ6+BYQ6+BYX6+BZE6+BZL6 | BZU6: =IFERROR(BZT6/BZS6/7,"") | BZV6: =BXW6+BYD6+BYK6+BYR6+BYY6+BZF6+BZM6 | BZW6: =IFERROR(BZV6/BZT6,"") | BZX6: =BXZ6+BYG6+BYN6+BYU6+BZB6+BZI6+BZP6 | BZY6: =IFERROR(BZT6/BZS6/7,"")
A7: 4 | AZ7: 7 | BA7: =C7+J7+Q7+X7+AE7+AL7+AS7 | BB7: =IFERROR(BA7/AZ7/7,"") | BC7: =D7+K7+R7+Y7+AF7+AM7+AT7 | BD7: =IFERROR(BC7/BA7,"") | BE7: =G7+N7+U7+AB7+AI7+AP7+AW7 | BF7: =IFERROR(BA7/AZ7/7,"") | DE7: 7 | DF7: =BH7+BO7+BV7+CC7+CJ7+CQ7+CX7 | DG7: =IFERROR(DF7/DE7/7,"") | DH7: =BI7+BP7+BW7+CD7+CK7+CR7+CY7 | DI7: =IFERROR(DH7/DF7,"") | DJ7: =BL7+BS7+BZ7+CG7+CN7+CU7+DB7 | DK7: =IFERROR(DF7/DE7/7,"") | FJ7: 7 | FK7: =DM7+DT7+EA7+EH7+EO7+EV7+FC7 | FL7: =IFERROR(FK7/FJ7/7,"") | FM7: =DN7+DU7+EB7+EI7+EP7+EW7+FD7 | FN7: =IFERROR(FM7/FK7,"") | FO7: =DQ7+DX7+EE7+EL7+ES7+EZ7+FG7 | FP7: =IFERROR(FK7/FJ7/7,"") | HO7: 7 | HP7: =FR7+FY7+GF7+GM7+GT7+HA7+HH7 | HQ7: =IFERROR(HP7/HO7/7,"") | HR7: =FS7+FZ7+GG7+GN7+GU7+HB7+HI7 | HS7: =IFERROR(HR7/HP7,"") | HT7: =FV7+GC7+GJ7+GQ7+GX7+HE7+HL7 | HU7: =IFERROR(HP7/HO7/7,"") | JT7: 7 | JU7: =HW7+ID7+IK7+IR7+IY7+JF7+JM7 | JV7: =IFERROR(JU7/JT7/7,"") | JW7: =HX7+IE7+IL7+IS7+IZ7+JG7+JN7 | JX7: =IFERROR(JW7/JU7,"") | JY7: =IA7+IH7+IO7+IV7+JC7+JJ7+JQ7 | JZ7: =IFERROR(JU7/JT7/7,"") | LY7: 7 | LZ7: =KB7+KI7+KP7+KW7+LD7+LK7+LR7 | MA7: =IFERROR(LZ7/LY7/7,"") | MB7: =KC7+KJ7+KQ7+KX7+LE7+LL7+LS7 | MC7: =IFERROR(MB7/LZ7,"") | MD7: =KF7+KM7+KT7+LA7+LH7+LO7+LV7 | ME7: =IFERROR(LZ7/LY7/7,"") | OD7: 7 | OE7: =MG7+MN7+MU7+NB7+NI7+NP7+NW7 | OF7: =IFERROR(OE7/OD7/7,"") | OG7: =MH7+MO7+MV7+NC7+NJ7+NQ7+NX7 | OH7: =IFERROR(OG7/OE7,"") | OI7: =MK7+MR7+MY7+NF7+NM7+NT7+OA7 | OJ7: =IFERROR(OE7/OD7/7,"") | QI7: 7 | QJ7: =OL7+OS7+OZ7+PG7+PN7+PU7+QB7 | QK7: =IFERROR(QJ7/QI7/7,"") | QL7: =OM7+OT7+PA7+PH7+PO7+PV7+QC7 | QM7: =IFERROR(QL7/QJ7,"") | QN7: =OP7+OW7+PD7+PK7+PR7+PY7+QF7 | QO7: =IFERROR(QJ7/QI7/7,"") | SN7: 7 | SO7: =QQ7+QX7+RE7+RL7+RS7+RZ7+SG7 | SP7: =IFERROR(SO7/SN7/7,"") | SQ7: =QR7+QY7+RF7+RM7+RT7+SA7+SH7 | SR7: =IFERROR(SQ7/SO7,"") | SS7: =QU7+RB7+RI7+RP7+RW7+SD7+SK7 | ST7: =IFERROR(SO7/SN7/7,"") | US7: 7 | UT7: =SV7+TC7+TJ7+TQ7+TX7+UE7+UL7 | UU7: =IFERROR(UT7/US7/7,"") | UV7: =SW7+TD7+TK7+TR7+TY7+UF7+UM7 | UW7: =IFERROR(UV7/UT7,"") | UX7: =SZ7+TG7+TN7+TU7+UB7+UI7+UP7 | UY7: =IFERROR(UT7/US7/7,"") | WX7: 7 | WY7: =VA7+VH7+VO7+VV7+WC7+WJ7+WQ7 | WZ7: =IFERROR(WY7/WX7/7,"") | XA7: =VB7+VI7+VP7+VW7+WD7+WK7+WR7 | XB7: =IFERROR(XA7/WY7,"") | XC7: =VE7+VL7+VS7+VZ7+WG7+WN7+WU7 | XD7: =IFERROR(WY7/WX7/7,"") | ZC7: 7 | ZD7: =XF7+XM7+XT7+YA7+YH7+YO7+YV7 | ZE7: =IFERROR(ZD7/ZC7/7,"") | ZF7: =XG7+XN7+XU7+YB7+YI7+YP7+YW7 | ZG7: =IFERROR(ZF7/ZD7,"") | ZH7: =XJ7+XQ7+XX7+YE7+YL7+YS7+YZ7 | ZI7: =IFERROR(ZD7/ZC7/7,"") | ABH7: 7 | ABI7: =ZK7+ZR7+ZY7+AAF7+AAM7+AAT7+ABA7 | ABJ7: =IFERROR(ABI7/ABH7/7,"") | ABK7: =ZL7+ZS7+ZZ7+AAG7+AAN7+AAU7+ABB7 | ABL7: =IFERROR(ABK7/ABI7,"") | ABM7: =ZO7+ZV7+AAC7+AAJ7+AAQ7+AAX7+ABE7 | ABN7: =IFERROR(ABI7/ABH7/7,"") | ADM7: 7 | ADN7: =ABP7+ABW7+ACD7+ACK7+ACR7+ACY7+ADF7 | ADO7: =IFERROR(ADN7/ADM7/7,"") | ADP7: =ABQ7+ABX7+ACE7+ACL7+ACS7+ACZ7+ADG7 | ADQ7: =IFERROR(ADP7/ADN7,"") | ADR7: =ABT7+ACA7+ACH7+ACO7+ACV7+ADC7+ADJ7 | ADS7: =IFERROR(ADN7/ADM7/7,"") | AFR7: 7 | AFS7: =ADU7+AEB7+AEI7+AEP7+AEW7+AFD7+AFK7 | AFT7: =IFERROR(AFS7/AFR7/7,"") | AFU7: =ADV7+AEC7+AEJ7+AEQ7+AEX7+AFE7+AFL7 | AFV7: =IFERROR(AFU7/AFS7,"") | AFW7: =ADY7+AEF7+AEM7+AET7+AFA7+AFH7+AFO7 | AFX7: =IFERROR(AFS7/AFR7/7,"") | AHW7: 7 | AHX7: =AFZ7+AGG7+AGN7+AGU7+AHB7+AHI7+AHP7 | AHY7: =IFERROR(AHX7/AHW7/7,"") | AHZ7: =AGA7+AGH7+AGO7+AGV7+AHC7+AHJ7+AHQ7 | AIA7: =IFERROR(AHZ7/AHX7,"") | AIB7: =AGD7+AGK7+AGR7+AGY7+AHF7+AHM7+AHT7 | AIC7: =IFERROR(AHX7/AHW7/7,"") | AKB7: 7 | AKC7: =AIE7+AIL7+AIS7+AIZ7+AJG7+AJN7+AJU7 | AKD7: =IFERROR(AKC7/AKB7/7,"") | AKE7: =AIF7+AIM7+AIT7+AJA7+AJH7+AJO7+AJV7 | AKF7: =IFERROR(AKE7/AKC7,"") | AKG7: =AII7+AIP7+AIW7+AJD7+AJK7+AJR7+AJY7 | AKH7: =IFERROR(AKC7/AKB7/7,"") | AMG7: 7 | AMH7: =AKJ7+AKQ7+AKX7+ALE7+ALL7+ALS7+ALZ7 | AMI7: =IFERROR(AMH7/AMG7/7,"") | AMJ7: =AKK7+AKR7+AKY7+ALF7+ALM7+ALT7+AMA7 | AMK7: =IFERROR(AMJ7/AMH7,"") | AML7: =AKN7+AKU7+ALB7+ALI7+ALP7+ALW7+AMD7 | AMM7: =IFERROR(AMH7/AMG7/7,"") | AOL7: 7 | AOM7: =AMO7+AMV7+ANC7+ANJ7+ANQ7+ANX7+AOE7 | AON7: =IFERROR(AOM7/AOL7/7,"") | AOO7: =AMP7+AMW7+AND7+ANK7+ANR7+ANY7+AOF7 | AOP7: =IFERROR(AOO7/AOM7,"") | AOQ7: =AMS7+AMZ7+ANG7+ANN7+ANU7+AOB7+AOI7 | AOR7: =IFERROR(AOM7/AOL7/7,"") | AQQ7: 7 | AQR7: =AOT7+APA7+APH7+APO7+APV7+AQC7+AQJ7 | AQS7: =IFERROR(AQR7/AQQ7/7,"") | AQT7: =AOU7+APB7+API7+APP7+APW7+AQD7+AQK7 | AQU7: =IFERROR(AQT7/AQR7,"") | AQV7: =AOX7+APE7+APL7+APS7+APZ7+AQG7+AQN7 | AQW7: =IFERROR(AQR7/AQQ7/7,"") | ASV7: 7 | ASW7: =AQY7+ARF7+ARM7+ART7+ASA7+ASH7+ASO7 | ASX7: =IFERROR(ASW7/ASV7/7,"") | ASY7: =AQZ7+ARG7+ARN7+ARU7+ASB7+ASI7+ASP7 | ASZ7: =IFERROR(ASY7/ASW7,"") | ATA7: =ARC7+ARJ7+ARQ7+ARX7+ASE7+ASL7+ASS7 | ATB7: =IFERROR(ASW7/ASV7/7,"") | AVA7: 7 | AVB7: =ATD7+ATK7+ATR7+ATY7+AUF7+AUM7+AUT7 | AVC7: =IFERROR(AVB7/AVA7/7,"") | AVD7: =ATE7+ATL7+ATS7+ATZ7+AUG7+AUN7+AUU7 | AVE7: =IFERROR(AVD7/AVB7,"") | AVF7: =ATH7+ATO7+ATV7+AUC7+AUJ7+AUQ7+AUX7 | AVG7: =IFERROR(AVB7/AVA7/7,"") | AXF7: 7 | AXG7: =AVI7+AVP7+AVW7+AWD7+AWK7+AWR7+AWY7 | AXH7: =IFERROR(AXG7/AXF7/7,"") | AXI7: =AVJ7+AVQ7+AVX7+AWE7+AWL7+AWS7+AWZ7 | AXJ7: =IFERROR(AXI7/AXG7,"") | AXK7: =AVM7+AVT7+AWA7+AWH7+AWO7+AWV7+AXC7 | AXL7: =IFERROR(AXG7/AXF7/7,"") | AZK7: 7 | AZL7: =AXN7+AXU7+AYB7+AYI7+AYP7+AYW7+AZD7 | AZM7: =IFERROR(AZL7/AZK7/7,"") | AZN7: =AXO7+AXV7+AYC7+AYJ7+AYQ7+AYX7+AZE7 | AZO7: =IFERROR(AZN7/AZL7,"") | AZP7: =AXR7+AXY7+AYF7+AYM7+AYT7+AZA7+AZH7 | AZQ7: =IFERROR(AZL7/AZK7/7,"") | BBP7: 7 | BBQ7: =AZS7+AZZ7+BAG7+BAN7+BAU7+BBB7+BBI7 | BBR7: =IFERROR(BBQ7/BBP7/7,"") | BBS7: =AZT7+BAA7+BAH7+BAO7+BAV7+BBC7+BBJ7 | BBT7: =IFERROR(BBS7/BBQ7,"") | BBU7: =AZW7+BAD7+BAK7+BAR7+BAY7+BBF7+BBM7 | BBV7: =IFERROR(BBQ7/BBP7/7,"") | BDU7: 7 | BDV7: =BBX7+BCE7+BCL7+BCS7+BCZ7+BDG7+BDN7 | BDW7: =IFERROR(BDV7/BDU7/7,"") | BDX7: =BBY7+BCF7+BCM7+BCT7+BDA7+BDH7+BDO7 | BDY7: =IFERROR(BDX7/BDV7,"") | BDZ7: =BCB7+BCI7+BCP7+BCW7+BDD7+BDK7+BDR7 | BEA7: =IFERROR(BDV7/BDU7/7,"") | BFZ7: 7 | BGA7: =BEC7+BEJ7+BEQ7+BEX7+BFE7+BFL7+BFS7 | BGB7: =IFERROR(BGA7/BFZ7/7,"") | BGC7: =BED7+BEK7+BER7+BEY7+BFF7+BFM7+BFT7 | BGD7: =IFERROR(BGC7/BGA7,"") | BGE7: =BEG7+BEN7+BEU7+BFB7+BFI7+BFP7+BFW7 | BGF7: =IFERROR(BGA7/BFZ7/7,"") | BIE7: 7 | BIF7: =BGH7+BGO7+BGV7+BHC7+BHJ7+BHQ7+BHX7 | BIG7: =IFERROR(BIF7/BIE7/7,"") | BIH7: =BGI7+BGP7+BGW7+BHD7+BHK7+BHR7+BHY7 | BII7: =IFERROR(BIH7/BIF7,"") | BIJ7: =BGL7+BGS7+BGZ7+BHG7+BHN7+BHU7+BIB7 | BIK7: =IFERROR(BIF7/BIE7/7,"") | BKJ7: 7 | BKK7: =BIM7+BIT7+BJA7+BJH7+BJO7+BJV7+BKC7 | BKL7: =IFERROR(BKK7/BKJ7/7,"") | BKM7: =BIN7+BIU7+BJB7+BJI7+BJP7+BJW7+BKD7 | BKN7: =IFERROR(BKM7/BKK7,"") | BKO7: =BIQ7+BIX7+BJE7+BJL7+BJS7+BJZ7+BKG7 | BKP7: =IFERROR(BKK7/BKJ7/7,"") | BMO7: 7 | BMP7: =BKR7+BKY7+BLF7+BLM7+BLT7+BMA7+BMH7 | BMQ7: =IFERROR(BMP7/BMO7/7,"") | BMR7: =BKS7+BKZ7+BLG7+BLN7+BLU7+BMB7+BMI7 | BMS7: =IFERROR(BMR7/BMP7,"") | BMT7: =BKV7+BLC7+BLJ7+BLQ7+BLX7+BME7+BML7 | BMU7: =IFERROR(BMP7/BMO7/7,"") | BOT7: 7 | BOU7: =BMW7+BND7+BNK7+BNR7+BNY7+BOF7+BOM7 | BOV7: =IFERROR(BOU7/BOT7/7,"") | BOW7: =BMX7+BNE7+BNL7+BNS7+BNZ7+BOG7+BON7 | BOX7: =IFERROR(BOW7/BOU7,"") | BOY7: =BNA7+BNH7+BNO7+BNV7+BOC7+BOJ7+BOQ7 | BOZ7: =IFERROR(BOU7/BOT7/7,"") | BQY7: 7 | BQZ7: =BPB7+BPI7+BPP7+BPW7+BQD7+BQK7+BQR7 | BRA7: =IFERROR(BQZ7/BQY7/7,"") | BRB7: =BPC7+BPJ7+BPQ7+BPX7+BQE7+BQL7+BQS7 | BRC7: =IFERROR(BRB7/BQZ7,"") | BRD7: =BPF7+BPM7+BPT7+BQA7+BQH7+BQO7+BQV7 | BRE7: =IFERROR(BQZ7/BQY7/7,"") | BTD7: 7 | BTE7: =BRG7+BRN7+BRU7+BSB7+BSI7+BSP7+BSW7 | BTF7: =IFERROR(BTE7/BTD7/7,"") | BTG7: =BRH7+BRO7+BRV7+BSC7+BSJ7+BSQ7+BSX7 | BTH7: =IFERROR(BTG7/BTE7,"") | BTI7: =BRK7+BRR7+BRY7+BSF7+BSM7+BST7+BTA7 | BTJ7: =IFERROR(BTE7/BTD7/7,"") | BVI7: 7 | BVJ7: =BTL7+BTS7+BTZ7+BUG7+BUN7+BUU7+BVB7 | BVK7: =IFERROR(BVJ7/BVI7/7,"") | BVL7: =BTM7+BTT7+BUA7+BUH7+BUO7+BUV7+BVC7 | BVM7: =IFERROR(BVL7/BVJ7,"") | BVN7: =BTP7+BTW7+BUD7+BUK7+BUR7+BUY7+BVF7 | BVO7: =IFERROR(BVJ7/BVI7/7,"") | BXN7: 7 | BXO7: =BVQ7+BVX7+BWE7+BWL7+BWS7+BWZ7+BXG7 | BXP7: =IFERROR(BXO7/BXN7/7,"") | BXQ7: =BVR7+BVY7+BWF7+BWM7+BWT7+BXA7+BXH7 | BXR7: =IFERROR(BXQ7/BXO7,"") | BXS7: =BVU7+BWB7+BWI7+BWP7+BWW7+BXD7+BXK7 | BXT7: =IFERROR(BXO7/BXN7/7,"") | BZS7: 7 | BZT7: =BXV7+BYC7+BYJ7+BYQ7+BYX7+BZE7+BZL7 | BZU7: =IFERROR(BZT7/BZS7/7,"") | BZV7: =BXW7+BYD7+BYK7+BYR7+BYY7+BZF7+BZM7 | BZW7: =IFERROR(BZV7/BZT7,"") | BZX7: =BXZ7+BYG7+BYN7+BYU7+BZB7+BZI7+BZP7 | BZY7: =IFERROR(BZT7/BZS7/7,"")
A8: 5 | AZ8: 7 | BA8: =C8+J8+Q8+X8+AE8+AL8+AS8 | BB8: =IFERROR(BA8/AZ8/7,"") | BC8: =D8+K8+R8+Y8+AF8+AM8+AT8 | BD8: =IFERROR(BC8/BA8,"") | BE8: =G8+N8+U8+AB8+AI8+AP8+AW8 | BF8: =IFERROR(BA8/AZ8/7,"") | DE8: 7 | DF8: =BH8+BO8+BV8+CC8+CJ8+CQ8+CX8 | DG8: =IFERROR(DF8/DE8/7,"") | DH8: =BI8+BP8+BW8+CD8+CK8+CR8+CY8 | DI8: =IFERROR(DH8/DF8,"") | DJ8: =BL8+BS8+BZ8+CG8+CN8+CU8+DB8 | DK8: =IFERROR(DF8/DE8/7,"") | FJ8: 7 | FK8: =DM8+DT8+EA8+EH8+EO8+EV8+FC8 | FL8: =IFERROR(FK8/FJ8/7,"") | FM8: =DN8+DU8+EB8+EI8+EP8+EW8+FD8 | FN8: =IFERROR(FM8/FK8,"") | FO8: =DQ8+DX8+EE8+EL8+ES8+EZ8+FG8 | FP8: =IFERROR(FK8/FJ8/7,"") | HO8: 7 | HP8: =FR8+FY8+GF8+GM8+GT8+HA8+HH8 | HQ8: =IFERROR(HP8/HO8/7,"") | HR8: =FS8+FZ8+GG8+GN8+GU8+HB8+HI8 | HS8: =IFERROR(HR8/HP8,"") | HT8: =FV8+GC8+GJ8+GQ8+GX8+HE8+HL8 | HU8: =IFERROR(HP8/HO8/7,"") | JT8: 7 | JU8: =HW8+ID8+IK8+IR8+IY8+JF8+JM8 | JV8: =IFERROR(JU8/JT8/7,"") | JW8: =HX8+IE8+IL8+IS8+IZ8+JG8+JN8 | JX8: =IFERROR(JW8/JU8,"") | JY8: =IA8+IH8+IO8+IV8+JC8+JJ8+JQ8 | JZ8: =IFERROR(JU8/JT8/7,"") | LY8: 7 | LZ8: =KB8+KI8+KP8+KW8+LD8+LK8+LR8 | MA8: =IFERROR(LZ8/LY8/7,"") | MB8: =KC8+KJ8+KQ8+KX8+LE8+LL8+LS8 | MC8: =IFERROR(MB8/LZ8,"") | MD8: =KF8+KM8+KT8+LA8+LH8+LO8+LV8 | ME8: =IFERROR(LZ8/LY8/7,"") | OD8: 7 | OE8: =MG8+MN8+MU8+NB8+NI8+NP8+NW8 | OF8: =IFERROR(OE8/OD8/7,"") | OG8: =MH8+MO8+MV8+NC8+NJ8+NQ8+NX8 | OH8: =IFERROR(OG8/OE8,"") | OI8: =MK8+MR8+MY8+NF8+NM8+NT8+OA8 | OJ8: =IFERROR(OE8/OD8/7,"") | QI8: 7 | QJ8: =OL8+OS8+OZ8+PG8+PN8+PU8+QB8 | QK8: =IFERROR(QJ8/QI8/7,"") | QL8: =OM8+OT8+PA8+PH8+PO8+PV8+QC8 | QM8: =IFERROR(QL8/QJ8,"") | QN8: =OP8+OW8+PD8+PK8+PR8+PY8+QF8 | QO8: =IFERROR(QJ8/QI8/7,"") | SN8: 7 | SO8: =QQ8+QX8+RE8+RL8+RS8+RZ8+SG8 | SP8: =IFERROR(SO8/SN8/7,"") | SQ8: =QR8+QY8+RF8+RM8+RT8+SA8+SH8 | SR8: =IFERROR(SQ8/SO8,"") | SS8: =QU8+RB8+RI8+RP8+RW8+SD8+SK8 | ST8: =IFERROR(SO8/SN8/7,"") | US8: 7 | UT8: =SV8+TC8+TJ8+TQ8+TX8+UE8+UL8 | UU8: =IFERROR(UT8/US8/7,"") | UV8: =SW8+TD8+TK8+TR8+TY8+UF8+UM8 | UW8: =IFERROR(UV8/UT8,"") | UX8: =SZ8+TG8+TN8+TU8+UB8+UI8+UP8 | UY8: =IFERROR(UT8/US8/7,"") | WX8: 7 | WY8: =VA8+VH8+VO8+VV8+WC8+WJ8+WQ8 | WZ8: =IFERROR(WY8/WX8/7,"") | XA8: =VB8+VI8+VP8+VW8+WD8+WK8+WR8 | XB8: =IFERROR(XA8/WY8,"") | XC8: =VE8+VL8+VS8+VZ8+WG8+WN8+WU8 | XD8: =IFERROR(WY8/WX8/7,"") | ZC8: 7 | ZD8: =XF8+XM8+XT8+YA8+YH8+YO8+YV8 | ZE8: =IFERROR(ZD8/ZC8/7,"") | ZF8: =XG8+XN8+XU8+YB8+YI8+YP8+YW8 | ZG8: =IFERROR(ZF8/ZD8,"") | ZH8: =XJ8+XQ8+XX8+YE8+YL8+YS8+YZ8 | ZI8: =IFERROR(ZD8/ZC8/7,"") | ABH8: 7 | ABI8: =ZK8+ZR8+ZY8+AAF8+AAM8+AAT8+ABA8 | ABJ8: =IFERROR(ABI8/ABH8/7,"") | ABK8: =ZL8+ZS8+ZZ8+AAG8+AAN8+AAU8+ABB8 | ABL8: =IFERROR(ABK8/ABI8,"") | ABM8: =ZO8+ZV8+AAC8+AAJ8+AAQ8+AAX8+ABE8 | ABN8: =IFERROR(ABI8/ABH8/7,"") | ADM8: 7 | ADN8: =ABP8+ABW8+ACD8+ACK8+ACR8+ACY8+ADF8 | ADO8: =IFERROR(ADN8/ADM8/7,"") | ADP8: =ABQ8+ABX8+ACE8+ACL8+ACS8+ACZ8+ADG8 | ADQ8: =IFERROR(ADP8/ADN8,"") | ADR8: =ABT8+ACA8+ACH8+ACO8+ACV8+ADC8+ADJ8 | ADS8: =IFERROR(ADN8/ADM8/7,"") | AFR8: 7 | AFS8: =ADU8+AEB8+AEI8+AEP8+AEW8+AFD8+AFK8 | AFT8: =IFERROR(AFS8/AFR8/7,"") | AFU8: =ADV8+AEC8+AEJ8+AEQ8+AEX8+AFE8+AFL8 | AFV8: =IFERROR(AFU8/AFS8,"") | AFW8: =ADY8+AEF8+AEM8+AET8+AFA8+AFH8+AFO8 | AFX8: =IFERROR(AFS8/AFR8/7,"") | AHW8: 7 | AHX8: =AFZ8+AGG8+AGN8+AGU8+AHB8+AHI8+AHP8 | AHY8: =IFERROR(AHX8/AHW8/7,"") | AHZ8: =AGA8+AGH8+AGO8+AGV8+AHC8+AHJ8+AHQ8 | AIA8: =IFERROR(AHZ8/AHX8,"") | AIB8: =AGD8+AGK8+AGR8+AGY8+AHF8+AHM8+AHT8 | AIC8: =IFERROR(AHX8/AHW8/7,"") | AKB8: 7 | AKC8: =AIE8+AIL8+AIS8+AIZ8+AJG8+AJN8+AJU8 | AKD8: =IFERROR(AKC8/AKB8/7,"") | AKE8: =AIF8+AIM8+AIT8+AJA8+AJH8+AJO8+AJV8 | AKF8: =IFERROR(AKE8/AKC8,"") | AKG8: =AII8+AIP8+AIW8+AJD8+AJK8+AJR8+AJY8 | AKH8: =IFERROR(AKC8/AKB8/7,"") | AMG8: 7 | AMH8: =AKJ8+AKQ8+AKX8+ALE8+ALL8+ALS8+ALZ8 | AMI8: =IFERROR(AMH8/AMG8/7,"") | AMJ8: =AKK8+AKR8+AKY8+ALF8+ALM8+ALT8+AMA8 | AMK8: =IFERROR(AMJ8/AMH8,"") | AML8: =AKN8+AKU8+ALB8+ALI8+ALP8+ALW8+AMD8 | AMM8: =IFERROR(AMH8/AMG8/7,"") | AOL8: 7 | AOM8: =AMO8+AMV8+ANC8+ANJ8+ANQ8+ANX8+AOE8 | AON8: =IFERROR(AOM8/AOL8/7,"") | AOO8: =AMP8+AMW8+AND8+ANK8+ANR8+ANY8+AOF8 | AOP8: =IFERROR(AOO8/AOM8,"") | AOQ8: =AMS8+AMZ8+ANG8+ANN8+ANU8+AOB8+AOI8 | AOR8: =IFERROR(AOM8/AOL8/7,"") | AQQ8: 7 | AQR8: =AOT8+APA8+APH8+APO8+APV8+AQC8+AQJ8 | AQS8: =IFERROR(AQR8/AQQ8/7,"") | AQT8: =AOU8+APB8+API8+APP8+APW8+AQD8+AQK8 | AQU8: =IFERROR(AQT8/AQR8,"") | AQV8: =AOX8+APE8+APL8+APS8+APZ8+AQG8+AQN8 | AQW8: =IFERROR(AQR8/AQQ8/7,"") | ASV8: 7 | ASW8: =AQY8+ARF8+ARM8+ART8+ASA8+ASH8+ASO8 | ASX8: =IFERROR(ASW8/ASV8/7,"") | ASY8: =AQZ8+ARG8+ARN8+ARU8+ASB8+ASI8+ASP8 | ASZ8: =IFERROR(ASY8/ASW8,"") | ATA8: =ARC8+ARJ8+ARQ8+ARX8+ASE8+ASL8+ASS8 | ATB8: =IFERROR(ASW8/ASV8/7,"") | AVA8: 7 | AVB8: =ATD8+ATK8+ATR8+ATY8+AUF8+AUM8+AUT8 | AVC8: =IFERROR(AVB8/AVA8/7,"") | AVD8: =ATE8+ATL8+ATS8+ATZ8+AUG8+AUN8+AUU8 | AVE8: =IFERROR(AVD8/AVB8,"") | AVF8: =ATH8+ATO8+ATV8+AUC8+AUJ8+AUQ8+AUX8 | AVG8: =IFERROR(AVB8/AVA8/7,"") | AXF8: 7 | AXG8: =AVI8+AVP8+AVW8+AWD8+AWK8+AWR8+AWY8 | AXH8: =IFERROR(AXG8/AXF8/7,"") | AXI8: =AVJ8+AVQ8+AVX8+AWE8+AWL8+AWS8+AWZ8 | AXJ8: =IFERROR(AXI8/AXG8,"") | AXK8: =AVM8+AVT8+AWA8+AWH8+AWO8+AWV8+AXC8 | AXL8: =IFERROR(AXG8/AXF8/7,"") | AZK8: 7 | AZL8: =AXN8+AXU8+AYB8+AYI8+AYP8+AYW8+AZD8 | AZM8: =IFERROR(AZL8/AZK8/7,"") | AZN8: =AXO8+AXV8+AYC8+AYJ8+AYQ8+AYX8+AZE8 | AZO8: =IFERROR(AZN8/AZL8,"") | AZP8: =AXR8+AXY8+AYF8+AYM8+AYT8+AZA8+AZH8 | AZQ8: =IFERROR(AZL8/AZK8/7,"") | BBP8: 7 | BBQ8: =AZS8+AZZ8+BAG8+BAN8+BAU8+BBB8+BBI8 | BBR8: =IFERROR(BBQ8/BBP8/7,"") | BBS8: =AZT8+BAA8+BAH8+BAO8+BAV8+BBC8+BBJ8 | BBT8: =IFERROR(BBS8/BBQ8,"") | BBU8: =AZW8+BAD8+BAK8+BAR8+BAY8+BBF8+BBM8 | BBV8: =IFERROR(BBQ8/BBP8/7,"") | BDU8: 7 | BDV8: =BBX8+BCE8+BCL8+BCS8+BCZ8+BDG8+BDN8 | BDW8: =IFERROR(BDV8/BDU8/7,"") | BDX8: =BBY8+BCF8+BCM8+BCT8+BDA8+BDH8+BDO8 | BDY8: =IFERROR(BDX8/BDV8,"") | BDZ8: =BCB8+BCI8+BCP8+BCW8+BDD8+BDK8+BDR8 | BEA8: =IFERROR(BDV8/BDU8/7,"") | BFZ8: 7 | BGA8: =BEC8+BEJ8+BEQ8+BEX8+BFE8+BFL8+BFS8 | BGB8: =IFERROR(BGA8/BFZ8/7,"") | BGC8: =BED8+BEK8+BER8+BEY8+BFF8+BFM8+BFT8 | BGD8: =IFERROR(BGC8/BGA8,"") | BGE8: =BEG8+BEN8+BEU8+BFB8+BFI8+BFP8+BFW8 | BGF8: =IFERROR(BGA8/BFZ8/7,"") | BIE8: 7 | BIF8: =BGH8+BGO8+BGV8+BHC8+BHJ8+BHQ8+BHX8 | BIG8: =IFERROR(BIF8/BIE8/7,"") | BIH8: =BGI8+BGP8+BGW8+BHD8+BHK8+BHR8+BHY8 | BII8: =IFERROR(BIH8/BIF8,"") | BIJ8: =BGL8+BGS8+BGZ8+BHG8+BHN8+BHU8+BIB8 | BIK8: =IFERROR(BIF8/BIE8/7,"") | BKJ8: 7 | BKK8: =BIM8+BIT8+BJA8+BJH8+BJO8+BJV8+BKC8 | BKL8: =IFERROR(BKK8/BKJ8/7,"") | BKM8: =BIN8+BIU8+BJB8+BJI8+BJP8+BJW8+BKD8 | BKN8: =IFERROR(BKM8/BKK8,"") | BKO8: =BIQ8+BIX8+BJE8+BJL8+BJS8+BJZ8+BKG8 | BKP8: =IFERROR(BKK8/BKJ8/7,"") | BMO8: 7 | BMP8: =BKR8+BKY8+BLF8+BLM8+BLT8+BMA8+BMH8 | BMQ8: =IFERROR(BMP8/BMO8/7,"") | BMR8: =BKS8+BKZ8+BLG8+BLN8+BLU8+BMB8+BMI8 | BMS8: =IFERROR(BMR8/BMP8,"") | BMT8: =BKV8+BLC8+BLJ8+BLQ8+BLX8+BME8+BML8 | BMU8: =IFERROR(BMP8/BMO8/7,"") | BOT8: 7 | BOU8: =BMW8+BND8+BNK8+BNR8+BNY8+BOF8+BOM8 | BOV8: =IFERROR(BOU8/BOT8/7,"") | BOW8: =BMX8+BNE8+BNL8+BNS8+BNZ8+BOG8+BON8 | BOX8: =IFERROR(BOW8/BOU8,"") | BOY8: =BNA8+BNH8+BNO8+BNV8+BOC8+BOJ8+BOQ8 | BOZ8: =IFERROR(BOU8/BOT8/7,"") | BQY8: 7 | BQZ8: =BPB8+BPI8+BPP8+BPW8+BQD8+BQK8+BQR8 | BRA8: =IFERROR(BQZ8/BQY8/7,"") | BRB8: =BPC8+BPJ8+BPQ8+BPX8+BQE8+BQL8+BQS8 | BRC8: =IFERROR(BRB8/BQZ8,"") | BRD8: =BPF8+BPM8+BPT8+BQA8+BQH8+BQO8+BQV8 | BRE8: =IFERROR(BQZ8/BQY8/7,"") | BTD8: 7 | BTE8: =BRG8+BRN8+BRU8+BSB8+BSI8+BSP8+BSW8 | BTF8: =IFERROR(BTE8/BTD8/7,"") | BTG8: =BRH8+BRO8+BRV8+BSC8+BSJ8+BSQ8+BSX8 | BTH8: =IFERROR(BTG8/BTE8,"") | BTI8: =BRK8+BRR8+BRY8+BSF8+BSM8+BST8+BTA8 | BTJ8: =IFERROR(BTE8/BTD8/7,"") | BVI8: 7 | BVJ8: =BTL8+BTS8+BTZ8+BUG8+BUN8+BUU8+BVB8 | BVK8: =IFERROR(BVJ8/BVI8/7,"") | BVL8: =BTM8+BTT8+BUA8+BUH8+BUO8+BUV8+BVC8 | BVM8: =IFERROR(BVL8/BVJ8,"") | BVN8: =BTP8+BTW8+BUD8+BUK8+BUR8+BUY8+BVF8 | BVO8: =IFERROR(BVJ8/BVI8/7,"") | BXN8: 7 | BXO8: =BVQ8+BVX8+BWE8+BWL8+BWS8+BWZ8+BXG8 | BXP8: =IFERROR(BXO8/BXN8/7,"") | BXQ8: =BVR8+BVY8+BWF8+BWM8+BWT8+BXA8+BXH8 | BXR8: =IFERROR(BXQ8/BXO8,"") | BXS8: =BVU8+BWB8+BWI8+BWP8+BWW8+BXD8+BXK8 | BXT8: =IFERROR(BXO8/BXN8/7,"") | BZS8: 7 | BZT8: =BXV8+BYC8+BYJ8+BYQ8+BYX8+BZE8+BZL8 | BZU8: =IFERROR(BZT8/BZS8/7,"") | BZV8: =BXW8+BYD8+BYK8+BYR8+BYY8+BZF8+BZM8 | BZW8: =IFERROR(BZV8/BZT8,"") | BZX8: =BXZ8+BYG8+BYN8+BYU8+BZB8+BZI8+BZP8 | BZY8: =IFERROR(BZT8/BZS8/7,"")
A9: 6 | AZ9: 7 | BA9: =C9+J9+Q9+X9+AE9+AL9+AS9 | BB9: =IFERROR(BA9/AZ9/7,"") | BC9: =D9+K9+R9+Y9+AF9+AM9+AT9 | BD9: =IFERROR(BC9/BA9,"") | BE9: =G9+N9+U9+AB9+AI9+AP9+AW9 | BF9: =IFERROR(BA9/AZ9/7,"") | DE9: 7 | DF9: =BH9+BO9+BV9+CC9+CJ9+CQ9+CX9 | DG9: =IFERROR(DF9/DE9/7,"") | DH9: =BI9+BP9+BW9+CD9+CK9+CR9+CY9 | DI9: =IFERROR(DH9/DF9,"") | DJ9: =BL9+BS9+BZ9+CG9+CN9+CU9+DB9 | DK9: =IFERROR(DF9/DE9/7,"") | FJ9: 7 | FK9: =DM9+DT9+EA9+EH9+EO9+EV9+FC9 | FL9: =IFERROR(FK9/FJ9/7,"") | FM9: =DN9+DU9+EB9+EI9+EP9+EW9+FD9 | FN9: =IFERROR(FM9/FK9,"") | FO9: =DQ9+DX9+EE9+EL9+ES9+EZ9+FG9 | FP9: =IFERROR(FK9/FJ9/7,"") | HO9: 7 | HP9: =FR9+FY9+GF9+GM9+GT9+HA9+HH9 | HQ9: =IFERROR(HP9/HO9/7,"") | HR9: =FS9+FZ9+GG9+GN9+GU9+HB9+HI9 | HS9: =IFERROR(HR9/HP9,"") | HT9: =FV9+GC9+GJ9+GQ9+GX9+HE9+HL9 | HU9: =IFERROR(HP9/HO9/7,"") | JT9: 7 | JU9: =HW9+ID9+IK9+IR9+IY9+JF9+JM9 | JV9: =IFERROR(JU9/JT9/7,"") | JW9: =HX9+IE9+IL9+IS9+IZ9+JG9+JN9 | JX9: =IFERROR(JW9/JU9,"") | JY9: =IA9+IH9+IO9+IV9+JC9+JJ9+JQ9 | JZ9: =IFERROR(JU9/JT9/7,"") | LY9: 7 | LZ9: =KB9+KI9+KP9+KW9+LD9+LK9+LR9 | MA9: =IFERROR(LZ9/LY9/7,"") | MB9: =KC9+KJ9+KQ9+KX9+LE9+LL9+LS9 | MC9: =IFERROR(MB9/LZ9,"") | MD9: =KF9+KM9+KT9+LA9+LH9+LO9+LV9 | ME9: =IFERROR(LZ9/LY9/7,"") | OD9: 7 | OE9: =MG9+MN9+MU9+NB9+NI9+NP9+NW9 | OF9: =IFERROR(OE9/OD9/7,"") | OG9: =MH9+MO9+MV9+NC9+NJ9+NQ9+NX9 | OH9: =IFERROR(OG9/OE9,"") | OI9: =MK9+MR9+MY9+NF9+NM9+NT9+OA9 | OJ9: =IFERROR(OE9/OD9/7,"") | QI9: 7 | QJ9: =OL9+OS9+OZ9+PG9+PN9+PU9+QB9 | QK9: =IFERROR(QJ9/QI9/7,"") | QL9: =OM9+OT9+PA9+PH9+PO9+PV9+QC9 | QM9: =IFERROR(QL9/QJ9,"") | QN9: =OP9+OW9+PD9+PK9+PR9+PY9+QF9 | QO9: =IFERROR(QJ9/QI9/7,"") | SN9: 7 | SO9: =QQ9+QX9+RE9+RL9+RS9+RZ9+SG9 | SP9: =IFERROR(SO9/SN9/7,"") | SQ9: =QR9+QY9+RF9+RM9+RT9+SA9+SH9 | SR9: =IFERROR(SQ9/SO9,"") | SS9: =QU9+RB9+RI9+RP9+RW9+SD9+SK9 | ST9: =IFERROR(SO9/SN9/7,"") | US9: 7 | UT9: =SV9+TC9+TJ9+TQ9+TX9+UE9+UL9 | UU9: =IFERROR(UT9/US9/7,"") | UV9: =SW9+TD9+TK9+TR9+TY9+UF9+UM9 | UW9: =IFERROR(UV9/UT9,"") | UX9: =SZ9+TG9+TN9+TU9+UB9+UI9+UP9 | UY9: =IFERROR(UT9/US9/7,"") | WX9: 7 | WY9: =VA9+VH9+VO9+VV9+WC9+WJ9+WQ9 | WZ9: =IFERROR(WY9/WX9/7,"") | XA9: =VB9+VI9+VP9+VW9+WD9+WK9+WR9 | XB9: =IFERROR(XA9/WY9,"") | XC9: =VE9+VL9+VS9+VZ9+WG9+WN9+WU9 | XD9: =IFERROR(WY9/WX9/7,"") | ZC9: 7 | ZD9: =XF9+XM9+XT9+YA9+YH9+YO9+YV9 | ZE9: =IFERROR(ZD9/ZC9/7,"") | ZF9: =XG9+XN9+XU9+YB9+YI9+YP9+YW9 | ZG9: =IFERROR(ZF9/ZD9,"") | ZH9: =XJ9+XQ9+XX9+YE9+YL9+YS9+YZ9 | ZI9: =IFERROR(ZD9/ZC9/7,"") | ABH9: 7 | ABI9: =ZK9+ZR9+ZY9+AAF9+AAM9+AAT9+ABA9 | ABJ9: =IFERROR(ABI9/ABH9/7,"") | ABK9: =ZL9+ZS9+ZZ9+AAG9+AAN9+AAU9+ABB9 | ABL9: =IFERROR(ABK9/ABI9,"") | ABM9: =ZO9+ZV9+AAC9+AAJ9+AAQ9+AAX9+ABE9 | ABN9: =IFERROR(ABI9/ABH9/7,"") | ADM9: 7 | ADN9: =ABP9+ABW9+ACD9+ACK9+ACR9+ACY9+ADF9 | ADO9: =IFERROR(ADN9/ADM9/7,"") | ADP9: =ABQ9+ABX9+ACE9+ACL9+ACS9+ACZ9+ADG9 | ADQ9: =IFERROR(ADP9/ADN9,"") | ADR9: =ABT9+ACA9+ACH9+ACO9+ACV9+ADC9+ADJ9 | ADS9: =IFERROR(ADN9/ADM9/7,"") | AFR9: 7 | AFS9: =ADU9+AEB9+AEI9+AEP9+AEW9+AFD9+AFK9 | AFT9: =IFERROR(AFS9/AFR9/7,"") | AFU9: =ADV9+AEC9+AEJ9+AEQ9+AEX9+AFE9+AFL9 | AFV9: =IFERROR(AFU9/AFS9,"") | AFW9: =ADY9+AEF9+AEM9+AET9+AFA9+AFH9+AFO9 | AFX9: =IFERROR(AFS9/AFR9/7,"") | AHW9: 7 | AHX9: =AFZ9+AGG9+AGN9+AGU9+AHB9+AHI9+AHP9 | AHY9: =IFERROR(AHX9/AHW9/7,"") | AHZ9: =AGA9+AGH9+AGO9+AGV9+AHC9+AHJ9+AHQ9 | AIA9: =IFERROR(AHZ9/AHX9,"") | AIB9: =AGD9+AGK9+AGR9+AGY9+AHF9+AHM9+AHT9 | AIC9: =IFERROR(AHX9/AHW9/7,"") | AKB9: 7 | AKC9: =AIE9+AIL9+AIS9+AIZ9+AJG9+AJN9+AJU9 | AKD9: =IFERROR(AKC9/AKB9/7,"") | AKE9: =AIF9+AIM9+AIT9+AJA9+AJH9+AJO9+AJV9 | AKF9: =IFERROR(AKE9/AKC9,"") | AKG9: =AII9+AIP9+AIW9+AJD9+AJK9+AJR9+AJY9 | AKH9: =IFERROR(AKC9/AKB9/7,"") | AMG9: 7 | AMH9: =AKJ9+AKQ9+AKX9+ALE9+ALL9+ALS9+ALZ9 | AMI9: =IFERROR(AMH9/AMG9/7,"") | AMJ9: =AKK9+AKR9+AKY9+ALF9+ALM9+ALT9+AMA9 | AMK9: =IFERROR(AMJ9/AMH9,"") | AML9: =AKN9+AKU9+ALB9+ALI9+ALP9+ALW9+AMD9 | AMM9: =IFERROR(AMH9/AMG9/7,"") | AOL9: 7 | AOM9: =AMO9+AMV9+ANC9+ANJ9+ANQ9+ANX9+AOE9 | AON9: =IFERROR(AOM9/AOL9/7,"") | AOO9: =AMP9+AMW9+AND9+ANK9+ANR9+ANY9+AOF9 | AOP9: =IFERROR(AOO9/AOM9,"") | AOQ9: =AMS9+AMZ9+ANG9+ANN9+ANU9+AOB9+AOI9 | AOR9: =IFERROR(AOM9/AOL9/7,"") | AQQ9: 7 | AQR9: =AOT9+APA9+APH9+APO9+APV9+AQC9+AQJ9 | AQS9: =IFERROR(AQR9/AQQ9/7,"") | AQT9: =AOU9+APB9+API9+APP9+APW9+AQD9+AQK9 | AQU9: =IFERROR(AQT9/AQR9,"") | AQV9: =AOX9+APE9+APL9+APS9+APZ9+AQG9+AQN9 | AQW9: =IFERROR(AQR9/AQQ9/7,"") | ASV9: 7 | ASW9: =AQY9+ARF9+ARM9+ART9+ASA9+ASH9+ASO9 | ASX9: =IFERROR(ASW9/ASV9/7,"") | ASY9: =AQZ9+ARG9+ARN9+ARU9+ASB9+ASI9+ASP9 | ASZ9: =IFERROR(ASY9/ASW9,"") | ATA9: =ARC9+ARJ9+ARQ9+ARX9+ASE9+ASL9+ASS9 | ATB9: =IFERROR(ASW9/ASV9/7,"") | AVA9: 7 | AVB9: =ATD9+ATK9+ATR9+ATY9+AUF9+AUM9+AUT9 | AVC9: =IFERROR(AVB9/AVA9/7,"") | AVD9: =ATE9+ATL9+ATS9+ATZ9+AUG9+AUN9+AUU9 | AVE9: =IFERROR(AVD9/AVB9,"") | AVF9: =ATH9+ATO9+ATV9+AUC9+AUJ9+AUQ9+AUX9 | AVG9: =IFERROR(AVB9/AVA9/7,"") | AXF9: 7 | AXG9: =AVI9+AVP9+AVW9+AWD9+AWK9+AWR9+AWY9 | AXH9: =IFERROR(AXG9/AXF9/7,"") | AXI9: =AVJ9+AVQ9+AVX9+AWE9+AWL9+AWS9+AWZ9 | AXJ9: =IFERROR(AXI9/AXG9,"") | AXK9: =AVM9+AVT9+AWA9+AWH9+AWO9+AWV9+AXC9 | AXL9: =IFERROR(AXG9/AXF9/7,"") | AZK9: 7 | AZL9: =AXN9+AXU9+AYB9+AYI9+AYP9+AYW9+AZD9 | AZM9: =IFERROR(AZL9/AZK9/7,"") | AZN9: =AXO9+AXV9+AYC9+AYJ9+AYQ9+AYX9+AZE9 | AZO9: =IFERROR(AZN9/AZL9,"") | AZP9: =AXR9+AXY9+AYF9+AYM9+AYT9+AZA9+AZH9 | AZQ9: =IFERROR(AZL9/AZK9/7,"") | BBP9: 7 | BBQ9: =AZS9+AZZ9+BAG9+BAN9+BAU9+BBB9+BBI9 | BBR9: =IFERROR(BBQ9/BBP9/7,"") | BBS9: =AZT9+BAA9+BAH9+BAO9+BAV9+BBC9+BBJ9 | BBT9: =IFERROR(BBS9/BBQ9,"") | BBU9: =AZW9+BAD9+BAK9+BAR9+BAY9+BBF9+BBM9 | BBV9: =IFERROR(BBQ9/BBP9/7,"") | BDU9: 7 | BDV9: =BBX9+BCE9+BCL9+BCS9+BCZ9+BDG9+BDN9 | BDW9: =IFERROR(BDV9/BDU9/7,"") | BDX9: =BBY9+BCF9+BCM9+BCT9+BDA9+BDH9+BDO9 | BDY9: =IFERROR(BDX9/BDV9,"") | BDZ9: =BCB9+BCI9+BCP9+BCW9+BDD9+BDK9+BDR9 | BEA9: =IFERROR(BDV9/BDU9/7,"") | BFZ9: 7 | BGA9: =BEC9+BEJ9+BEQ9+BEX9+BFE9+BFL9+BFS9 | BGB9: =IFERROR(BGA9/BFZ9/7,"") | BGC9: =BED9+BEK9+BER9+BEY9+BFF9+BFM9+BFT9 | BGD9: =IFERROR(BGC9/BGA9,"") | BGE9: =BEG9+BEN9+BEU9+BFB9+BFI9+BFP9+BFW9 | BGF9: =IFERROR(BGA9/BFZ9/7,"") | BIE9: 7 | BIF9: =BGH9+BGO9+BGV9+BHC9+BHJ9+BHQ9+BHX9 | BIG9: =IFERROR(BIF9/BIE9/7,"") | BIH9: =BGI9+BGP9+BGW9+BHD9+BHK9+BHR9+BHY9 | BII9: =IFERROR(BIH9/BIF9,"") | BIJ9: =BGL9+BGS9+BGZ9+BHG9+BHN9+BHU9+BIB9 | BIK9: =IFERROR(BIF9/BIE9/7,"") | BKJ9: 7 | BKK9: =BIM9+BIT9+BJA9+BJH9+BJO9+BJV9+BKC9 | BKL9: =IFERROR(BKK9/BKJ9/7,"") | BKM9: =BIN9+BIU9+BJB9+BJI9+BJP9+BJW9+BKD9 | BKN9: =IFERROR(BKM9/BKK9,"") | BKO9: =BIQ9+BIX9+BJE9+BJL9+BJS9+BJZ9+BKG9 | BKP9: =IFERROR(BKK9/BKJ9/7,"") | BMO9: 7 | BMP9: =BKR9+BKY9+BLF9+BLM9+BLT9+BMA9+BMH9 | BMQ9: =IFERROR(BMP9/BMO9/7,"") | BMR9: =BKS9+BKZ9+BLG9+BLN9+BLU9+BMB9+BMI9 | BMS9: =IFERROR(BMR9/BMP9,"") | BMT9: =BKV9+BLC9+BLJ9+BLQ9+BLX9+BME9+BML9 | BMU9: =IFERROR(BMP9/BMO9/7,"") | BOT9: 7 | BOU9: =BMW9+BND9+BNK9+BNR9+BNY9+BOF9+BOM9 | BOV9: =IFERROR(BOU9/BOT9/7,"") | BOW9: =BMX9+BNE9+BNL9+BNS9+BNZ9+BOG9+BON9 | BOX9: =IFERROR(BOW9/BOU9,"") | BOY9: =BNA9+BNH9+BNO9+BNV9+BOC9+BOJ9+BOQ9 | BOZ9: =IFERROR(BOU9/BOT9/7,"") | BQY9: 7 | BQZ9: =BPB9+BPI9+BPP9+BPW9+BQD9+BQK9+BQR9 | BRA9: =IFERROR(BQZ9/BQY9/7,"") | BRB9: =BPC9+BPJ9+BPQ9+BPX9+BQE9+BQL9+BQS9 | BRC9: =IFERROR(BRB9/BQZ9,"") | BRD9: =BPF9+BPM9+BPT9+BQA9+BQH9+BQO9+BQV9 | BRE9: =IFERROR(BQZ9/BQY9/7,"") | BTD9: 7 | BTE9: =BRG9+BRN9+BRU9+BSB9+BSI9+BSP9+BSW9 | BTF9: =IFERROR(BTE9/BTD9/7,"") | BTG9: =BRH9+BRO9+BRV9+BSC9+BSJ9+BSQ9+BSX9 | BTH9: =IFERROR(BTG9/BTE9,"") | BTI9: =BRK9+BRR9+BRY9+BSF9+BSM9+BST9+BTA9 | BTJ9: =IFERROR(BTE9/BTD9/7,"") | BVI9: 7 | BVJ9: =BTL9+BTS9+BTZ9+BUG9+BUN9+BUU9+BVB9 | BVK9: =IFERROR(BVJ9/BVI9/7,"") | BVL9: =BTM9+BTT9+BUA9+BUH9+BUO9+BUV9+BVC9 | BVM9: =IFERROR(BVL9/BVJ9,"") | BVN9: =BTP9+BTW9+BUD9+BUK9+BUR9+BUY9+BVF9 | BVO9: =IFERROR(BVJ9/BVI9/7,"") | BXN9: 7 | BXO9: =BVQ9+BVX9+BWE9+BWL9+BWS9+BWZ9+BXG9 | BXP9: =IFERROR(BXO9/BXN9/7,"") | BXQ9: =BVR9+BVY9+BWF9+BWM9+BWT9+BXA9+BXH9 | BXR9: =IFERROR(BXQ9/BXO9,"") | BXS9: =BVU9+BWB9+BWI9+BWP9+BWW9+BXD9+BXK9 | BXT9: =IFERROR(BXO9/BXN9/7,"") | BZS9: 7 | BZT9: =BXV9+BYC9+BYJ9+BYQ9+BYX9+BZE9+BZL9 | BZU9: =IFERROR(BZT9/BZS9/7,"") | BZV9: =BXW9+BYD9+BYK9+BYR9+BYY9+BZF9+BZM9 | BZW9: =IFERROR(BZV9/BZT9,"") | BZX9: =BXZ9+BYG9+BYN9+BYU9+BZB9+BZI9+BZP9 | BZY9: =IFERROR(BZT9/BZS9/7,"")
A10: 7 | AZ10: 7 | BA10: =C10+J10+Q10+X10+AE10+AL10+AS10 | BB10: =IFERROR(BA10/AZ10/7,"") | BC10: =D10+K10+R10+Y10+AF10+AM10+AT10 | BD10: =IFERROR(BC10/BA10,"") | BE10: =G10+N10+U10+AB10+AI10+AP10+AW10 | BF10: =IFERROR(BA10/AZ10/7,"") | DE10: 7 | DF10: =BH10+BO10+BV10+CC10+CJ10+CQ10+CX10 | DG10: =IFERROR(DF10/DE10/7,"") | DH10: =BI10+BP10+BW10+CD10+CK10+CR10+CY10 | DI10: =IFERROR(DH10/DF10,"") | DJ10: =BL10+BS10+BZ10+CG10+CN10+CU10+DB10 | DK10: =IFERROR(DF10/DE10/7,"") | FJ10: 7 | FK10: =DM10+DT10+EA10+EH10+EO10+EV10+FC10 | FL10: =IFERROR(FK10/FJ10/7,"") | FM10: =DN10+DU10+EB10+EI10+EP10+EW10+FD10 | FN10: =IFERROR(FM10/FK10,"") | FO10: =DQ10+DX10+EE10+EL10+ES10+EZ10+FG10 | FP10: =IFERROR(FK10/FJ10/7,"") | HO10: 7 | HP10: =FR10+FY10+GF10+GM10+GT10+HA10+HH10 | HQ10: =IFERROR(HP10/HO10/7,"") | HR10: =FS10+FZ10+GG10+GN10+GU10+HB10+HI10 | HS10: =IFERROR(HR10/HP10,"") | HT10: =FV10+GC10+GJ10+GQ10+GX10+HE10+HL10 | HU10: =IFERROR(HP10/HO10/7,"") | JT10: 7 | JU10: =HW10+ID10+IK10+IR10+IY10+JF10+JM10 | JV10: =IFERROR(JU10/JT10/7,"") | JW10: =HX10+IE10+IL10+IS10+IZ10+JG10+JN10 | JX10: =IFERROR(JW10/JU10,"") | JY10: =IA10+IH10+IO10+IV10+JC10+JJ10+JQ10 | JZ10: =IFERROR(JU10/JT10/7,"") | LY10: 7 | LZ10: =KB10+KI10+KP10+KW10+LD10+LK10+LR10 | MA10: =IFERROR(LZ10/LY10/7,"") | MB10: =KC10+KJ10+KQ10+KX10+LE10+LL10+LS10 | MC10: =IFERROR(MB10/LZ10,"") | MD10: =KF10+KM10+KT10+LA10+LH10+LO10+LV10 | ME10: =IFERROR(LZ10/LY10/7,"") | OD10: 7 | OE10: =MG10+MN10+MU10+NB10+NI10+NP10+NW10 | OF10: =IFERROR(OE10/OD10/7,"") | OG10: =MH10+MO10+MV10+NC10+NJ10+NQ10+NX10 | OH10: =IFERROR(OG10/OE10,"") | OI10: =MK10+MR10+MY10+NF10+NM10+NT10+OA10 | OJ10: =IFERROR(OE10/OD10/7,"") | QI10: 7 | QJ10: =OL10+OS10+OZ10+PG10+PN10+PU10+QB10 | QK10: =IFERROR(QJ10/QI10/7,"") | QL10: =OM10+OT10+PA10+PH10+PO10+PV10+QC10 | QM10: =IFERROR(QL10/QJ10,"") | QN10: =OP10+OW10+PD10+PK10+PR10+PY10+QF10 | QO10: =IFERROR(QJ10/QI10/7,"") | SN10: 7 | SO10: =QQ10+QX10+RE10+RL10+RS10+RZ10+SG10 | SP10: =IFERROR(SO10/SN10/7,"") | SQ10: =QR10+QY10+RF10+RM10+RT10+SA10+SH10 | SR10: =IFERROR(SQ10/SO10,"") | SS10: =QU10+RB10+RI10+RP10+RW10+SD10+SK10 | ST10: =IFERROR(SO10/SN10/7,"") | US10: 7 | UT10: =SV10+TC10+TJ10+TQ10+TX10+UE10+UL10 | UU10: =IFERROR(UT10/US10/7,"") | UV10: =SW10+TD10+TK10+TR10+TY10+UF10+UM10 | UW10: =IFERROR(UV10/UT10,"") | UX10: =SZ10+TG10+TN10+TU10+UB10+UI10+UP10 | UY10: =IFERROR(UT10/US10/7,"") | WX10: 7 | WY10: =VA10+VH10+VO10+VV10+WC10+WJ10+WQ10 | WZ10: =IFERROR(WY10/WX10/7,"") | XA10: =VB10+VI10+VP10+VW10+WD10+WK10+WR10 | XB10: =IFERROR(XA10/WY10,"") | XC10: =VE10+VL10+VS10+VZ10+WG10+WN10+WU10 | XD10: =IFERROR(WY10/WX10/7,"") | ZC10: 7 | ZD10: =XF10+XM10+XT10+YA10+YH10+YO10+YV10 | ZE10: =IFERROR(ZD10/ZC10/7,"") | ZF10: =XG10+XN10+XU10+YB10+YI10+YP10+YW10 | ZG10: =IFERROR(ZF10/ZD10,"") | ZH10: =XJ10+XQ10+XX10+YE10+YL10+YS10+YZ10 | ZI10: =IFERROR(ZD10/ZC10/7,"") | ABH10: 7 | ABI10: =ZK10+ZR10+ZY10+AAF10+AAM10+AAT10+ABA10 | ABJ10: =IFERROR(ABI10/ABH10/7,"") | ABK10: =ZL10+ZS10+ZZ10+AAG10+AAN10+AAU10+ABB10 | ABL10: =IFERROR(ABK10/ABI10,"") | ABM10: =ZO10+ZV10+AAC10+AAJ10+AAQ10+AAX10+ABE10 | ABN10: =IFERROR(ABI10/ABH10/7,"") | ADM10: 7 | ADN10: =ABP10+ABW10+ACD10+ACK10+ACR10+ACY10+ADF10 | ADO10: =IFERROR(ADN10/ADM10/7,"") | ADP10: =ABQ10+ABX10+ACE10+ACL10+ACS10+ACZ10+ADG10 | ADQ10: =IFERROR(ADP10/ADN10,"") | ADR10: =ABT10+ACA10+ACH10+ACO10+ACV10+ADC10+ADJ10 | ADS10: =IFERROR(ADN10/ADM10/7,"") | AFR10: 7 | AFS10: =ADU10+AEB10+AEI10+AEP10+AEW10+AFD10+AFK10 | AFT10: =IFERROR(AFS10/AFR10/7,"") | AFU10: =ADV10+AEC10+AEJ10+AEQ10+AEX10+AFE10+AFL10 | AFV10: =IFERROR(AFU10/AFS10,"") | AFW10: =ADY10+AEF10+AEM10+AET10+AFA10+AFH10+AFO10 | AFX10: =IFERROR(AFS10/AFR10/7,"") | AHW10: 7 | AHX10: =AFZ10+AGG10+AGN10+AGU10+AHB10+AHI10+AHP10 | AHY10: =IFERROR(AHX10/AHW10/7,"") | AHZ10: =AGA10+AGH10+AGO10+AGV10+AHC10+AHJ10+AHQ10 | AIA10: =IFERROR(AHZ10/AHX10,"") | AIB10: =AGD10+AGK10+AGR10+AGY10+AHF10+AHM10+AHT10 | AIC10: =IFERROR(AHX10/AHW10/7,"") | AKB10: 7 | AKC10: =AIE10+AIL10+AIS10+AIZ10+AJG10+AJN10+AJU10 | AKD10: =IFERROR(AKC10/AKB10/7,"") | AKE10: =AIF10+AIM10+AIT10+AJA10+AJH10+AJO10+AJV10 | AKF10: =IFERROR(AKE10/AKC10,"") | AKG10: =AII10+AIP10+AIW10+AJD10+AJK10+AJR10+AJY10 | AKH10: =IFERROR(AKC10/AKB10/7,"") | AMG10: 7 | AMH10: =AKJ10+AKQ10+AKX10+ALE10+ALL10+ALS10+ALZ10 | AMI10: =IFERROR(AMH10/AMG10/7,"") | AMJ10: =AKK10+AKR10+AKY10+ALF10+ALM10+ALT10+AMA10 | AMK10: =IFERROR(AMJ10/AMH10,"") | AML10: =AKN10+AKU10+ALB10+ALI10+ALP10+ALW10+AMD10 | AMM10: =IFERROR(AMH10/AMG10/7,"") | AOL10: 7 | AOM10: =AMO10+AMV10+ANC10+ANJ10+ANQ10+ANX10+AOE10 | AON10: =IFERROR(AOM10/AOL10/7,"") | AOO10: =AMP10+AMW10+AND10+ANK10+ANR10+ANY10+AOF10 | AOP10: =IFERROR(AOO10/AOM10,"") | AOQ10: =AMS10+AMZ10+ANG10+ANN10+ANU10+AOB10+AOI10 | AOR10: =IFERROR(AOM10/AOL10/7,"") | AQQ10: 7 | AQR10: =AOT10+APA10+APH10+APO10+APV10+AQC10+AQJ10 | AQS10: =IFERROR(AQR10/AQQ10/7,"") | AQT10: =AOU10+APB10+API10+APP10+APW10+AQD10+AQK10 | AQU10: =IFERROR(AQT10/AQR10,"") | AQV10: =AOX10+APE10+APL10+APS10+APZ10+AQG10+AQN10 | AQW10: =IFERROR(AQR10/AQQ10/7,"") | ASV10: 7 | ASW10: =AQY10+ARF10+ARM10+ART10+ASA10+ASH10+ASO10 | ASX10: =IFERROR(ASW10/ASV10/7,"") | ASY10: =AQZ10+ARG10+ARN10+ARU10+ASB10+ASI10+ASP10 | ASZ10: =IFERROR(ASY10/ASW10,"") | ATA10: =ARC10+ARJ10+ARQ10+ARX10+ASE10+ASL10+ASS10 | ATB10: =IFERROR(ASW10/ASV10/7,"") | AVA10: 7 | AVB10: =ATD10+ATK10+ATR10+ATY10+AUF10+AUM10+AUT10 | AVC10: =IFERROR(AVB10/AVA10/7,"") | AVD10: =ATE10+ATL10+ATS10+ATZ10+AUG10+AUN10+AUU10 | AVE10: =IFERROR(AVD10/AVB10,"") | AVF10: =ATH10+ATO10+ATV10+AUC10+AUJ10+AUQ10+AUX10 | AVG10: =IFERROR(AVB10/AVA10/7,"") | AXF10: 7 | AXG10: =AVI10+AVP10+AVW10+AWD10+AWK10+AWR10+AWY10 | AXH10: =IFERROR(AXG10/AXF10/7,"") | AXI10: =AVJ10+AVQ10+AVX10+AWE10+AWL10+AWS10+AWZ10 | AXJ10: =IFERROR(AXI10/AXG10,"") | AXK10: =AVM10+AVT10+AWA10+AWH10+AWO10+AWV10+AXC10 | AXL10: =IFERROR(AXG10/AXF10/7,"") | AZK10: 7 | AZL10: =AXN10+AXU10+AYB10+AYI10+AYP10+AYW10+AZD10 | AZM10: =IFERROR(AZL10/AZK10/7,"") | AZN10: =AXO10+AXV10+AYC10+AYJ10+AYQ10+AYX10+AZE10 | AZO10: =IFERROR(AZN10/AZL10,"") | AZP10: =AXR10+AXY10+AYF10+AYM10+AYT10+AZA10+AZH10 | AZQ10: =IFERROR(AZL10/AZK10/7,"") | BBP10: 7 | BBQ10: =AZS10+AZZ10+BAG10+BAN10+BAU10+BBB10+BBI10 | BBR10: =IFERROR(BBQ10/BBP10/7,"") | BBS10: =AZT10+BAA10+BAH10+BAO10+BAV10+BBC10+BBJ10 | BBT10: =IFERROR(BBS10/BBQ10,"") | BBU10: =AZW10+BAD10+BAK10+BAR10+BAY10+BBF10+BBM10 | BBV10: =IFERROR(BBQ10/BBP10/7,"") | BDU10: 7 | BDV10: =BBX10+BCE10+BCL10+BCS10+BCZ10+BDG10+BDN10 | BDW10: =IFERROR(BDV10/BDU10/7,"") | BDX10: =BBY10+BCF10+BCM10+BCT10+BDA10+BDH10+BDO10 | BDY10: =IFERROR(BDX10/BDV10,"") | BDZ10: =BCB10+BCI10+BCP10+BCW10+BDD10+BDK10+BDR10 | BEA10: =IFERROR(BDV10/BDU10/7,"") | BFZ10: 7 | BGA10: =BEC10+BEJ10+BEQ10+BEX10+BFE10+BFL10+BFS10 | BGB10: =IFERROR(BGA10/BFZ10/7,"") | BGC10: =BED10+BEK10+BER10+BEY10+BFF10+BFM10+BFT10 | BGD10: =IFERROR(BGC10/BGA10,"") | BGE10: =BEG10+BEN10+BEU10+BFB10+BFI10+BFP10+BFW10 | BGF10: =IFERROR(BGA10/BFZ10/7,"") | BIE10: 7 | BIF10: =BGH10+BGO10+BGV10+BHC10+BHJ10+BHQ10+BHX10 | BIG10: =IFERROR(BIF10/BIE10/7,"") | BIH10: =BGI10+BGP10+BGW10+BHD10+BHK10+BHR10+BHY10 | BII10: =IFERROR(BIH10/BIF10,"") | BIJ10: =BGL10+BGS10+BGZ10+BHG10+BHN10+BHU10+BIB10 | BIK10: =IFERROR(BIF10/BIE10/7,"") | BKJ10: 7 | BKK10: =BIM10+BIT10+BJA10+BJH10+BJO10+BJV10+BKC10 | BKL10: =IFERROR(BKK10/BKJ10/7,"") | BKM10: =BIN10+BIU10+BJB10+BJI10+BJP10+BJW10+BKD10 | BKN10: =IFERROR(BKM10/BKK10,"") | BKO10: =BIQ10+BIX10+BJE10+BJL10+BJS10+BJZ10+BKG10 | BKP10: =IFERROR(BKK10/BKJ10/7,"") | BMO10: 7 | BMP10: =BKR10+BKY10+BLF10+BLM10+BLT10+BMA10+BMH10 | BMQ10: =IFERROR(BMP10/BMO10/7,"") | BMR10: =BKS10+BKZ10+BLG10+BLN10+BLU10+BMB10+BMI10 | BMS10: =IFERROR(BMR10/BMP10,"") | BMT10: =BKV10+BLC10+BLJ10+BLQ10+BLX10+BME10+BML10 | BMU10: =IFERROR(BMP10/BMO10/7,"") | BOT10: 7 | BOU10: =BMW10+BND10+BNK10+BNR10+BNY10+BOF10+BOM10 | BOV10: =IFERROR(BOU10/BOT10/7,"") | BOW10: =BMX10+BNE10+BNL10+BNS10+BNZ10+BOG10+BON10 | BOX10: =IFERROR(BOW10/BOU10,"") | BOY10: =BNA10+BNH10+BNO10+BNV10+BOC10+BOJ10+BOQ10 | BOZ10: =IFERROR(BOU10/BOT10/7,"") | BQY10: 7 | BQZ10: =BPB10+BPI10+BPP10+BPW10+BQD10+BQK10+BQR10 | BRA10: =IFERROR(BQZ10/BQY10/7,"") | BRB10: =BPC10+BPJ10+BPQ10+BPX10+BQE10+BQL10+BQS10 | BRC10: =IFERROR(BRB10/BQZ10,"") | BRD10: =BPF10+BPM10+BPT10+BQA10+BQH10+BQO10+BQV10 | BRE10: =IFERROR(BQZ10/BQY10/7,"") | BTD10: 7 | BTE10: =BRG10+BRN10+BRU10+BSB10+BSI10+BSP10+BSW10 | BTF10: =IFERROR(BTE10/BTD10/7,"") | BTG10: =BRH10+BRO10+BRV10+BSC10+BSJ10+BSQ10+BSX10 | BTH10: =IFERROR(BTG10/BTE10,"") | BTI10: =BRK10+BRR10+BRY10+BSF10+BSM10+BST10+BTA10 | BTJ10: =IFERROR(BTE10/BTD10/7,"") | BVI10: 7 | BVJ10: =BTL10+BTS10+BTZ10+BUG10+BUN10+BUU10+BVB10 | BVK10: =IFERROR(BVJ10/BVI10/7,"") | BVL10: =BTM10+BTT10+BUA10+BUH10+BUO10+BUV10+BVC10 | BVM10: =IFERROR(BVL10/BVJ10,"") | BVN10: =BTP10+BTW10+BUD10+BUK10+BUR10+BUY10+BVF10 | BVO10: =IFERROR(BVJ10/BVI10/7,"") | BXN10: 7 | BXO10: =BVQ10+BVX10+BWE10+BWL10+BWS10+BWZ10+BXG10 | BXP10: =IFERROR(BXO10/BXN10/7,"") | BXQ10: =BVR10+BVY10+BWF10+BWM10+BWT10+BXA10+BXH10 | BXR10: =IFERROR(BXQ10/BXO10,"") | BXS10: =BVU10+BWB10+BWI10+BWP10+BWW10+BXD10+BXK10 | BXT10: =IFERROR(BXO10/BXN10/7,"") | BZS10: 7 | BZT10: =BXV10+BYC10+BYJ10+BYQ10+BYX10+BZE10+BZL10 | BZU10: =IFERROR(BZT10/BZS10/7,"") | BZV10: =BXW10+BYD10+BYK10+BYR10+BYY10+BZF10+BZM10 | BZW10: =IFERROR(BZV10/BZT10,"") | BZX10: =BXZ10+BYG10+BYN10+BYU10+BZB10+BZI10+BZP10 | BZY10: =IFERROR(BZT10/BZS10/7,"")
A11: 8 | AZ11: 7 | BA11: =C11+J11+Q11+X11+AE11+AL11+AS11 | BB11: =IFERROR(BA11/AZ11/7,"") | BC11: =D11+K11+R11+Y11+AF11+AM11+AT11 | BD11: =IFERROR(BC11/BA11,"") | BE11: =G11+N11+U11+AB11+AI11+AP11+AW11 | BF11: =IFERROR(BA11/AZ11/7,"") | DE11: 7 | DF11: =BH11+BO11+BV11+CC11+CJ11+CQ11+CX11 | DG11: =IFERROR(DF11/DE11/7,"") | DH11: =BI11+BP11+BW11+CD11+CK11+CR11+CY11 | DI11: =IFERROR(DH11/DF11,"") | DJ11: =BL11+BS11+BZ11+CG11+CN11+CU11+DB11 | DK11: =IFERROR(DF11/DE11/7,"") | FJ11: 7 | FK11: =DM11+DT11+EA11+EH11+EO11+EV11+FC11 | FL11: =IFERROR(FK11/FJ11/7,"") | FM11: =DN11+DU11+EB11+EI11+EP11+EW11+FD11 | FN11: =IFERROR(FM11/FK11,"") | FO11: =DQ11+DX11+EE11+EL11+ES11+EZ11+FG11 | FP11: =IFERROR(FK11/FJ11/7,"") | HO11: 7 | HP11: =FR11+FY11+GF11+GM11+GT11+HA11+HH11 | HQ11: =IFERROR(HP11/HO11/7,"") | HR11: =FS11+FZ11+GG11+GN11+GU11+HB11+HI11 | HS11: =IFERROR(HR11/HP11,"") | HT11: =FV11+GC11+GJ11+GQ11+GX11+HE11+HL11 | HU11: =IFERROR(HP11/HO11/7,"") | JT11: 7 | JU11: =HW11+ID11+IK11+IR11+IY11+JF11+JM11 | JV11: =IFERROR(JU11/JT11/7,"") | JW11: =HX11+IE11+IL11+IS11+IZ11+JG11+JN11 | JX11: =IFERROR(JW11/JU11,"") | JY11: =IA11+IH11+IO11+IV11+JC11+JJ11+JQ11 | JZ11: =IFERROR(JU11/JT11/7,"") | LY11: 7 | LZ11: =KB11+KI11+KP11+KW11+LD11+LK11+LR11 | MA11: =IFERROR(LZ11/LY11/7,"") | MB11: =KC11+KJ11+KQ11+KX11+LE11+LL11+LS11 | MC11: =IFERROR(MB11/LZ11,"") | MD11: =KF11+KM11+KT11+LA11+LH11+LO11+LV11 | ME11: =IFERROR(LZ11/LY11/7,"") | OD11: 7 | OE11: =MG11+MN11+MU11+NB11+NI11+NP11+NW11 | OF11: =IFERROR(OE11/OD11/7,"") | OG11: =MH11+MO11+MV11+NC11+NJ11+NQ11+NX11 | OH11: =IFERROR(OG11/OE11,"") | OI11: =MK11+MR11+MY11+NF11+NM11+NT11+OA11 | OJ11: =IFERROR(OE11/OD11/7,"") | QI11: 7 | QJ11: =OL11+OS11+OZ11+PG11+PN11+PU11+QB11 | QK11: =IFERROR(QJ11/QI11/7,"") | QL11: =OM11+OT11+PA11+PH11+PO11+PV11+QC11 | QM11: =IFERROR(QL11/QJ11,"") | QN11: =OP11+OW11+PD11+PK11+PR11+PY11+QF11 | QO11: =IFERROR(QJ11/QI11/7,"") | SN11: 7 | SO11: =QQ11+QX11+RE11+RL11+RS11+RZ11+SG11 | SP11: =IFERROR(SO11/SN11/7,"") | SQ11: =QR11+QY11+RF11+RM11+RT11+SA11+SH11 | SR11: =IFERROR(SQ11/SO11,"") | SS11: =QU11+RB11+RI11+RP11+RW11+SD11+SK11 | ST11: =IFERROR(SO11/SN11/7,"") | US11: 7 | UT11: =SV11+TC11+TJ11+TQ11+TX11+UE11+UL11 | UU11: =IFERROR(UT11/US11/7,"") | UV11: =SW11+TD11+TK11+TR11+TY11+UF11+UM11 | UW11: =IFERROR(UV11/UT11,"") | UX11: =SZ11+TG11+TN11+TU11+UB11+UI11+UP11 | UY11: =IFERROR(UT11/US11/7,"") | WX11: 7 | WY11: =VA11+VH11+VO11+VV11+WC11+WJ11+WQ11 | WZ11: =IFERROR(WY11/WX11/7,"") | XA11: =VB11+VI11+VP11+VW11+WD11+WK11+WR11 | XB11: =IFERROR(XA11/WY11,"") | XC11: =VE11+VL11+VS11+VZ11+WG11+WN11+WU11 | XD11: =IFERROR(WY11/WX11/7,"") | ZC11: 7 | ZD11: =XF11+XM11+XT11+YA11+YH11+YO11+YV11 | ZE11: =IFERROR(ZD11/ZC11/7,"") | ZF11: =XG11+XN11+XU11+YB11+YI11+YP11+YW11 | ZG11: =IFERROR(ZF11/ZD11,"") | ZH11: =XJ11+XQ11+XX11+YE11+YL11+YS11+YZ11 | ZI11: =IFERROR(ZD11/ZC11/7,"") | ABH11: 7 | ABI11: =ZK11+ZR11+ZY11+AAF11+AAM11+AAT11+ABA11 | ABJ11: =IFERROR(ABI11/ABH11/7,"") | ABK11: =ZL11+ZS11+ZZ11+AAG11+AAN11+AAU11+ABB11 | ABL11: =IFERROR(ABK11/ABI11,"") | ABM11: =ZO11+ZV11+AAC11+AAJ11+AAQ11+AAX11+ABE11 | ABN11: =IFERROR(ABI11/ABH11/7,"") | ADM11: 7 | ADN11: =ABP11+ABW11+ACD11+ACK11+ACR11+ACY11+ADF11 | ADO11: =IFERROR(ADN11/ADM11/7,"") | ADP11: =ABQ11+ABX11+ACE11+ACL11+ACS11+ACZ11+ADG11 | ADQ11: =IFERROR(ADP11/ADN11,"") | ADR11: =ABT11+ACA11+ACH11+ACO11+ACV11+ADC11+ADJ11 | ADS11: =IFERROR(ADN11/ADM11/7,"") | AFR11: 7 | AFS11: =ADU11+AEB11+AEI11+AEP11+AEW11+AFD11+AFK11 | AFT11: =IFERROR(AFS11/AFR11/7,"") | AFU11: =ADV11+AEC11+AEJ11+AEQ11+AEX11+AFE11+AFL11 | AFV11: =IFERROR(AFU11/AFS11,"") | AFW11: =ADY11+AEF11+AEM11+AET11+AFA11+AFH11+AFO11 | AFX11: =IFERROR(AFS11/AFR11/7,"") | AHW11: 7 | AHX11: =AFZ11+AGG11+AGN11+AGU11+AHB11+AHI11+AHP11 | AHY11: =IFERROR(AHX11/AHW11/7,"") | AHZ11: =AGA11+AGH11+AGO11+AGV11+AHC11+AHJ11+AHQ11 | AIA11: =IFERROR(AHZ11/AHX11,"") | AIB11: =AGD11+AGK11+AGR11+AGY11+AHF11+AHM11+AHT11 | AIC11: =IFERROR(AHX11/AHW11/7,"") | AKB11: 7 | AKC11: =AIE11+AIL11+AIS11+AIZ11+AJG11+AJN11+AJU11 | AKD11: =IFERROR(AKC11/AKB11/7,"") | AKE11: =AIF11+AIM11+AIT11+AJA11+AJH11+AJO11+AJV11 | AKF11: =IFERROR(AKE11/AKC11,"") | AKG11: =AII11+AIP11+AIW11+AJD11+AJK11+AJR11+AJY11 | AKH11: =IFERROR(AKC11/AKB11/7,"") | AMG11: 7 | AMH11: =AKJ11+AKQ11+AKX11+ALE11+ALL11+ALS11+ALZ11 | AMI11: =IFERROR(AMH11/AMG11/7,"") | AMJ11: =AKK11+AKR11+AKY11+ALF11+ALM11+ALT11+AMA11 | AMK11: =IFERROR(AMJ11/AMH11,"") | AML11: =AKN11+AKU11+ALB11+ALI11+ALP11+ALW11+AMD11 | AMM11: =IFERROR(AMH11/AMG11/7,"") | AOL11: 7 | AOM11: =AMO11+AMV11+ANC11+ANJ11+ANQ11+ANX11+AOE11 | AON11: =IFERROR(AOM11/AOL11/7,"") | AOO11: =AMP11+AMW11+AND11+ANK11+ANR11+ANY11+AOF11 | AOP11: =IFERROR(AOO11/AOM11,"") | AOQ11: =AMS11+AMZ11+ANG11+ANN11+ANU11+AOB11+AOI11 | AOR11: =IFERROR(AOM11/AOL11/7,"") | AQQ11: 7 | AQR11: =AOT11+APA11+APH11+APO11+APV11+AQC11+AQJ11 | AQS11: =IFERROR(AQR11/AQQ11/7,"") | AQT11: =AOU11+APB11+API11+APP11+APW11+AQD11+AQK11 | AQU11: =IFERROR(AQT11/AQR11,"") | AQV11: =AOX11+APE11+APL11+APS11+APZ11+AQG11+AQN11 | AQW11: =IFERROR(AQR11/AQQ11/7,"") | ASV11: 7 | ASW11: =AQY11+ARF11+ARM11+ART11+ASA11+ASH11+ASO11 | ASX11: =IFERROR(ASW11/ASV11/7,"") | ASY11: =AQZ11+ARG11+ARN11+ARU11+ASB11+ASI11+ASP11 | ASZ11: =IFERROR(ASY11/ASW11,"") | ATA11: =ARC11+ARJ11+ARQ11+ARX11+ASE11+ASL11+ASS11 | ATB11: =IFERROR(ASW11/ASV11/7,"") | AVA11: 7 | AVB11: =ATD11+ATK11+ATR11+ATY11+AUF11+AUM11+AUT11 | AVC11: =IFERROR(AVB11/AVA11/7,"") | AVD11: =ATE11+ATL11+ATS11+ATZ11+AUG11+AUN11+AUU11 | AVE11: =IFERROR(AVD11/AVB11,"") | AVF11: =ATH11+ATO11+ATV11+AUC11+AUJ11+AUQ11+AUX11 | AVG11: =IFERROR(AVB11/AVA11/7,"") | AXF11: 7 | AXG11: =AVI11+AVP11+AVW11+AWD11+AWK11+AWR11+AWY11 | AXH11: =IFERROR(AXG11/AXF11/7,"") | AXI11: =AVJ11+AVQ11+AVX11+AWE11+AWL11+AWS11+AWZ11 | AXJ11: =IFERROR(AXI11/AXG11,"") | AXK11: =AVM11+AVT11+AWA11+AWH11+AWO11+AWV11+AXC11 | AXL11: =IFERROR(AXG11/AXF11/7,"") | AZK11: 7 | AZL11: =AXN11+AXU11+AYB11+AYI11+AYP11+AYW11+AZD11 | AZM11: =IFERROR(AZL11/AZK11/7,"") | AZN11: =AXO11+AXV11+AYC11+AYJ11+AYQ11+AYX11+AZE11 | AZO11: =IFERROR(AZN11/AZL11,"") | AZP11: =AXR11+AXY11+AYF11+AYM11+AYT11+AZA11+AZH11 | AZQ11: =IFERROR(AZL11/AZK11/7,"") | BBP11: 7 | BBQ11: =AZS11+AZZ11+BAG11+BAN11+BAU11+BBB11+BBI11 | BBR11: =IFERROR(BBQ11/BBP11/7,"") | BBS11: =AZT11+BAA11+BAH11+BAO11+BAV11+BBC11+BBJ11 | BBT11: =IFERROR(BBS11/BBQ11,"") | BBU11: =AZW11+BAD11+BAK11+BAR11+BAY11+BBF11+BBM11 | BBV11: =IFERROR(BBQ11/BBP11/7,"") | BDU11: 7 | BDV11: =BBX11+BCE11+BCL11+BCS11+BCZ11+BDG11+BDN11 | BDW11: =IFERROR(BDV11/BDU11/7,"") | BDX11: =BBY11+BCF11+BCM11+BCT11+BDA11+BDH11+BDO11 | BDY11: =IFERROR(BDX11/BDV11,"") | BDZ11: =BCB11+BCI11+BCP11+BCW11+BDD11+BDK11+BDR11 | BEA11: =IFERROR(BDV11/BDU11/7,"") | BFZ11: 7 | BGA11: =BEC11+BEJ11+BEQ11+BEX11+BFE11+BFL11+BFS11 | BGB11: =IFERROR(BGA11/BFZ11/7,"") | BGC11: =BED11+BEK11+BER11+BEY11+BFF11+BFM11+BFT11 | BGD11: =IFERROR(BGC11/BGA11,"") | BGE11: =BEG11+BEN11+BEU11+BFB11+BFI11+BFP11+BFW11 | BGF11: =IFERROR(BGA11/BFZ11/7,"") | BIE11: 7 | BIF11: =BGH11+BGO11+BGV11+BHC11+BHJ11+BHQ11+BHX11 | BIG11: =IFERROR(BIF11/BIE11/7,"") | BIH11: =BGI11+BGP11+BGW11+BHD11+BHK11+BHR11+BHY11 | BII11: =IFERROR(BIH11/BIF11,"") | BIJ11: =BGL11+BGS11+BGZ11+BHG11+BHN11+BHU11+BIB11 | BIK11: =IFERROR(BIF11/BIE11/7,"") | BKJ11: 7 | BKK11: =BIM11+BIT11+BJA11+BJH11+BJO11+BJV11+BKC11 | BKL11: =IFERROR(BKK11/BKJ11/7,"") | BKM11: =BIN11+BIU11+BJB11+BJI11+BJP11+BJW11+BKD11 | BKN11: =IFERROR(BKM11/BKK11,"") | BKO11: =BIQ11+BIX11+BJE11+BJL11+BJS11+BJZ11+BKG11 | BKP11: =IFERROR(BKK11/BKJ11/7,"") | BMO11: 7 | BMP11: =BKR11+BKY11+BLF11+BLM11+BLT11+BMA11+BMH11 | BMQ11: =IFERROR(BMP11/BMO11/7,"") | BMR11: =BKS11+BKZ11+BLG11+BLN11+BLU11+BMB11+BMI11 | BMS11: =IFERROR(BMR11/BMP11,"") | BMT11: =BKV11+BLC11+BLJ11+BLQ11+BLX11+BME11+BML11 | BMU11: =IFERROR(BMP11/BMO11/7,"") | BOT11: 7 | BOU11: =BMW11+BND11+BNK11+BNR11+BNY11+BOF11+BOM11 | BOV11: =IFERROR(BOU11/BOT11/7,"") | BOW11: =BMX11+BNE11+BNL11+BNS11+BNZ11+BOG11+BON11 | BOX11: =IFERROR(BOW11/BOU11,"") | BOY11: =BNA11+BNH11+BNO11+BNV11+BOC11+BOJ11+BOQ11 | BOZ11: =IFERROR(BOU11/BOT11/7,"") | BQY11: 7 | BQZ11: =BPB11+BPI11+BPP11+BPW11+BQD11+BQK11+BQR11 | BRA11: =IFERROR(BQZ11/BQY11/7,"") | BRB11: =BPC11+BPJ11+BPQ11+BPX11+BQE11+BQL11+BQS11 | BRC11: =IFERROR(BRB11/BQZ11,"") | BRD11: =BPF11+BPM11+BPT11+BQA11+BQH11+BQO11+BQV11 | BRE11: =IFERROR(BQZ11/BQY11/7,"") | BTD11: 7 | BTE11: =BRG11+BRN11+BRU11+BSB11+BSI11+BSP11+BSW11 | BTF11: =IFERROR(BTE11/BTD11/7,"") | BTG11: =BRH11+BRO11+BRV11+BSC11+BSJ11+BSQ11+BSX11 | BTH11: =IFERROR(BTG11/BTE11,"") | BTI11: =BRK11+BRR11+BRY11+BSF11+BSM11+BST11+BTA11 | BTJ11: =IFERROR(BTE11/BTD11/7,"") | BVI11: 7 | BVJ11: =BTL11+BTS11+BTZ11+BUG11+BUN11+BUU11+BVB11 | BVK11: =IFERROR(BVJ11/BVI11/7,"") | BVL11: =BTM11+BTT11+BUA11+BUH11+BUO11+BUV11+BVC11 | BVM11: =IFERROR(BVL11/BVJ11,"") | BVN11: =BTP11+BTW11+BUD11+BUK11+BUR11+BUY11+BVF11 | BVO11: =IFERROR(BVJ11/BVI11/7,"") | BXN11: 7 | BXO11: =BVQ11+BVX11+BWE11+BWL11+BWS11+BWZ11+BXG11 | BXP11: =IFERROR(BXO11/BXN11/7,"") | BXQ11: =BVR11+BVY11+BWF11+BWM11+BWT11+BXA11+BXH11 | BXR11: =IFERROR(BXQ11/BXO11,"") | BXS11: =BVU11+BWB11+BWI11+BWP11+BWW11+BXD11+BXK11 | BXT11: =IFERROR(BXO11/BXN11/7,"") | BZS11: 7 | BZT11: =BXV11+BYC11+BYJ11+BYQ11+BYX11+BZE11+BZL11 | BZU11: =IFERROR(BZT11/BZS11/7,"") | BZV11: =BXW11+BYD11+BYK11+BYR11+BYY11+BZF11+BZM11 | BZW11: =IFERROR(BZV11/BZT11,"") | BZX11: =BXZ11+BYG11+BYN11+BYU11+BZB11+BZI11+BZP11 | BZY11: =IFERROR(BZT11/BZS11/7,"")
A12: 9 | AZ12: 7 | BA12: =C12+J12+Q12+X12+AE12+AL12+AS12 | BB12: =IFERROR(BA12/AZ12/7,"") | BC12: =D12+K12+R12+Y12+AF12+AM12+AT12 | BD12: =IFERROR(BC12/BA12,"") | BE12: =G12+N12+U12+AB12+AI12+AP12+AW12 | BF12: =IFERROR(BA12/AZ12/7,"") | DE12: 7 | DF12: =BH12+BO12+BV12+CC12+CJ12+CQ12+CX12 | DG12: =IFERROR(DF12/DE12/7,"") | DH12: =BI12+BP12+BW12+CD12+CK12+CR12+CY12 | DI12: =IFERROR(DH12/DF12,"") | DJ12: =BL12+BS12+BZ12+CG12+CN12+CU12+DB12 | DK12: =IFERROR(DF12/DE12/7,"") | FJ12: 7 | FK12: =DM12+DT12+EA12+EH12+EO12+EV12+FC12 | FL12: =IFERROR(FK12/FJ12/7,"") | FM12: =DN12+DU12+EB12+EI12+EP12+EW12+FD12 | FN12: =IFERROR(FM12/FK12,"") | FO12: =DQ12+DX12+EE12+EL12+ES12+EZ12+FG12 | FP12: =IFERROR(FK12/FJ12/7,"") | HO12: 7 | HP12: =FR12+FY12+GF12+GM12+GT12+HA12+HH12 | HQ12: =IFERROR(HP12/HO12/7,"") | HR12: =FS12+FZ12+GG12+GN12+GU12+HB12+HI12 | HS12: =IFERROR(HR12/HP12,"") | HT12: =FV12+GC12+GJ12+GQ12+GX12+HE12+HL12 | HU12: =IFERROR(HP12/HO12/7,"") | JT12: 7 | JU12: =HW12+ID12+IK12+IR12+IY12+JF12+JM12 | JV12: =IFERROR(JU12/JT12/7,"") | JW12: =HX12+IE12+IL12+IS12+IZ12+JG12+JN12 | JX12: =IFERROR(JW12/JU12,"") | JY12: =IA12+IH12+IO12+IV12+JC12+JJ12+JQ12 | JZ12: =IFERROR(JU12/JT12/7,"") | LY12: 7 | LZ12: =KB12+KI12+KP12+KW12+LD12+LK12+LR12 | MA12: =IFERROR(LZ12/LY12/7,"") | MB12: =KC12+KJ12+KQ12+KX12+LE12+LL12+LS12 | MC12: =IFERROR(MB12/LZ12,"") | MD12: =KF12+KM12+KT12+LA12+LH12+LO12+LV12 | ME12: =IFERROR(LZ12/LY12/7,"") | OD12: 7 | OE12: =MG12+MN12+MU12+NB12+NI12+NP12+NW12 | OF12: =IFERROR(OE12/OD12/7,"") | OG12: =MH12+MO12+MV12+NC12+NJ12+NQ12+NX12 | OH12: =IFERROR(OG12/OE12,"") | OI12: =MK12+MR12+MY12+NF12+NM12+NT12+OA12 | OJ12: =IFERROR(OE12/OD12/7,"") | QI12: 7 | QJ12: =OL12+OS12+OZ12+PG12+PN12+PU12+QB12 | QK12: =IFERROR(QJ12/QI12/7,"") | QL12: =OM12+OT12+PA12+PH12+PO12+PV12+QC12 | QM12: =IFERROR(QL12/QJ12,"") | QN12: =OP12+OW12+PD12+PK12+PR12+PY12+QF12 | QO12: =IFERROR(QJ12/QI12/7,"") | SN12: 7 | SO12: =QQ12+QX12+RE12+RL12+RS12+RZ12+SG12 | SP12: =IFERROR(SO12/SN12/7,"") | SQ12: =QR12+QY12+RF12+RM12+RT12+SA12+SH12 | SR12: =IFERROR(SQ12/SO12,"") | SS12: =QU12+RB12+RI12+RP12+RW12+SD12+SK12 | ST12: =IFERROR(SO12/SN12/7,"") | US12: 7 | UT12: =SV12+TC12+TJ12+TQ12+TX12+UE12+UL12 | UU12: =IFERROR(UT12/US12/7,"") | UV12: =SW12+TD12+TK12+TR12+TY12+UF12+UM12 | UW12: =IFERROR(UV12/UT12,"") | UX12: =SZ12+TG12+TN12+TU12+UB12+UI12+UP12 | UY12: =IFERROR(UT12/US12/7,"") | WX12: 7 | WY12: =VA12+VH12+VO12+VV12+WC12+WJ12+WQ12 | WZ12: =IFERROR(WY12/WX12/7,"") | XA12: =VB12+VI12+VP12+VW12+WD12+WK12+WR12 | XB12: =IFERROR(XA12/WY12,"") | XC12: =VE12+VL12+VS12+VZ12+WG12+WN12+WU12 | XD12: =IFERROR(WY12/WX12/7,"") | ZC12: 7 | ZD12: =XF12+XM12+XT12+YA12+YH12+YO12+YV12 | ZE12: =IFERROR(ZD12/ZC12/7,"") | ZF12: =XG12+XN12+XU12+YB12+YI12+YP12+YW12 | ZG12: =IFERROR(ZF12/ZD12,"") | ZH12: =XJ12+XQ12+XX12+YE12+YL12+YS12+YZ12 | ZI12: =IFERROR(ZD12/ZC12/7,"") | ABH12: 7 | ABI12: =ZK12+ZR12+ZY12+AAF12+AAM12+AAT12+ABA12 | ABJ12: =IFERROR(ABI12/ABH12/7,"") | ABK12: =ZL12+ZS12+ZZ12+AAG12+AAN12+AAU12+ABB12 | ABL12: =IFERROR(ABK12/ABI12,"") | ABM12: =ZO12+ZV12+AAC12+AAJ12+AAQ12+AAX12+ABE12 | ABN12: =IFERROR(ABI12/ABH12/7,"") | ADM12: 7 | ADN12: =ABP12+ABW12+ACD12+ACK12+ACR12+ACY12+ADF12 | ADO12: =IFERROR(ADN12/ADM12/7,"") | ADP12: =ABQ12+ABX12+ACE12+ACL12+ACS12+ACZ12+ADG12 | ADQ12: =IFERROR(ADP12/ADN12,"") | ADR12: =ABT12+ACA12+ACH12+ACO12+ACV12+ADC12+ADJ12 | ADS12: =IFERROR(ADN12/ADM12/7,"") | AFR12: 7 | AFS12: =ADU12+AEB12+AEI12+AEP12+AEW12+AFD12+AFK12 | AFT12: =IFERROR(AFS12/AFR12/7,"") | AFU12: =ADV12+AEC12+AEJ12+AEQ12+AEX12+AFE12+AFL12 | AFV12: =IFERROR(AFU12/AFS12,"") | AFW12: =ADY12+AEF12+AEM12+AET12+AFA12+AFH12+AFO12 | AFX12: =IFERROR(AFS12/AFR12/7,"") | AHW12: 7 | AHX12: =AFZ12+AGG12+AGN12+AGU12+AHB12+AHI12+AHP12 | AHY12: =IFERROR(AHX12/AHW12/7,"") | AHZ12: =AGA12+AGH12+AGO12+AGV12+AHC12+AHJ12+AHQ12 | AIA12: =IFERROR(AHZ12/AHX12,"") | AIB12: =AGD12+AGK12+AGR12+AGY12+AHF12+AHM12+AHT12 | AIC12: =IFERROR(AHX12/AHW12/7,"") | AKB12: 7 | AKC12: =AIE12+AIL12+AIS12+AIZ12+AJG12+AJN12+AJU12 | AKD12: =IFERROR(AKC12/AKB12/7,"") | AKE12: =AIF12+AIM12+AIT12+AJA12+AJH12+AJO12+AJV12 | AKF12: =IFERROR(AKE12/AKC12,"") | AKG12: =AII12+AIP12+AIW12+AJD12+AJK12+AJR12+AJY12 | AKH12: =IFERROR(AKC12/AKB12/7,"") | AMG12: 7 | AMH12: =AKJ12+AKQ12+AKX12+ALE12+ALL12+ALS12+ALZ12 | AMI12: =IFERROR(AMH12/AMG12/7,"") | AMJ12: =AKK12+AKR12+AKY12+ALF12+ALM12+ALT12+AMA12 | AMK12: =IFERROR(AMJ12/AMH12,"") | AML12: =AKN12+AKU12+ALB12+ALI12+ALP12+ALW12+AMD12 | AMM12: =IFERROR(AMH12/AMG12/7,"") | AOL12: 7 | AOM12: =AMO12+AMV12+ANC12+ANJ12+ANQ12+ANX12+AOE12 | AON12: =IFERROR(AOM12/AOL12/7,"") | AOO12: =AMP12+AMW12+AND12+ANK12+ANR12+ANY12+AOF12 | AOP12: =IFERROR(AOO12/AOM12,"") | AOQ12: =AMS12+AMZ12+ANG12+ANN12+ANU12+AOB12+AOI12 | AOR12: =IFERROR(AOM12/AOL12/7,"") | AQQ12: 7 | AQR12: =AOT12+APA12+APH12+APO12+APV12+AQC12+AQJ12 | AQS12: =IFERROR(AQR12/AQQ12/7,"") | AQT12: =AOU12+APB12+API12+APP12+APW12+AQD12+AQK12 | AQU12: =IFERROR(AQT12/AQR12,"") | AQV12: =AOX12+APE12+APL12+APS12+APZ12+AQG12+AQN12 | AQW12: =IFERROR(AQR12/AQQ12/7,"") | ASV12: 7 | ASW12: =AQY12+ARF12+ARM12+ART12+ASA12+ASH12+ASO12 | ASX12: =IFERROR(ASW12/ASV12/7,"") | ASY12: =AQZ12+ARG12+ARN12+ARU12+ASB12+ASI12+ASP12 | ASZ12: =IFERROR(ASY12/ASW12,"") | ATA12: =ARC12+ARJ12+ARQ12+ARX12+ASE12+ASL12+ASS12 | ATB12: =IFERROR(ASW12/ASV12/7,"") | AVA12: 7 | AVB12: =ATD12+ATK12+ATR12+ATY12+AUF12+AUM12+AUT12 | AVC12: =IFERROR(AVB12/AVA12/7,"") | AVD12: =ATE12+ATL12+ATS12+ATZ12+AUG12+AUN12+AUU12 | AVE12: =IFERROR(AVD12/AVB12,"") | AVF12: =ATH12+ATO12+ATV12+AUC12+AUJ12+AUQ12+AUX12 | AVG12: =IFERROR(AVB12/AVA12/7,"") | AXF12: 7 | AXG12: =AVI12+AVP12+AVW12+AWD12+AWK12+AWR12+AWY12 | AXH12: =IFERROR(AXG12/AXF12/7,"") | AXI12: =AVJ12+AVQ12+AVX12+AWE12+AWL12+AWS12+AWZ12 | AXJ12: =IFERROR(AXI12/AXG12,"") | AXK12: =AVM12+AVT12+AWA12+AWH12+AWO12+AWV12+AXC12 | AXL12: =IFERROR(AXG12/AXF12/7,"") | AZK12: 7 | AZL12: =AXN12+AXU12+AYB12+AYI12+AYP12+AYW12+AZD12 | AZM12: =IFERROR(AZL12/AZK12/7,"") | AZN12: =AXO12+AXV12+AYC12+AYJ12+AYQ12+AYX12+AZE12 | AZO12: =IFERROR(AZN12/AZL12,"") | AZP12: =AXR12+AXY12+AYF12+AYM12+AYT12+AZA12+AZH12 | AZQ12: =IFERROR(AZL12/AZK12/7,"") | BBP12: 7 | BBQ12: =AZS12+AZZ12+BAG12+BAN12+BAU12+BBB12+BBI12 | BBR12: =IFERROR(BBQ12/BBP12/7,"") | BBS12: =AZT12+BAA12+BAH12+BAO12+BAV12+BBC12+BBJ12 | BBT12: =IFERROR(BBS12/BBQ12,"") | BBU12: =AZW12+BAD12+BAK12+BAR12+BAY12+BBF12+BBM12 | BBV12: =IFERROR(BBQ12/BBP12/7,"") | BDU12: 7 | BDV12: =BBX12+BCE12+BCL12+BCS12+BCZ12+BDG12+BDN12 | BDW12: =IFERROR(BDV12/BDU12/7,"") | BDX12: =BBY12+BCF12+BCM12+BCT12+BDA12+BDH12+BDO12 | BDY12: =IFERROR(BDX12/BDV12,"") | BDZ12: =BCB12+BCI12+BCP12+BCW12+BDD12+BDK12+BDR12 | BEA12: =IFERROR(BDV12/BDU12/7,"") | BFZ12: 7 | BGA12: =BEC12+BEJ12+BEQ12+BEX12+BFE12+BFL12+BFS12 | BGB12: =IFERROR(BGA12/BFZ12/7,"") | BGC12: =BED12+BEK12+BER12+BEY12+BFF12+BFM12+BFT12 | BGD12: =IFERROR(BGC12/BGA12,"") | BGE12: =BEG12+BEN12+BEU12+BFB12+BFI12+BFP12+BFW12 | BGF12: =IFERROR(BGA12/BFZ12/7,"") | BIE12: 7 | BIF12: =BGH12+BGO12+BGV12+BHC12+BHJ12+BHQ12+BHX12 | BIG12: =IFERROR(BIF12/BIE12/7,"") | BIH12: =BGI12+BGP12+BGW12+BHD12+BHK12+BHR12+BHY12 | BII12: =IFERROR(BIH12/BIF12,"") | BIJ12: =BGL12+BGS12+BGZ12+BHG12+BHN12+BHU12+BIB12 | BIK12: =IFERROR(BIF12/BIE12/7,"") | BKJ12: 7 | BKK12: =BIM12+BIT12+BJA12+BJH12+BJO12+BJV12+BKC12 | BKL12: =IFERROR(BKK12/BKJ12/7,"") | BKM12: =BIN12+BIU12+BJB12+BJI12+BJP12+BJW12+BKD12 | BKN12: =IFERROR(BKM12/BKK12,"") | BKO12: =BIQ12+BIX12+BJE12+BJL12+BJS12+BJZ12+BKG12 | BKP12: =IFERROR(BKK12/BKJ12/7,"") | BMO12: 7 | BMP12: =BKR12+BKY12+BLF12+BLM12+BLT12+BMA12+BMH12 | BMQ12: =IFERROR(BMP12/BMO12/7,"") | BMR12: =BKS12+BKZ12+BLG12+BLN12+BLU12+BMB12+BMI12 | BMS12: =IFERROR(BMR12/BMP12,"") | BMT12: =BKV12+BLC12+BLJ12+BLQ12+BLX12+BME12+BML12 | BMU12: =IFERROR(BMP12/BMO12/7,"") | BOT12: 7 | BOU12: =BMW12+BND12+BNK12+BNR12+BNY12+BOF12+BOM12 | BOV12: =IFERROR(BOU12/BOT12/7,"") | BOW12: =BMX12+BNE12+BNL12+BNS12+BNZ12+BOG12+BON12 | BOX12: =IFERROR(BOW12/BOU12,"") | BOY12: =BNA12+BNH12+BNO12+BNV12+BOC12+BOJ12+BOQ12 | BOZ12: =IFERROR(BOU12/BOT12/7,"") | BQY12: 7 | BQZ12: =BPB12+BPI12+BPP12+BPW12+BQD12+BQK12+BQR12 | BRA12: =IFERROR(BQZ12/BQY12/7,"") | BRB12: =BPC12+BPJ12+BPQ12+BPX12+BQE12+BQL12+BQS12 | BRC12: =IFERROR(BRB12/BQZ12,"") | BRD12: =BPF12+BPM12+BPT12+BQA12+BQH12+BQO12+BQV12 | BRE12: =IFERROR(BQZ12/BQY12/7,"") | BTD12: 7 | BTE12: =BRG12+BRN12+BRU12+BSB12+BSI12+BSP12+BSW12 | BTF12: =IFERROR(BTE12/BTD12/7,"") | BTG12: =BRH12+BRO12+BRV12+BSC12+BSJ12+BSQ12+BSX12 | BTH12: =IFERROR(BTG12/BTE12,"") | BTI12: =BRK12+BRR12+BRY12+BSF12+BSM12+BST12+BTA12 | BTJ12: =IFERROR(BTE12/BTD12/7,"") | BVI12: 7 | BVJ12: =BTL12+BTS12+BTZ12+BUG12+BUN12+BUU12+BVB12 | BVK12: =IFERROR(BVJ12/BVI12/7,"") | BVL12: =BTM12+BTT12+BUA12+BUH12+BUO12+BUV12+BVC12 | BVM12: =IFERROR(BVL12/BVJ12,"") | BVN12: =BTP12+BTW12+BUD12+BUK12+BUR12+BUY12+BVF12 | BVO12: =IFERROR(BVJ12/BVI12/7,"") | BXN12: 7 | BXO12: =BVQ12+BVX12+BWE12+BWL12+BWS12+BWZ12+BXG12 | BXP12: =IFERROR(BXO12/BXN12/7,"") | BXQ12: =BVR12+BVY12+BWF12+BWM12+BWT12+BXA12+BXH12 | BXR12: =IFERROR(BXQ12/BXO12,"") | BXS12: =BVU12+BWB12+BWI12+BWP12+BWW12+BXD12+BXK12 | BXT12: =IFERROR(BXO12/BXN12/7,"") | BZS12: 7 | BZT12: =BXV12+BYC12+BYJ12+BYQ12+BYX12+BZE12+BZL12 | BZU12: =IFERROR(BZT12/BZS12/7,"") | BZV12: =BXW12+BYD12+BYK12+BYR12+BYY12+BZF12+BZM12 | BZW12: =IFERROR(BZV12/BZT12,"") | BZX12: =BXZ12+BYG12+BYN12+BYU12+BZB12+BZI12+BZP12 | BZY12: =IFERROR(BZT12/BZS12/7,"")
A13: 10 | AZ13: 7 | BA13: =C13+J13+Q13+X13+AE13+AL13+AS13 | BB13: =IFERROR(BA13/AZ13/7,"") | BC13: =D13+K13+R13+Y13+AF13+AM13+AT13 | BD13: =IFERROR(BC13/BA13,"") | BE13: =G13+N13+U13+AB13+AI13+AP13+AW13 | BF13: =IFERROR(BA13/AZ13/7,"") | DE13: 7 | DF13: =BH13+BO13+BV13+CC13+CJ13+CQ13+CX13 | DG13: =IFERROR(DF13/DE13/7,"") | DH13: =BI13+BP13+BW13+CD13+CK13+CR13+CY13 | DI13: =IFERROR(DH13/DF13,"") | DJ13: =BL13+BS13+BZ13+CG13+CN13+CU13+DB13 | DK13: =IFERROR(DF13/DE13/7,"") | FJ13: 7 | FK13: =DM13+DT13+EA13+EH13+EO13+EV13+FC13 | FL13: =IFERROR(FK13/FJ13/7,"") | FM13: =DN13+DU13+EB13+EI13+EP13+EW13+FD13 | FN13: =IFERROR(FM13/FK13,"") | FO13: =DQ13+DX13+EE13+EL13+ES13+EZ13+FG13 | FP13: =IFERROR(FK13/FJ13/7,"") | HO13: 7 | HP13: =FR13+FY13+GF13+GM13+GT13+HA13+HH13 | HQ13: =IFERROR(HP13/HO13/7,"") | HR13: =FS13+FZ13+GG13+GN13+GU13+HB13+HI13 | HS13: =IFERROR(HR13/HP13,"") | HT13: =FV13+GC13+GJ13+GQ13+GX13+HE13+HL13 | HU13: =IFERROR(HP13/HO13/7,"") | JT13: 7 | JU13: =HW13+ID13+IK13+IR13+IY13+JF13+JM13 | JV13: =IFERROR(JU13/JT13/7,"") | JW13: =HX13+IE13+IL13+IS13+IZ13+JG13+JN13 | JX13: =IFERROR(JW13/JU13,"") | JY13: =IA13+IH13+IO13+IV13+JC13+JJ13+JQ13 | JZ13: =IFERROR(JU13/JT13/7,"") | LY13: 7 | LZ13: =KB13+KI13+KP13+KW13+LD13+LK13+LR13 | MA13: =IFERROR(LZ13/LY13/7,"") | MB13: =KC13+KJ13+KQ13+KX13+LE13+LL13+LS13 | MC13: =IFERROR(MB13/LZ13,"") | MD13: =KF13+KM13+KT13+LA13+LH13+LO13+LV13 | ME13: =IFERROR(LZ13/LY13/7,"") | OD13: 7 | OE13: =MG13+MN13+MU13+NB13+NI13+NP13+NW13 | OF13: =IFERROR(OE13/OD13/7,"") | OG13: =MH13+MO13+MV13+NC13+NJ13+NQ13+NX13 | OH13: =IFERROR(OG13/OE13,"") | OI13: =MK13+MR13+MY13+NF13+NM13+NT13+OA13 | OJ13: =IFERROR(OE13/OD13/7,"") | QI13: 7 | QJ13: =OL13+OS13+OZ13+PG13+PN13+PU13+QB13 | QK13: =IFERROR(QJ13/QI13/7,"") | QL13: =OM13+OT13+PA13+PH13+PO13+PV13+QC13 | QM13: =IFERROR(QL13/QJ13,"") | QN13: =OP13+OW13+PD13+PK13+PR13+PY13+QF13 | QO13: =IFERROR(QJ13/QI13/7,"") | SN13: 7 | SO13: =QQ13+QX13+RE13+RL13+RS13+RZ13+SG13 | SP13: =IFERROR(SO13/SN13/7,"") | SQ13: =QR13+QY13+RF13+RM13+RT13+SA13+SH13 | SR13: =IFERROR(SQ13/SO13,"") | SS13: =QU13+RB13+RI13+RP13+RW13+SD13+SK13 | ST13: =IFERROR(SO13/SN13/7,"") | US13: 7 | UT13: =SV13+TC13+TJ13+TQ13+TX13+UE13+UL13 | UU13: =IFERROR(UT13/US13/7,"") | UV13: =SW13+TD13+TK13+TR13+TY13+UF13+UM13 | UW13: =IFERROR(UV13/UT13,"") | UX13: =SZ13+TG13+TN13+TU13+UB13+UI13+UP13 | UY13: =IFERROR(UT13/US13/7,"") | WX13: 7 | WY13: =VA13+VH13+VO13+VV13+WC13+WJ13+WQ13 | WZ13: =IFERROR(WY13/WX13/7,"") | XA13: =VB13+VI13+VP13+VW13+WD13+WK13+WR13 | XB13: =IFERROR(XA13/WY13,"") | XC13: =VE13+VL13+VS13+VZ13+WG13+WN13+WU13 | XD13: =IFERROR(WY13/WX13/7,"") | ZC13: 7 | ZD13: =XF13+XM13+XT13+YA13+YH13+YO13+YV13 | ZE13: =IFERROR(ZD13/ZC13/7,"") | ZF13: =XG13+XN13+XU13+YB13+YI13+YP13+YW13 | ZG13: =IFERROR(ZF13/ZD13,"") | ZH13: =XJ13+XQ13+XX13+YE13+YL13+YS13+YZ13 | ZI13: =IFERROR(ZD13/ZC13/7,"") | ABH13: 7 | ABI13: =ZK13+ZR13+ZY13+AAF13+AAM13+AAT13+ABA13 | ABJ13: =IFERROR(ABI13/ABH13/7,"") | ABK13: =ZL13+ZS13+ZZ13+AAG13+AAN13+AAU13+ABB13 | ABL13: =IFERROR(ABK13/ABI13,"") | ABM13: =ZO13+ZV13+AAC13+AAJ13+AAQ13+AAX13+ABE13 | ABN13: =IFERROR(ABI13/ABH13/7,"") | ADM13: 7 | ADN13: =ABP13+ABW13+ACD13+ACK13+ACR13+ACY13+ADF13 | ADO13: =IFERROR(ADN13/ADM13/7,"") | ADP13: =ABQ13+ABX13+ACE13+ACL13+ACS13+ACZ13+ADG13 | ADQ13: =IFERROR(ADP13/ADN13,"") | ADR13: =ABT13+ACA13+ACH13+ACO13+ACV13+ADC13+ADJ13 | ADS13: =IFERROR(ADN13/ADM13/7,"") | AFR13: 7 | AFS13: =ADU13+AEB13+AEI13+AEP13+AEW13+AFD13+AFK13 | AFT13: =IFERROR(AFS13/AFR13/7,"") | AFU13: =ADV13+AEC13+AEJ13+AEQ13+AEX13+AFE13+AFL13 | AFV13: =IFERROR(AFU13/AFS13,"") | AFW13: =ADY13+AEF13+AEM13+AET13+AFA13+AFH13+AFO13 | AFX13: =IFERROR(AFS13/AFR13/7,"") | AHW13: 7 | AHX13: =AFZ13+AGG13+AGN13+AGU13+AHB13+AHI13+AHP13 | AHY13: =IFERROR(AHX13/AHW13/7,"") | AHZ13: =AGA13+AGH13+AGO13+AGV13+AHC13+AHJ13+AHQ13 | AIA13: =IFERROR(AHZ13/AHX13,"") | AIB13: =AGD13+AGK13+AGR13+AGY13+AHF13+AHM13+AHT13 | AIC13: =IFERROR(AHX13/AHW13/7,"") | AKB13: 7 | AKC13: =AIE13+AIL13+AIS13+AIZ13+AJG13+AJN13+AJU13 | AKD13: =IFERROR(AKC13/AKB13/7,"") | AKE13: =AIF13+AIM13+AIT13+AJA13+AJH13+AJO13+AJV13 | AKF13: =IFERROR(AKE13/AKC13,"") | AKG13: =AII13+AIP13+AIW13+AJD13+AJK13+AJR13+AJY13 | AKH13: =IFERROR(AKC13/AKB13/7,"") | AMG13: 7 | AMH13: =AKJ13+AKQ13+AKX13+ALE13+ALL13+ALS13+ALZ13 | AMI13: =IFERROR(AMH13/AMG13/7,"") | AMJ13: =AKK13+AKR13+AKY13+ALF13+ALM13+ALT13+AMA13 | AMK13: =IFERROR(AMJ13/AMH13,"") | AML13: =AKN13+AKU13+ALB13+ALI13+ALP13+ALW13+AMD13 | AMM13: =IFERROR(AMH13/AMG13/7,"") | AOL13: 7 | AOM13: =AMO13+AMV13+ANC13+ANJ13+ANQ13+ANX13+AOE13 | AON13: =IFERROR(AOM13/AOL13/7,"") | AOO13: =AMP13+AMW13+AND13+ANK13+ANR13+ANY13+AOF13 | AOP13: =IFERROR(AOO13/AOM13,"") | AOQ13: =AMS13+AMZ13+ANG13+ANN13+ANU13+AOB13+AOI13 | AOR13: =IFERROR(AOM13/AOL13/7,"") | AQQ13: 7 | AQR13: =AOT13+APA13+APH13+APO13+APV13+AQC13+AQJ13 | AQS13: =IFERROR(AQR13/AQQ13/7,"") | AQT13: =AOU13+APB13+API13+APP13+APW13+AQD13+AQK13 | AQU13: =IFERROR(AQT13/AQR13,"") | AQV13: =AOX13+APE13+APL13+APS13+APZ13+AQG13+AQN13 | AQW13: =IFERROR(AQR13/AQQ13/7,"") | ASV13: 7 | ASW13: =AQY13+ARF13+ARM13+ART13+ASA13+ASH13+ASO13 | ASX13: =IFERROR(ASW13/ASV13/7,"") | ASY13: =AQZ13+ARG13+ARN13+ARU13+ASB13+ASI13+ASP13 | ASZ13: =IFERROR(ASY13/ASW13,"") | ATA13: =ARC13+ARJ13+ARQ13+ARX13+ASE13+ASL13+ASS13 | ATB13: =IFERROR(ASW13/ASV13/7,"") | AVA13: 7 | AVB13: =ATD13+ATK13+ATR13+ATY13+AUF13+AUM13+AUT13 | AVC13: =IFERROR(AVB13/AVA13/7,"") | AVD13: =ATE13+ATL13+ATS13+ATZ13+AUG13+AUN13+AUU13 | AVE13: =IFERROR(AVD13/AVB13,"") | AVF13: =ATH13+ATO13+ATV13+AUC13+AUJ13+AUQ13+AUX13 | AVG13: =IFERROR(AVB13/AVA13/7,"") | AXF13: 7 | AXG13: =AVI13+AVP13+AVW13+AWD13+AWK13+AWR13+AWY13 | AXH13: =IFERROR(AXG13/AXF13/7,"") | AXI13: =AVJ13+AVQ13+AVX13+AWE13+AWL13+AWS13+AWZ13 | AXJ13: =IFERROR(AXI13/AXG13,"") | AXK13: =AVM13+AVT13+AWA13+AWH13+AWO13+AWV13+AXC13 | AXL13: =IFERROR(AXG13/AXF13/7,"") | AZK13: 7 | AZL13: =AXN13+AXU13+AYB13+AYI13+AYP13+AYW13+AZD13 | AZM13: =IFERROR(AZL13/AZK13/7,"") | AZN13: =AXO13+AXV13+AYC13+AYJ13+AYQ13+AYX13+AZE13 | AZO13: =IFERROR(AZN13/AZL13,"") | AZP13: =AXR13+AXY13+AYF13+AYM13+AYT13+AZA13+AZH13 | AZQ13: =IFERROR(AZL13/AZK13/7,"") | BBP13: 7 | BBQ13: =AZS13+AZZ13+BAG13+BAN13+BAU13+BBB13+BBI13 | BBR13: =IFERROR(BBQ13/BBP13/7,"") | BBS13: =AZT13+BAA13+BAH13+BAO13+BAV13+BBC13+BBJ13 | BBT13: =IFERROR(BBS13/BBQ13,"") | BBU13: =AZW13+BAD13+BAK13+BAR13+BAY13+BBF13+BBM13 | BBV13: =IFERROR(BBQ13/BBP13/7,"") | BDU13: 7 | BDV13: =BBX13+BCE13+BCL13+BCS13+BCZ13+BDG13+BDN13 | BDW13: =IFERROR(BDV13/BDU13/7,"") | BDX13: =BBY13+BCF13+BCM13+BCT13+BDA13+BDH13+BDO13 | BDY13: =IFERROR(BDX13/BDV13,"") | BDZ13: =BCB13+BCI13+BCP13+BCW13+BDD13+BDK13+BDR13 | BEA13: =IFERROR(BDV13/BDU13/7,"") | BFZ13: 7 | BGA13: =BEC13+BEJ13+BEQ13+BEX13+BFE13+BFL13+BFS13 | BGB13: =IFERROR(BGA13/BFZ13/7,"") | BGC13: =BED13+BEK13+BER13+BEY13+BFF13+BFM13+BFT13 | BGD13: =IFERROR(BGC13/BGA13,"") | BGE13: =BEG13+BEN13+BEU13+BFB13+BFI13+BFP13+BFW13 | BGF13: =IFERROR(BGA13/BFZ13/7,"") | BIE13: 7 | BIF13: =BGH13+BGO13+BGV13+BHC13+BHJ13+BHQ13+BHX13 | BIG13: =IFERROR(BIF13/BIE13/7,"") | BIH13: =BGI13+BGP13+BGW13+BHD13+BHK13+BHR13+BHY13 | BII13: =IFERROR(BIH13/BIF13,"") | BIJ13: =BGL13+BGS13+BGZ13+BHG13+BHN13+BHU13+BIB13 | BIK13: =IFERROR(BIF13/BIE13/7,"") | BKJ13: 7 | BKK13: =BIM13+BIT13+BJA13+BJH13+BJO13+BJV13+BKC13 | BKL13: =IFERROR(BKK13/BKJ13/7,"") | BKM13: =BIN13+BIU13+BJB13+BJI13+BJP13+BJW13+BKD13 | BKN13: =IFERROR(BKM13/BKK13,"") | BKO13: =BIQ13+BIX13+BJE13+BJL13+BJS13+BJZ13+BKG13 | BKP13: =IFERROR(BKK13/BKJ13/7,"") | BMO13: 7 | BMP13: =BKR13+BKY13+BLF13+BLM13+BLT13+BMA13+BMH13 | BMQ13: =IFERROR(BMP13/BMO13/7,"") | BMR13: =BKS13+BKZ13+BLG13+BLN13+BLU13+BMB13+BMI13 | BMS13: =IFERROR(BMR13/BMP13,"") | BMT13: =BKV13+BLC13+BLJ13+BLQ13+BLX13+BME13+BML13 | BMU13: =IFERROR(BMP13/BMO13/7,"") | BOT13: 7 | BOU13: =BMW13+BND13+BNK13+BNR13+BNY13+BOF13+BOM13 | BOV13: =IFERROR(BOU13/BOT13/7,"") | BOW13: =BMX13+BNE13+BNL13+BNS13+BNZ13+BOG13+BON13 | BOX13: =IFERROR(BOW13/BOU13,"") | BOY13: =BNA13+BNH13+BNO13+BNV13+BOC13+BOJ13+BOQ13 | BOZ13: =IFERROR(BOU13/BOT13/7,"") | BQY13: 7 | BQZ13: =BPB13+BPI13+BPP13+BPW13+BQD13+BQK13+BQR13 | BRA13: =IFERROR(BQZ13/BQY13/7,"") | BRB13: =BPC13+BPJ13+BPQ13+BPX13+BQE13+BQL13+BQS13 | BRC13: =IFERROR(BRB13/BQZ13,"") | BRD13: =BPF13+BPM13+BPT13+BQA13+BQH13+BQO13+BQV13 | BRE13: =IFERROR(BQZ13/BQY13/7,"") | BTD13: 7 | BTE13: =BRG13+BRN13+BRU13+BSB13+BSI13+BSP13+BSW13 | BTF13: =IFERROR(BTE13/BTD13/7,"") | BTG13: =BRH13+BRO13+BRV13+BSC13+BSJ13+BSQ13+BSX13 | BTH13: =IFERROR(BTG13/BTE13,"") | BTI13: =BRK13+BRR13+BRY13+BSF13+BSM13+BST13+BTA13 | BTJ13: =IFERROR(BTE13/BTD13/7,"") | BVI13: 7 | BVJ13: =BTL13+BTS13+BTZ13+BUG13+BUN13+BUU13+BVB13 | BVK13: =IFERROR(BVJ13/BVI13/7,"") | BVL13: =BTM13+BTT13+BUA13+BUH13+BUO13+BUV13+BVC13 | BVM13: =IFERROR(BVL13/BVJ13,"") | BVN13: =BTP13+BTW13+BUD13+BUK13+BUR13+BUY13+BVF13 | BVO13: =IFERROR(BVJ13/BVI13/7,"") | BXN13: 7 | BXO13: =BVQ13+BVX13+BWE13+BWL13+BWS13+BWZ13+BXG13 | BXP13: =IFERROR(BXO13/BXN13/7,"") | BXQ13: =BVR13+BVY13+BWF13+BWM13+BWT13+BXA13+BXH13 | BXR13: =IFERROR(BXQ13/BXO13,"") | BXS13: =BVU13+BWB13+BWI13+BWP13+BWW13+BXD13+BXK13 | BXT13: =IFERROR(BXO13/BXN13/7,"") | BZS13: 7 | BZT13: =BXV13+BYC13+BYJ13+BYQ13+BYX13+BZE13+BZL13 | BZU13: =IFERROR(BZT13/BZS13/7,"") | BZV13: =BXW13+BYD13+BYK13+BYR13+BYY13+BZF13+BZM13 | BZW13: =IFERROR(BZV13/BZT13,"") | BZX13: =BXZ13+BYG13+BYN13+BYU13+BZB13+BZI13+BZP13 | BZY13: =IFERROR(BZT13/BZS13/7,"")
A14: 11 | AZ14: 7 | BA14: =C14+J14+Q14+X14+AE14+AL14+AS14 | BB14: =IFERROR(BA14/AZ14/7,"") | BC14: =D14+K14+R14+Y14+AF14+AM14+AT14 | BD14: =IFERROR(BC14/BA14,"") | BE14: =G14+N14+U14+AB14+AI14+AP14+AW14 | BF14: =IFERROR(BA14/AZ14/7,"") | DE14: 7 | DF14: =BH14+BO14+BV14+CC14+CJ14+CQ14+CX14 | DG14: =IFERROR(DF14/DE14/7,"") | DH14: =BI14+BP14+BW14+CD14+CK14+CR14+CY14 | DI14: =IFERROR(DH14/DF14,"") | DJ14: =BL14+BS14+BZ14+CG14+CN14+CU14+DB14 | DK14: =IFERROR(DF14/DE14/7,"") | FJ14: 7 | FK14: =DM14+DT14+EA14+EH14+EO14+EV14+FC14 | FL14: =IFERROR(FK14/FJ14/7,"") | FM14: =DN14+DU14+EB14+EI14+EP14+EW14+FD14 | FN14: =IFERROR(FM14/FK14,"") | FO14: =DQ14+DX14+EE14+EL14+ES14+EZ14+FG14 | FP14: =IFERROR(FK14/FJ14/7,"") | HO14: 7 | HP14: =FR14+FY14+GF14+GM14+GT14+HA14+HH14 | HQ14: =IFERROR(HP14/HO14/7,"") | HR14: =FS14+FZ14+GG14+GN14+GU14+HB14+HI14 | HS14: =IFERROR(HR14/HP14,"") | HT14: =FV14+GC14+GJ14+GQ14+GX14+HE14+HL14 | HU14: =IFERROR(HP14/HO14/7,"") | JT14: 7 | JU14: =HW14+ID14+IK14+IR14+IY14+JF14+JM14 | JV14: =IFERROR(JU14/JT14/7,"") | JW14: =HX14+IE14+IL14+IS14+IZ14+JG14+JN14 | JX14: =IFERROR(JW14/JU14,"") | JY14: =IA14+IH14+IO14+IV14+JC14+JJ14+JQ14 | JZ14: =IFERROR(JU14/JT14/7,"") | LY14: 7 | LZ14: =KB14+KI14+KP14+KW14+LD14+LK14+LR14 | MA14: =IFERROR(LZ14/LY14/7,"") | MB14: =KC14+KJ14+KQ14+KX14+LE14+LL14+LS14 | MC14: =IFERROR(MB14/LZ14,"") | MD14: =KF14+KM14+KT14+LA14+LH14+LO14+LV14 | ME14: =IFERROR(LZ14/LY14/7,"") | OD14: 7 | OE14: =MG14+MN14+MU14+NB14+NI14+NP14+NW14 | OF14: =IFERROR(OE14/OD14/7,"") | OG14: =MH14+MO14+MV14+NC14+NJ14+NQ14+NX14 | OH14: =IFERROR(OG14/OE14,"") | OI14: =MK14+MR14+MY14+NF14+NM14+NT14+OA14 | OJ14: =IFERROR(OE14/OD14/7,"") | QI14: 7 | QJ14: =OL14+OS14+OZ14+PG14+PN14+PU14+QB14 | QK14: =IFERROR(QJ14/QI14/7,"") | QL14: =OM14+OT14+PA14+PH14+PO14+PV14+QC14 | QM14: =IFERROR(QL14/QJ14,"") | QN14: =OP14+OW14+PD14+PK14+PR14+PY14+QF14 | QO14: =IFERROR(QJ14/QI14/7,"") | SN14: 7 | SO14: =QQ14+QX14+RE14+RL14+RS14+RZ14+SG14 | SP14: =IFERROR(SO14/SN14/7,"") | SQ14: =QR14+QY14+RF14+RM14+RT14+SA14+SH14 | SR14: =IFERROR(SQ14/SO14,"") | SS14: =QU14+RB14+RI14+RP14+RW14+SD14+SK14 | ST14: =IFERROR(SO14/SN14/7,"") | US14: 7 | UT14: =SV14+TC14+TJ14+TQ14+TX14+UE14+UL14 | UU14: =IFERROR(UT14/US14/7,"") | UV14: =SW14+TD14+TK14+TR14+TY14+UF14+UM14 | UW14: =IFERROR(UV14/UT14,"") | UX14: =SZ14+TG14+TN14+TU14+UB14+UI14+UP14 | UY14: =IFERROR(UT14/US14/7,"") | WX14: 7 | WY14: =VA14+VH14+VO14+VV14+WC14+WJ14+WQ14 | WZ14: =IFERROR(WY14/WX14/7,"") | XA14: =VB14+VI14+VP14+VW14+WD14+WK14+WR14 | XB14: =IFERROR(XA14/WY14,"") | XC14: =VE14+VL14+VS14+VZ14+WG14+WN14+WU14 | XD14: =IFERROR(WY14/WX14/7,"") | ZC14: 7 | ZD14: =XF14+XM14+XT14+YA14+YH14+YO14+YV14 | ZE14: =IFERROR(ZD14/ZC14/7,"") | ZF14: =XG14+XN14+XU14+YB14+YI14+YP14+YW14 | ZG14: =IFERROR(ZF14/ZD14,"") | ZH14: =XJ14+XQ14+XX14+YE14+YL14+YS14+YZ14 | ZI14: =IFERROR(ZD14/ZC14/7,"") | ABH14: 7 | ABI14: =ZK14+ZR14+ZY14+AAF14+AAM14+AAT14+ABA14 | ABJ14: =IFERROR(ABI14/ABH14/7,"") | ABK14: =ZL14+ZS14+ZZ14+AAG14+AAN14+AAU14+ABB14 | ABL14: =IFERROR(ABK14/ABI14,"") | ABM14: =ZO14+ZV14+AAC14+AAJ14+AAQ14+AAX14+ABE14 | ABN14: =IFERROR(ABI14/ABH14/7,"") | ADM14: 7 | ADN14: =ABP14+ABW14+ACD14+ACK14+ACR14+ACY14+ADF14 | ADO14: =IFERROR(ADN14/ADM14/7,"") | ADP14: =ABQ14+ABX14+ACE14+ACL14+ACS14+ACZ14+ADG14 | ADQ14: =IFERROR(ADP14/ADN14,"") | ADR14: =ABT14+ACA14+ACH14+ACO14+ACV14+ADC14+ADJ14 | ADS14: =IFERROR(ADN14/ADM14/7,"") | AFR14: 7 | AFS14: =ADU14+AEB14+AEI14+AEP14+AEW14+AFD14+AFK14 | AFT14: =IFERROR(AFS14/AFR14/7,"") | AFU14: =ADV14+AEC14+AEJ14+AEQ14+AEX14+AFE14+AFL14 | AFV14: =IFERROR(AFU14/AFS14,"") | AFW14: =ADY14+AEF14+AEM14+AET14+AFA14+AFH14+AFO14 | AFX14: =IFERROR(AFS14/AFR14/7,"") | AHW14: 7 | AHX14: =AFZ14+AGG14+AGN14+AGU14+AHB14+AHI14+AHP14 | AHY14: =IFERROR(AHX14/AHW14/7,"") | AHZ14: =AGA14+AGH14+AGO14+AGV14+AHC14+AHJ14+AHQ14 | AIA14: =IFERROR(AHZ14/AHX14,"") | AIB14: =AGD14+AGK14+AGR14+AGY14+AHF14+AHM14+AHT14 | AIC14: =IFERROR(AHX14/AHW14/7,"") | AKB14: 7 | AKC14: =AIE14+AIL14+AIS14+AIZ14+AJG14+AJN14+AJU14 | AKD14: =IFERROR(AKC14/AKB14/7,"") | AKE14: =AIF14+AIM14+AIT14+AJA14+AJH14+AJO14+AJV14 | AKF14: =IFERROR(AKE14/AKC14,"") | AKG14: =AII14+AIP14+AIW14+AJD14+AJK14+AJR14+AJY14 | AKH14: =IFERROR(AKC14/AKB14/7,"") | AMG14: 7 | AMH14: =AKJ14+AKQ14+AKX14+ALE14+ALL14+ALS14+ALZ14 | AMI14: =IFERROR(AMH14/AMG14/7,"") | AMJ14: =AKK14+AKR14+AKY14+ALF14+ALM14+ALT14+AMA14 | AMK14: =IFERROR(AMJ14/AMH14,"") | AML14: =AKN14+AKU14+ALB14+ALI14+ALP14+ALW14+AMD14 | AMM14: =IFERROR(AMH14/AMG14/7,"") | AOL14: 7 | AOM14: =AMO14+AMV14+ANC14+ANJ14+ANQ14+ANX14+AOE14 | AON14: =IFERROR(AOM14/AOL14/7,"") | AOO14: =AMP14+AMW14+AND14+ANK14+ANR14+ANY14+AOF14 | AOP14: =IFERROR(AOO14/AOM14,"") | AOQ14: =AMS14+AMZ14+ANG14+ANN14+ANU14+AOB14+AOI14 | AOR14: =IFERROR(AOM14/AOL14/7,"") | AQQ14: 7 | AQR14: =AOT14+APA14+APH14+APO14+APV14+AQC14+AQJ14 | AQS14: =IFERROR(AQR14/AQQ14/7,"") | AQT14: =AOU14+APB14+API14+APP14+APW14+AQD14+AQK14 | AQU14: =IFERROR(AQT14/AQR14,"") | AQV14: =AOX14+APE14+APL14+APS14+APZ14+AQG14+AQN14 | AQW14: =IFERROR(AQR14/AQQ14/7,"") | ASV14: 7 | ASW14: =AQY14+ARF14+ARM14+ART14+ASA14+ASH14+ASO14 | ASX14: =IFERROR(ASW14/ASV14/7,"") | ASY14: =AQZ14+ARG14+ARN14+ARU14+ASB14+ASI14+ASP14 | ASZ14: =IFERROR(ASY14/ASW14,"") | ATA14: =ARC14+ARJ14+ARQ14+ARX14+ASE14+ASL14+ASS14 | ATB14: =IFERROR(ASW14/ASV14/7,"") | AVA14: 7 | AVB14: =ATD14+ATK14+ATR14+ATY14+AUF14+AUM14+AUT14 | AVC14: =IFERROR(AVB14/AVA14/7,"") | AVD14: =ATE14+ATL14+ATS14+ATZ14+AUG14+AUN14+AUU14 | AVE14: =IFERROR(AVD14/AVB14,"") | AVF14: =ATH14+ATO14+ATV14+AUC14+AUJ14+AUQ14+AUX14 | AVG14: =IFERROR(AVB14/AVA14/7,"") | AXF14: 7 | AXG14: =AVI14+AVP14+AVW14+AWD14+AWK14+AWR14+AWY14 | AXH14: =IFERROR(AXG14/AXF14/7,"") | AXI14: =AVJ14+AVQ14+AVX14+AWE14+AWL14+AWS14+AWZ14 | AXJ14: =IFERROR(AXI14/AXG14,"") | AXK14: =AVM14+AVT14+AWA14+AWH14+AWO14+AWV14+AXC14 | AXL14: =IFERROR(AXG14/AXF14/7,"") | AZK14: 7 | AZL14: =AXN14+AXU14+AYB14+AYI14+AYP14+AYW14+AZD14 | AZM14: =IFERROR(AZL14/AZK14/7,"") | AZN14: =AXO14+AXV14+AYC14+AYJ14+AYQ14+AYX14+AZE14 | AZO14: =IFERROR(AZN14/AZL14,"") | AZP14: =AXR14+AXY14+AYF14+AYM14+AYT14+AZA14+AZH14 | AZQ14: =IFERROR(AZL14/AZK14/7,"") | BBP14: 7 | BBQ14: =AZS14+AZZ14+BAG14+BAN14+BAU14+BBB14+BBI14 | BBR14: =IFERROR(BBQ14/BBP14/7,"") | BBS14: =AZT14+BAA14+BAH14+BAO14+BAV14+BBC14+BBJ14 | BBT14: =IFERROR(BBS14/BBQ14,"") | BBU14: =AZW14+BAD14+BAK14+BAR14+BAY14+BBF14+BBM14 | BBV14: =IFERROR(BBQ14/BBP14/7,"") | BDU14: 7 | BDV14: =BBX14+BCE14+BCL14+BCS14+BCZ14+BDG14+BDN14 | BDW14: =IFERROR(BDV14/BDU14/7,"") | BDX14: =BBY14+BCF14+BCM14+BCT14+BDA14+BDH14+BDO14 | BDY14: =IFERROR(BDX14/BDV14,"") | BDZ14: =BCB14+BCI14+BCP14+BCW14+BDD14+BDK14+BDR14 | BEA14: =IFERROR(BDV14/BDU14/7,"") | BFZ14: 7 | BGA14: =BEC14+BEJ14+BEQ14+BEX14+BFE14+BFL14+BFS14 | BGB14: =IFERROR(BGA14/BFZ14/7,"") | BGC14: =BED14+BEK14+BER14+BEY14+BFF14+BFM14+BFT14 | BGD14: =IFERROR(BGC14/BGA14,"") | BGE14: =BEG14+BEN14+BEU14+BFB14+BFI14+BFP14+BFW14 | BGF14: =IFERROR(BGA14/BFZ14/7,"") | BIE14: 7 | BIF14: =BGH14+BGO14+BGV14+BHC14+BHJ14+BHQ14+BHX14 | BIG14: =IFERROR(BIF14/BIE14/7,"") | BIH14: =BGI14+BGP14+BGW14+BHD14+BHK14+BHR14+BHY14 | BII14: =IFERROR(BIH14/BIF14,"") | BIJ14: =BGL14+BGS14+BGZ14+BHG14+BHN14+BHU14+BIB14 | BIK14: =IFERROR(BIF14/BIE14/7,"") | BKJ14: 7 | BKK14: =BIM14+BIT14+BJA14+BJH14+BJO14+BJV14+BKC14 | BKL14: =IFERROR(BKK14/BKJ14/7,"") | BKM14: =BIN14+BIU14+BJB14+BJI14+BJP14+BJW14+BKD14 | BKN14: =IFERROR(BKM14/BKK14,"") | BKO14: =BIQ14+BIX14+BJE14+BJL14+BJS14+BJZ14+BKG14 | BKP14: =IFERROR(BKK14/BKJ14/7,"") | BMO14: 7 | BMP14: =BKR14+BKY14+BLF14+BLM14+BLT14+BMA14+BMH14 | BMQ14: =IFERROR(BMP14/BMO14/7,"") | BMR14: =BKS14+BKZ14+BLG14+BLN14+BLU14+BMB14+BMI14 | BMS14: =IFERROR(BMR14/BMP14,"") | BMT14: =BKV14+BLC14+BLJ14+BLQ14+BLX14+BME14+BML14 | BMU14: =IFERROR(BMP14/BMO14/7,"") | BOT14: 7 | BOU14: =BMW14+BND14+BNK14+BNR14+BNY14+BOF14+BOM14 | BOV14: =IFERROR(BOU14/BOT14/7,"") | BOW14: =BMX14+BNE14+BNL14+BNS14+BNZ14+BOG14+BON14 | BOX14: =IFERROR(BOW14/BOU14,"") | BOY14: =BNA14+BNH14+BNO14+BNV14+BOC14+BOJ14+BOQ14 | BOZ14: =IFERROR(BOU14/BOT14/7,"") | BQY14: 7 | BQZ14: =BPB14+BPI14+BPP14+BPW14+BQD14+BQK14+BQR14 | BRA14: =IFERROR(BQZ14/BQY14/7,"") | BRB14: =BPC14+BPJ14+BPQ14+BPX14+BQE14+BQL14+BQS14 | BRC14: =IFERROR(BRB14/BQZ14,"") | BRD14: =BPF14+BPM14+BPT14+BQA14+BQH14+BQO14+BQV14 | BRE14: =IFERROR(BQZ14/BQY14/7,"") | BTD14: 7 | BTE14: =BRG14+BRN14+BRU14+BSB14+BSI14+BSP14+BSW14 | BTF14: =IFERROR(BTE14/BTD14/7,"") | BTG14: =BRH14+BRO14+BRV14+BSC14+BSJ14+BSQ14+BSX14 | BTH14: =IFERROR(BTG14/BTE14,"") | BTI14: =BRK14+BRR14+BRY14+BSF14+BSM14+BST14+BTA14 | BTJ14: =IFERROR(BTE14/BTD14/7,"") | BVI14: 7 | BVJ14: =BTL14+BTS14+BTZ14+BUG14+BUN14+BUU14+BVB14 | BVK14: =IFERROR(BVJ14/BVI14/7,"") | BVL14: =BTM14+BTT14+BUA14+BUH14+BUO14+BUV14+BVC14 | BVM14: =IFERROR(BVL14/BVJ14,"") | BVN14: =BTP14+BTW14+BUD14+BUK14+BUR14+BUY14+BVF14 | BVO14: =IFERROR(BVJ14/BVI14/7,"") | BXN14: 7 | BXO14: =BVQ14+BVX14+BWE14+BWL14+BWS14+BWZ14+BXG14 | BXP14: =IFERROR(BXO14/BXN14/7,"") | BXQ14: =BVR14+BVY14+BWF14+BWM14+BWT14+BXA14+BXH14 | BXR14: =IFERROR(BXQ14/BXO14,"") | BXS14: =BVU14+BWB14+BWI14+BWP14+BWW14+BXD14+BXK14 | BXT14: =IFERROR(BXO14/BXN14/7,"") | BZS14: 7 | BZT14: =BXV14+BYC14+BYJ14+BYQ14+BYX14+BZE14+BZL14 | BZU14: =IFERROR(BZT14/BZS14/7,"") | BZV14: =BXW14+BYD14+BYK14+BYR14+BYY14+BZF14+BZM14 | BZW14: =IFERROR(BZV14/BZT14,"") | BZX14: =BXZ14+BYG14+BYN14+BYU14+BZB14+BZI14+BZP14 | BZY14: =IFERROR(BZT14/BZS14/7,"")
A15: 12 | AZ15: 7 | BA15: =C15+J15+Q15+X15+AE15+AL15+AS15 | BB15: =IFERROR(BA15/AZ15/7,"") | BC15: =D15+K15+R15+Y15+AF15+AM15+AT15 | BD15: =IFERROR(BC15/BA15,"") | BE15: =G15+N15+U15+AB15+AI15+AP15+AW15 | BF15: =IFERROR(BA15/AZ15/7,"") | DE15: 7 | DF15: =BH15+BO15+BV15+CC15+CJ15+CQ15+CX15 | DG15: =IFERROR(DF15/DE15/7,"") | DH15: =BI15+BP15+BW15+CD15+CK15+CR15+CY15 | DI15: =IFERROR(DH15/DF15,"") | DJ15: =BL15+BS15+BZ15+CG15+CN15+CU15+DB15 | DK15: =IFERROR(DF15/DE15/7,"") | FJ15: 7 | FK15: =DM15+DT15+EA15+EH15+EO15+EV15+FC15 | FL15: =IFERROR(FK15/FJ15/7,"") | FM15: =DN15+DU15+EB15+EI15+EP15+EW15+FD15 | FN15: =IFERROR(FM15/FK15,"") | FO15: =DQ15+DX15+EE15+EL15+ES15+EZ15+FG15 | FP15: =IFERROR(FK15/FJ15/7,"") | HO15: 7 | HP15: =FR15+FY15+GF15+GM15+GT15+HA15+HH15 | HQ15: =IFERROR(HP15/HO15/7,"") | HR15: =FS15+FZ15+GG15+GN15+GU15+HB15+HI15 | HS15: =IFERROR(HR15/HP15,"") | HT15: =FV15+GC15+GJ15+GQ15+GX15+HE15+HL15 | HU15: =IFERROR(HP15/HO15/7,"") | JT15: 7 | JU15: =HW15+ID15+IK15+IR15+IY15+JF15+JM15 | JV15: =IFERROR(JU15/JT15/7,"") | JW15: =HX15+IE15+IL15+IS15+IZ15+JG15+JN15 | JX15: =IFERROR(JW15/JU15,"") | JY15: =IA15+IH15+IO15+IV15+JC15+JJ15+JQ15 | JZ15: =IFERROR(JU15/JT15/7,"") | LY15: 7 | LZ15: =KB15+KI15+KP15+KW15+LD15+LK15+LR15 | MA15: =IFERROR(LZ15/LY15/7,"") | MB15: =KC15+KJ15+KQ15+KX15+LE15+LL15+LS15 | MC15: =IFERROR(MB15/LZ15,"") | MD15: =KF15+KM15+KT15+LA15+LH15+LO15+LV15 | ME15: =IFERROR(LZ15/LY15/7,"") | OD15: 7 | OE15: =MG15+MN15+MU15+NB15+NI15+NP15+NW15 | OF15: =IFERROR(OE15/OD15/7,"") | OG15: =MH15+MO15+MV15+NC15+NJ15+NQ15+NX15 | OH15: =IFERROR(OG15/OE15,"") | OI15: =MK15+MR15+MY15+NF15+NM15+NT15+OA15 | OJ15: =IFERROR(OE15/OD15/7,"") | QI15: 7 | QJ15: =OL15+OS15+OZ15+PG15+PN15+PU15+QB15 | QK15: =IFERROR(QJ15/QI15/7,"") | QL15: =OM15+OT15+PA15+PH15+PO15+PV15+QC15 | QM15: =IFERROR(QL15/QJ15,"") | QN15: =OP15+OW15+PD15+PK15+PR15+PY15+QF15 | QO15: =IFERROR(QJ15/QI15/7,"") | SN15: 7 | SO15: =QQ15+QX15+RE15+RL15+RS15+RZ15+SG15 | SP15: =IFERROR(SO15/SN15/7,"") | SQ15: =QR15+QY15+RF15+RM15+RT15+SA15+SH15 | SR15: =IFERROR(SQ15/SO15,"") | SS15: =QU15+RB15+RI15+RP15+RW15+SD15+SK15 | ST15: =IFERROR(SO15/SN15/7,"") | US15: 7 | UT15: =SV15+TC15+TJ15+TQ15+TX15+UE15+UL15 | UU15: =IFERROR(UT15/US15/7,"") | UV15: =SW15+TD15+TK15+TR15+TY15+UF15+UM15 | UW15: =IFERROR(UV15/UT15,"") | UX15: =SZ15+TG15+TN15+TU15+UB15+UI15+UP15 | UY15: =IFERROR(UT15/US15/7,"") | WX15: 7 | WY15: =VA15+VH15+VO15+VV15+WC15+WJ15+WQ15 | WZ15: =IFERROR(WY15/WX15/7,"") | XA15: =VB15+VI15+VP15+VW15+WD15+WK15+WR15 | XB15: =IFERROR(XA15/WY15,"") | XC15: =VE15+VL15+VS15+VZ15+WG15+WN15+WU15 | XD15: =IFERROR(WY15/WX15/7,"") | ZC15: 7 | ZD15: =XF15+XM15+XT15+YA15+YH15+YO15+YV15 | ZE15: =IFERROR(ZD15/ZC15/7,"") | ZF15: =XG15+XN15+XU15+YB15+YI15+YP15+YW15 | ZG15: =IFERROR(ZF15/ZD15,"") | ZH15: =XJ15+XQ15+XX15+YE15+YL15+YS15+YZ15 | ZI15: =IFERROR(ZD15/ZC15/7,"") | ABH15: 7 | ABI15: =ZK15+ZR15+ZY15+AAF15+AAM15+AAT15+ABA15 | ABJ15: =IFERROR(ABI15/ABH15/7,"") | ABK15: =ZL15+ZS15+ZZ15+AAG15+AAN15+AAU15+ABB15 | ABL15: =IFERROR(ABK15/ABI15,"") | ABM15: =ZO15+ZV15+AAC15+AAJ15+AAQ15+AAX15+ABE15 | ABN15: =IFERROR(ABI15/ABH15/7,"") | ADM15: 7 | ADN15: =ABP15+ABW15+ACD15+ACK15+ACR15+ACY15+ADF15 | ADO15: =IFERROR(ADN15/ADM15/7,"") | ADP15: =ABQ15+ABX15+ACE15+ACL15+ACS15+ACZ15+ADG15 | ADQ15: =IFERROR(ADP15/ADN15,"") | ADR15: =ABT15+ACA15+ACH15+ACO15+ACV15+ADC15+ADJ15 | ADS15: =IFERROR(ADN15/ADM15/7,"") | AFR15: 7 | AFS15: =ADU15+AEB15+AEI15+AEP15+AEW15+AFD15+AFK15 | AFT15: =IFERROR(AFS15/AFR15/7,"") | AFU15: =ADV15+AEC15+AEJ15+AEQ15+AEX15+AFE15+AFL15 | AFV15: =IFERROR(AFU15/AFS15,"") | AFW15: =ADY15+AEF15+AEM15+AET15+AFA15+AFH15+AFO15 | AFX15: =IFERROR(AFS15/AFR15/7,"") | AHW15: 7 | AHX15: =AFZ15+AGG15+AGN15+AGU15+AHB15+AHI15+AHP15 | AHY15: =IFERROR(AHX15/AHW15/7,"") | AHZ15: =AGA15+AGH15+AGO15+AGV15+AHC15+AHJ15+AHQ15 | AIA15: =IFERROR(AHZ15/AHX15,"") | AIB15: =AGD15+AGK15+AGR15+AGY15+AHF15+AHM15+AHT15 | AIC15: =IFERROR(AHX15/AHW15/7,"") | AKB15: 7 | AKC15: =AIE15+AIL15+AIS15+AIZ15+AJG15+AJN15+AJU15 | AKD15: =IFERROR(AKC15/AKB15/7,"") | AKE15: =AIF15+AIM15+AIT15+AJA15+AJH15+AJO15+AJV15 | AKF15: =IFERROR(AKE15/AKC15,"") | AKG15: =AII15+AIP15+AIW15+AJD15+AJK15+AJR15+AJY15 | AKH15: =IFERROR(AKC15/AKB15/7,"") | AMG15: 7 | AMH15: =AKJ15+AKQ15+AKX15+ALE15+ALL15+ALS15+ALZ15 | AMI15: =IFERROR(AMH15/AMG15/7,"") | AMJ15: =AKK15+AKR15+AKY15+ALF15+ALM15+ALT15+AMA15 | AMK15: =IFERROR(AMJ15/AMH15,"") | AML15: =AKN15+AKU15+ALB15+ALI15+ALP15+ALW15+AMD15 | AMM15: =IFERROR(AMH15/AMG15/7,"") | AOL15: 7 | AOM15: =AMO15+AMV15+ANC15+ANJ15+ANQ15+ANX15+AOE15 | AON15: =IFERROR(AOM15/AOL15/7,"") | AOO15: =AMP15+AMW15+AND15+ANK15+ANR15+ANY15+AOF15 | AOP15: =IFERROR(AOO15/AOM15,"") | AOQ15: =AMS15+AMZ15+ANG15+ANN15+ANU15+AOB15+AOI15 | AOR15: =IFERROR(AOM15/AOL15/7,"") | AQQ15: 7 | AQR15: =AOT15+APA15+APH15+APO15+APV15+AQC15+AQJ15 | AQS15: =IFERROR(AQR15/AQQ15/7,"") | AQT15: =AOU15+APB15+API15+APP15+APW15+AQD15+AQK15 | AQU15: =IFERROR(AQT15/AQR15,"") | AQV15: =AOX15+APE15+APL15+APS15+APZ15+AQG15+AQN15 | AQW15: =IFERROR(AQR15/AQQ15/7,"") | ASV15: 7 | ASW15: =AQY15+ARF15+ARM15+ART15+ASA15+ASH15+ASO15 | ASX15: =IFERROR(ASW15/ASV15/7,"") | ASY15: =AQZ15+ARG15+ARN15+ARU15+ASB15+ASI15+ASP15 | ASZ15: =IFERROR(ASY15/ASW15,"") | ATA15: =ARC15+ARJ15+ARQ15+ARX15+ASE15+ASL15+ASS15 | ATB15: =IFERROR(ASW15/ASV15/7,"") | AVA15: 7 | AVB15: =ATD15+ATK15+ATR15+ATY15+AUF15+AUM15+AUT15 | AVC15: =IFERROR(AVB15/AVA15/7,"") | AVD15: =ATE15+ATL15+ATS15+ATZ15+AUG15+AUN15+AUU15 | AVE15: =IFERROR(AVD15/AVB15,"") | AVF15: =ATH15+ATO15+ATV15+AUC15+AUJ15+AUQ15+AUX15 | AVG15: =IFERROR(AVB15/AVA15/7,"") | AXF15: 7 | AXG15: =AVI15+AVP15+AVW15+AWD15+AWK15+AWR15+AWY15 | AXH15: =IFERROR(AXG15/AXF15/7,"") | AXI15: =AVJ15+AVQ15+AVX15+AWE15+AWL15+AWS15+AWZ15 | AXJ15: =IFERROR(AXI15/AXG15,"") | AXK15: =AVM15+AVT15+AWA15+AWH15+AWO15+AWV15+AXC15 | AXL15: =IFERROR(AXG15/AXF15/7,"") | AZK15: 7 | AZL15: =AXN15+AXU15+AYB15+AYI15+AYP15+AYW15+AZD15 | AZM15: =IFERROR(AZL15/AZK15/7,"") | AZN15: =AXO15+AXV15+AYC15+AYJ15+AYQ15+AYX15+AZE15 | AZO15: =IFERROR(AZN15/AZL15,"") | AZP15: =AXR15+AXY15+AYF15+AYM15+AYT15+AZA15+AZH15 | AZQ15: =IFERROR(AZL15/AZK15/7,"") | BBP15: 7 | BBQ15: =AZS15+AZZ15+BAG15+BAN15+BAU15+BBB15+BBI15 | BBR15: =IFERROR(BBQ15/BBP15/7,"") | BBS15: =AZT15+BAA15+BAH15+BAO15+BAV15+BBC15+BBJ15 | BBT15: =IFERROR(BBS15/BBQ15,"") | BBU15: =AZW15+BAD15+BAK15+BAR15+BAY15+BBF15+BBM15 | BBV15: =IFERROR(BBQ15/BBP15/7,"") | BDU15: 7 | BDV15: =BBX15+BCE15+BCL15+BCS15+BCZ15+BDG15+BDN15 | BDW15: =IFERROR(BDV15/BDU15/7,"") | BDX15: =BBY15+BCF15+BCM15+BCT15+BDA15+BDH15+BDO15 | BDY15: =IFERROR(BDX15/BDV15,"") | BDZ15: =BCB15+BCI15+BCP15+BCW15+BDD15+BDK15+BDR15 | BEA15: =IFERROR(BDV15/BDU15/7,"") | BFZ15: 7 | BGA15: =BEC15+BEJ15+BEQ15+BEX15+BFE15+BFL15+BFS15 | BGB15: =IFERROR(BGA15/BFZ15/7,"") | BGC15: =BED15+BEK15+BER15+BEY15+BFF15+BFM15+BFT15 | BGD15: =IFERROR(BGC15/BGA15,"") | BGE15: =BEG15+BEN15+BEU15+BFB15+BFI15+BFP15+BFW15 | BGF15: =IFERROR(BGA15/BFZ15/7,"") | BIE15: 7 | BIF15: =BGH15+BGO15+BGV15+BHC15+BHJ15+BHQ15+BHX15 | BIG15: =IFERROR(BIF15/BIE15/7,"") | BIH15: =BGI15+BGP15+BGW15+BHD15+BHK15+BHR15+BHY15 | BII15: =IFERROR(BIH15/BIF15,"") | BIJ15: =BGL15+BGS15+BGZ15+BHG15+BHN15+BHU15+BIB15 | BIK15: =IFERROR(BIF15/BIE15/7,"") | BKJ15: 7 | BKK15: =BIM15+BIT15+BJA15+BJH15+BJO15+BJV15+BKC15 | BKL15: =IFERROR(BKK15/BKJ15/7,"") | BKM15: =BIN15+BIU15+BJB15+BJI15+BJP15+BJW15+BKD15 | BKN15: =IFERROR(BKM15/BKK15,"") | BKO15: =BIQ15+BIX15+BJE15+BJL15+BJS15+BJZ15+BKG15 | BKP15: =IFERROR(BKK15/BKJ15/7,"") | BMO15: 7 | BMP15: =BKR15+BKY15+BLF15+BLM15+BLT15+BMA15+BMH15 | BMQ15: =IFERROR(BMP15/BMO15/7,"") | BMR15: =BKS15+BKZ15+BLG15+BLN15+BLU15+BMB15+BMI15 | BMS15: =IFERROR(BMR15/BMP15,"") | BMT15: =BKV15+BLC15+BLJ15+BLQ15+BLX15+BME15+BML15 | BMU15: =IFERROR(BMP15/BMO15/7,"") | BOT15: 7 | BOU15: =BMW15+BND15+BNK15+BNR15+BNY15+BOF15+BOM15 | BOV15: =IFERROR(BOU15/BOT15/7,"") | BOW15: =BMX15+BNE15+BNL15+BNS15+BNZ15+BOG15+BON15 | BOX15: =IFERROR(BOW15/BOU15,"") | BOY15: =BNA15+BNH15+BNO15+BNV15+BOC15+BOJ15+BOQ15 | BOZ15: =IFERROR(BOU15/BOT15/7,"") | BQY15: 7 | BQZ15: =BPB15+BPI15+BPP15+BPW15+BQD15+BQK15+BQR15 | BRA15: =IFERROR(BQZ15/BQY15/7,"") | BRB15: =BPC15+BPJ15+BPQ15+BPX15+BQE15+BQL15+BQS15 | BRC15: =IFERROR(BRB15/BQZ15,"") | BRD15: =BPF15+BPM15+BPT15+BQA15+BQH15+BQO15+BQV15 | BRE15: =IFERROR(BQZ15/BQY15/7,"") | BTD15: 7 | BTE15: =BRG15+BRN15+BRU15+BSB15+BSI15+BSP15+BSW15 | BTF15: =IFERROR(BTE15/BTD15/7,"") | BTG15: =BRH15+BRO15+BRV15+BSC15+BSJ15+BSQ15+BSX15 | BTH15: =IFERROR(BTG15/BTE15,"") | BTI15: =BRK15+BRR15+BRY15+BSF15+BSM15+BST15+BTA15 | BTJ15: =IFERROR(BTE15/BTD15/7,"") | BVI15: 7 | BVJ15: =BTL15+BTS15+BTZ15+BUG15+BUN15+BUU15+BVB15 | BVK15: =IFERROR(BVJ15/BVI15/7,"") | BVL15: =BTM15+BTT15+BUA15+BUH15+BUO15+BUV15+BVC15 | BVM15: =IFERROR(BVL15/BVJ15,"") | BVN15: =BTP15+BTW15+BUD15+BUK15+BUR15+BUY15+BVF15 | BVO15: =IFERROR(BVJ15/BVI15/7,"") | BXN15: 7 | BXO15: =BVQ15+BVX15+BWE15+BWL15+BWS15+BWZ15+BXG15 | BXP15: =IFERROR(BXO15/BXN15/7,"") | BXQ15: =BVR15+BVY15+BWF15+BWM15+BWT15+BXA15+BXH15 | BXR15: =IFERROR(BXQ15/BXO15,"") | BXS15: =BVU15+BWB15+BWI15+BWP15+BWW15+BXD15+BXK15 | BXT15: =IFERROR(BXO15/BXN15/7,"") | BZS15: 7 | BZT15: =BXV15+BYC15+BYJ15+BYQ15+BYX15+BZE15+BZL15 | BZU15: =IFERROR(BZT15/BZS15/7,"") | BZV15: =BXW15+BYD15+BYK15+BYR15+BYY15+BZF15+BZM15 | BZW15: =IFERROR(BZV15/BZT15,"") | BZX15: =BXZ15+BYG15+BYN15+BYU15+BZB15+BZI15+BZP15 | BZY15: =IFERROR(BZT15/BZS15/7,"")
... A195: 192 | AZ195: 7 | BA195: =C195+J195+Q195+X195+AE195+AL195+AS195 | BB195: =IFERROR(BA195/AZ195/7,"") | BC195: =D195+K195+R195+Y195+AF195+AM195+AT195 | BD195: =IFERROR(BC195/BA195,"") | BE195: =G195+N195+U195+AB195+AI195+AP195+AW195 | BF195: =IFERROR(BA195/AZ195/7,"") | DE195: 7 | DF195: =BH195+BO195+BV195+CC195+CJ195+CQ195+CX195 | DG195: =IFERROR(DF195/DE195/7,"") | DH195: =BI195+BP195+BW195+CD195+CK195+CR195+CY195 | DI195: =IFERROR(DH195/DF195,"") | DJ195: =BL195+BS195+BZ195+CG195+CN195+CU195+DB195 | DK195: =IFERROR(DF195/DE195/7,"") | FJ195: 7 | FK195: =DM195+DT195+EA195+EH195+EO195+EV195+FC195 | FL195: =IFERROR(FK195/FJ195/7,"") | FM195: =DN195+DU195+EB195+EI195+EP195+EW195+FD195 | FN195: =IFERROR(FM195/FK195,"") | FO195: =DQ195+DX195+EE195+EL195+ES195+EZ195+FG195 | FP195: =IFERROR(FK195/FJ195/7,"") | HO195: 7 | HP195: =FR195+FY195+GF195+GM195+GT195+HA195+HH195 | HQ195: =IFERROR(HP195/HO195/7,"") | HR195: =FS195+FZ195+GG195+GN195+GU195+HB195+HI195 | HS195: =IFERROR(HR195/HP195,"") | HT195: =FV195+GC195+GJ195+GQ195+GX195+HE195+HL195 | HU195: =IFERROR(HP195/HO195/7,"") | JT195: 7 | JU195: =HW195+ID195+IK195+IR195+IY195+JF195+JM195 | JV195: =IFERROR(JU195/JT195/7,"") | JW195: =HX195+IE195+IL195+IS195+IZ195+JG195+JN195 | JX195: =IFERROR(JW195/JU195,"") | JY195: =IA195+IH195+IO195+IV195+JC195+JJ195+JQ195 | JZ195: =IFERROR(JU195/JT195/7,"") | LY195: 7 | LZ195: =KB195+KI195+KP195+KW195+LD195+LK195+LR195 | MA195: =IFERROR(LZ195/LY195/7,"") | MB195: =KC195+KJ195+KQ195+KX195+LE195+LL195+LS195 | MC195: =IFERROR(MB195/LZ195,"") | MD195: =KF195+KM195+KT195+LA195+LH195+LO195+LV195 | ME195: =IFERROR(LZ195/LY195/7,"") | OD195: 7 | OE195: =MG195+MN195+MU195+NB195+NI195+NP195+NW195 | OF195: =IFERROR(OE195/OD195/7,"") | OG195: =MH195+MO195+MV195+NC195+NJ195+NQ195+NX195 | OH195: =IFERROR(OG195/OE195,"") | OI195: =MK195+MR195+MY195+NF195+NM195+NT195+OA195 | OJ195: =IFERROR(OE195/OD195/7,"") | QI195: 7 | QJ195: =OL195+OS195+OZ195+PG195+PN195+PU195+QB195 | QK195: =IFERROR(QJ195/QI195/7,"") | QL195: =OM195+OT195+PA195+PH195+PO195+PV195+QC195 | QM195: =IFERROR(QL195/QJ195,"") | QN195: =OP195+OW195+PD195+PK195+PR195+PY195+QF195 | QO195: =IFERROR(QJ195/QI195/7,"") | SN195: 7 | SO195: =QQ195+QX195+RE195+RL195+RS195+RZ195+SG195 | SP195: =IFERROR(SO195/SN195/7,"") | SQ195: =QR195+QY195+RF195+RM195+RT195+SA195+SH195 | SR195: =IFERROR(SQ195/SO195,"") | SS195: =QU195+RB195+RI195+RP195+RW195+SD195+SK195 | ST195: =IFERROR(SO195/SN195/7,"") | US195: 7 | UT195: =SV195+TC195+TJ195+TQ195+TX195+UE195+UL195 | UU195: =IFERROR(UT195/US195/7,"") | UV195: =SW195+TD195+TK195+TR195+TY195+UF195+UM195 | UW195: =IFERROR(UV195/UT195,"") | UX195: =SZ195+TG195+TN195+TU195+UB195+UI195+UP195 | UY195: =IFERROR(UT195/US195/7,"") | WX195: 7 | WY195: =VA195+VH195+VO195+VV195+WC195+WJ195+WQ195 | WZ195: =IFERROR(WY195/WX195/7,"") | XA195: =VB195+VI195+VP195+VW195+WD195+WK195+WR195 | XB195: =IFERROR(XA195/WY195,"") | XC195: =VE195+VL195+VS195+VZ195+WG195+WN195+WU195 | XD195: =IFERROR(WY195/WX195/7,"") | ZC195: 7 | ZD195: =XF195+XM195+XT195+YA195+YH195+YO195+YV195 | ZE195: =IFERROR(ZD195/ZC195/7,"") | ZF195: =XG195+XN195+XU195+YB195+YI195+YP195+YW195 | ZG195: =IFERROR(ZF195/ZD195,"") | ZH195: =XJ195+XQ195+XX195+YE195+YL195+YS195+YZ195 | ZI195: =IFERROR(ZD195/ZC195/7,"") | ABH195: 7 | ABI195: =ZK195+ZR195+ZY195+AAF195+AAM195+AAT195+ABA195 | ABJ195: =IFERROR(ABI195/ABH195/7,"") | ABK195: =ZL195+ZS195+ZZ195+AAG195+AAN195+AAU195+ABB195 | ABL195: =IFERROR(ABK195/ABI195,"") | ABM195: =ZO195+ZV195+AAC195+AAJ195+AAQ195+AAX195+ABE195 | ABN195: =IFERROR(ABI195/ABH195/7,"") | ADM195: 7 | ADN195: =ABP195+ABW195+ACD195+ACK195+ACR195+ACY195+ADF195 | ADO195: =IFERROR(ADN195/ADM195/7,"") | ADP195: =ABQ195+ABX195+ACE195+ACL195+ACS195+ACZ195+ADG195 | ADQ195: =IFERROR(ADP195/ADN195,"") | ADR195: =ABT195+ACA195+ACH195+ACO195+ACV195+ADC195+ADJ195 | ADS195: =IFERROR(ADN195/ADM195/7,"") | AFR195: 7 | AFS195: =ADU195+AEB195+AEI195+AEP195+AEW195+AFD195+AFK195 | AFT195: =IFERROR(AFS195/AFR195/7,"") | AFU195: =ADV195+AEC195+AEJ195+AEQ195+AEX195+AFE195+AFL195 | AFV195: =IFERROR(AFU195/AFS195,"") | AFW195: =ADY195+AEF195+AEM195+AET195+AFA195+AFH195+AFO195 | AFX195: =IFERROR(AFS195/AFR195/7,"") | AHW195: 7 | AHX195: =AFZ195+AGG195+AGN195+AGU195+AHB195+AHI195+AHP195 | AHY195: =IFERROR(AHX195/AHW195/7,"") | AHZ195: =AGA195+AGH195+AGO195+AGV195+AHC195+AHJ195+AHQ195 | AIA195: =IFERROR(AHZ195/AHX195,"") | AIB195: =AGD195+AGK195+AGR195+AGY195+AHF195+AHM195+AHT195 | AIC195: =IFERROR(AHX195/AHW195/7,"") | AKB195: 7 | AKC195: =AIE195+AIL195+AIS195+AIZ195+AJG195+AJN195+AJU195 | AKD195: =IFERROR(AKC195/AKB195/7,"") | AKE195: =AIF195+AIM195+AIT195+AJA195+AJH195+AJO195+AJV195 | AKF195: =IFERROR(AKE195/AKC195,"") | AKG195: =AII195+AIP195+AIW195+AJD195+AJK195+AJR195+AJY195 | AKH195: =IFERROR(AKC195/AKB195/7,"") | AMG195: 7 | AMH195: =AKJ195+AKQ195+AKX195+ALE195+ALL195+ALS195+ALZ195 | AMI195: =IFERROR(AMH195/AMG195/7,"") | AMJ195: =AKK195+AKR195+AKY195+ALF195+ALM195+ALT195+AMA195 | AMK195: =IFERROR(AMJ195/AMH195,"") | AML195: =AKN195+AKU195+ALB195+ALI195+ALP195+ALW195+AMD195 | AMM195: =IFERROR(AMH195/AMG195/7,"") | AOL195: 7 | AOM195: =AMO195+AMV195+ANC195+ANJ195+ANQ195+ANX195+AOE195 | AON195: =IFERROR(AOM195/AOL195/7,"") | AOO195: =AMP195+AMW195+AND195+ANK195+ANR195+ANY195+AOF195 | AOP195: =IFERROR(AOO195/AOM195,"") | AOQ195: =AMS195+AMZ195+ANG195+ANN195+ANU195+AOB195+AOI195 | AOR195: =IFERROR(AOM195/AOL195/7,"") | AQQ195: 7 | AQR195: =AOT195+APA195+APH195+APO195+APV195+AQC195+AQJ195 | AQS195: =IFERROR(AQR195/AQQ195/7,"") | AQT195: =AOU195+APB195+API195+APP195+APW195+AQD195+AQK195 | AQU195: =IFERROR(AQT195/AQR195,"") | AQV195: =AOX195+APE195+APL195+APS195+APZ195+AQG195+AQN195 | AQW195: =IFERROR(AQR195/AQQ195/7,"") | ASV195: 7 | ASW195: =AQY195+ARF195+ARM195+ART195+ASA195+ASH195+ASO195 | ASX195: =IFERROR(ASW195/ASV195/7,"") | ASY195: =AQZ195+ARG195+ARN195+ARU195+ASB195+ASI195+ASP195 | ASZ195: =IFERROR(ASY195/ASW195,"") | ATA195: =ARC195+ARJ195+ARQ195+ARX195+ASE195+ASL195+ASS195 | ATB195: =IFERROR(ASW195/ASV195/7,"") | AVA195: 7 | AVB195: =ATD195+ATK195+ATR195+ATY195+AUF195+AUM195+AUT195 | AVC195: =IFERROR(AVB195/AVA195/7,"") | AVD195: =ATE195+ATL195+ATS195+ATZ195+AUG195+AUN195+AUU195 | AVE195: =IFERROR(AVD195/AVB195,"") | AVF195: =ATH195+ATO195+ATV195+AUC195+AUJ195+AUQ195+AUX195 | AVG195: =IFERROR(AVB195/AVA195/7,"") | AXF195: 7 | AXG195: =AVI195+AVP195+AVW195+AWD195+AWK195+AWR195+AWY195 | AXH195: =IFERROR(AXG195/AXF195/7,"") | AXI195: =AVJ195+AVQ195+AVX195+AWE195+AWL195+AWS195+AWZ195 | AXJ195: =IFERROR(AXI195/AXG195,"") | AXK195: =AVM195+AVT195+AWA195+AWH195+AWO195+AWV195+AXC195 | AXL195: =IFERROR(AXG195/AXF195/7,"") | AZK195: 7 | AZL195: =AXN195+AXU195+AYB195+AYI195+AYP195+AYW195+AZD195 | AZM195: =IFERROR(AZL195/AZK195/7,"") | AZN195: =AXO195+AXV195+AYC195+AYJ195+AYQ195+AYX195+AZE195 | AZO195: =IFERROR(AZN195/AZL195,"") | AZP195: =AXR195+AXY195+AYF195+AYM195+AYT195+AZA195+AZH195 | AZQ195: =IFERROR(AZL195/AZK195/7,"") | BBP195: 7 | BBQ195: =AZS195+AZZ195+BAG195+BAN195+BAU195+BBB195+BBI195 | BBR195: =IFERROR(BBQ195/BBP195/7,"") | BBS195: =AZT195+BAA195+BAH195+BAO195+BAV195+BBC195+BBJ195 | BBT195: =IFERROR(BBS195/BBQ195,"") | BBU195: =AZW195+BAD195+BAK195+BAR195+BAY195+BBF195+BBM195 | BBV195: =IFERROR(BBQ195/BBP195/7,"") | BDU195: 7 | BDV195: =BBX195+BCE195+BCL195+BCS195+BCZ195+BDG195+BDN195 | BDW195: =IFERROR(BDV195/BDU195/7,"") | BDX195: =BBY195+BCF195+BCM195+BCT195+BDA195+BDH195+BDO195 | BDY195: =IFERROR(BDX195/BDV195,"") | BDZ195: =BCB195+BCI195+BCP195+BCW195+BDD195+BDK195+BDR195 | BEA195: =IFERROR(BDV195/BDU195/7,"") | BFZ195: 7 | BGA195: =BEC195+BEJ195+BEQ195+BEX195+BFE195+BFL195+BFS195 | BGB195: =IFERROR(BGA195/BFZ195/7,"") | BGC195: =BED195+BEK195+BER195+BEY195+BFF195+BFM195+BFT195 | BGD195: =IFERROR(BGC195/BGA195,"") | BGE195: =BEG195+BEN195+BEU195+BFB195+BFI195+BFP195+BFW195 | BGF195: =IFERROR(BGA195/BFZ195/7,"") | BIE195: 7 | BIF195: =BGH195+BGO195+BGV195+BHC195+BHJ195+BHQ195+BHX195 | BIG195: =IFERROR(BIF195/BIE195/7,"") | BIH195: =BGI195+BGP195+BGW195+BHD195+BHK195+BHR195+BHY195 | BII195: =IFERROR(BIH195/BIF195,"") | BIJ195: =BGL195+BGS195+BGZ195+BHG195+BHN195+BHU195+BIB195 | BIK195: =IFERROR(BIF195/BIE195/7,"") | BKJ195: 7 | BKK195: =BIM195+BIT195+BJA195+BJH195+BJO195+BJV195+BKC195 | BKL195: =IFERROR(BKK195/BKJ195/7,"") | BKM195: =BIN195+BIU195+BJB195+BJI195+BJP195+BJW195+BKD195 | BKN195: =IFERROR(BKM195/BKK195,"") | BKO195: =BIQ195+BIX195+BJE195+BJL195+BJS195+BJZ195+BKG195 | BKP195: =IFERROR(BKK195/BKJ195/7,"") | BMO195: 7 | BMP195: =BKR195+BKY195+BLF195+BLM195+BLT195+BMA195+BMH195 | BMQ195: =IFERROR(BMP195/BMO195/7,"") | BMR195: =BKS195+BKZ195+BLG195+BLN195+BLU195+BMB195+BMI195 | BMS195: =IFERROR(BMR195/BMP195,"") | BMT195: =BKV195+BLC195+BLJ195+BLQ195+BLX195+BME195+BML195 | BMU195: =IFERROR(BMP195/BMO195/7,"") | BOT195: 7 | BOU195: =BMW195+BND195+BNK195+BNR195+BNY195+BOF195+BOM195 | BOV195: =IFERROR(BOU195/BOT195/7,"") | BOW195: =BMX195+BNE195+BNL195+BNS195+BNZ195+BOG195+BON195 | BOX195: =IFERROR(BOW195/BOU195,"") | BOY195: =BNA195+BNH195+BNO195+BNV195+BOC195+BOJ195+BOQ195 | BOZ195: =IFERROR(BOU195/BOT195/7,"") | BQY195: 7 | BQZ195: =BPB195+BPI195+BPP195+BPW195+BQD195+BQK195+BQR195 | BRA195: =IFERROR(BQZ195/BQY195/7,"") | BRB195: =BPC195+BPJ195+BPQ195+BPX195+BQE195+BQL195+BQS195 | BRC195: =IFERROR(BRB195/BQZ195,"") | BRD195: =BPF195+BPM195+BPT195+BQA195+BQH195+BQO195+BQV195 | BRE195: =IFERROR(BQZ195/BQY195/7,"") | BTD195: 7 | BTE195: =BRG195+BRN195+BRU195+BSB195+BSI195+BSP195+BSW195 | BTF195: =IFERROR(BTE195/BTD195/7,"") | BTG195: =BRH195+BRO195+BRV195+BSC195+BSJ195+BSQ195+BSX195 | BTH195: =IFERROR(BTG195/BTE195,"") | BTI195: =BRK195+BRR195+BRY195+BSF195+BSM195+BST195+BTA195 | BTJ195: =IFERROR(BTE195/BTD195/7,"") | BVI195: 7 | BVJ195: =BTL195+BTS195+BTZ195+BUG195+BUN195+BUU195+BVB195 | BVK195: =IFERROR(BVJ195/BVI195/7,"") | BVL195: =BTM195+BTT195+BUA195+BUH195+BUO195+BUV195+BVC195 | BVM195: =IFERROR(BVL195/BVJ195,"") | BVN195: =BTP195+BTW195+BUD195+BUK195+BUR195+BUY195+BVF195 | BVO195: =IFERROR(BVJ195/BVI195/7,"") | BXN195: 7 | BXO195: =BVQ195+BVX195+BWE195+BWL195+BWS195+BWZ195+BXG195 | BXP195: =IFERROR(BXO195/BXN195/7,"") | BXQ195: =BVR195+BVY195+BWF195+BWM195+BWT195+BXA195+BXH195 | BXR195: =IFERROR(BXQ195/BXO195,"") | BXS195: =BVU195+BWB195+BWI195+BWP195+BWW195+BXD195+BXK195 | BXT195: =IFERROR(BXO195/BXN195/7,"") | BZS195: 7 | BZT195: =BXV195+BYC195+BYJ195+BYQ195+BYX195+BZE195+BZL195 | BZU195: =IFERROR(BZT195/BZS195/7,"") | BZV195: =BXW195+BYD195+BYK195+BYR195+BYY195+BZF195+BZM195 | BZW195: =IFERROR(BZV195/BZT195,"") | BZX195: =BXZ195+BYG195+BYN195+BYU195+BZB195+BZI195+BZP195 | BZY195: =IFERROR(BZT195/BZS195/7,"")
