Workbook

Sheet Pen trt 
A1: Pen | B1: Treatment
A2: 1 | B2: 1
A3: 2 | B3: 9
A4: 3 | B4: 17
A5: 4 | B5: 25
A6: 5 | B6: 28
A7: 6 | B7: 4
A8: 7 | B8: 12
A9: 8 | B9: 20
A10: 9 | B10: 32
A11: 10 | B11: 8
A12: 11 | B12: 16
A13: 12 | B13: 24
... A193: 192 | B193: 29

Sheet Egg Data
C1: 46327 | J1: 46328 | Q1: 46329 | X1: 46330 | AE1: 46331 | AL1: 46332 | AS1: 46333 | AZ1: 1W | BH1: 46334 | BO1: 46335 | BV1: 46336 | CC1: 46337 | CJ1: 46338 | CQ1: 46339 | CX1: 46340 | DE1: 2W | DM1: 46341 | DT1: 46342 | EA1: 46343 | EH1: 46344 | EO1: 46345 | EV1: 46346 | FC1: 46347 | FJ1: 3W | FR1: 46348 | FY1: 46349 | GF1: 46350 | GM1: 46351 | GT1: 46352 | HA1: 46353 | HH1: 46354 | HO1: 4W | HW1: 46355 | ID1: 46356 | IK1: 46357 | IR1: 46358 | IY1: 46359 | JF1: 46360 | JM1: 46361 | JT1: 5W | KB1: 46362 | KI1: 46363 | KP1: 46364 | KW1: 46365 | LD1: 46366 | LK1: 46367 | LR1: 46368 | LY1: 6W | MG1: 46369 | MN1: 46370 | MU1: 46371 | NB1: 46372 | NI1: 46373 | NP1: 46374 | NW1: 46375 | OD1: 7W | OL1: 46376 | OS1: 46377 | OZ1: 46378 | PG1: 46379 | PN1: 46380 | PU1: 46381 | QB1: 46382 | QI1: 8W | QQ1: 46383 | QX1: 46384 | RE1: 46385 | RL1: 46386 | RS1: 46387 | RZ1: 46388 | SG1: 46389 | SN1: 9W | SV1: 46390 | TC1: 46391 | TJ1: 46392 | TQ1: 46393 | TX1: 46394 | UE1: 46395 | UL1: 46396 | US1: 10W | VA1: 46397 | VH1: 46398 | VO1: 46399 | VV1: 46400 | WC1: 46401 | WJ1: 46402 | WQ1: 46403 | WX1: 11W | XF1: 46404 | XM1: 46405 | XT1: 46406 | YA1: 46407 | YH1: 46408 | YO1: 46409 | YV1: 46410 | ZC1: 12W | ZK1: 46411 | ZR1: 46412 | ZY1: 46413 | AAF1: 46414 | AAM1: 46415 | AAT1: 46416 | ABA1: 46417 | ABH1: 13W | ABP1: 46418 | ABW1: 46419 | ACD1: 46420 | ACK1: 46421 | ACR1: 46422 | ACY1: 46423 | ADF1: 46424 | ADM1: 14W | ADU1: 46425 | AEB1: 46426 | AEI1: 46427 | AEP1: 46428 | AEW1: 46429 | AFD1: 46430 | AFK1: 46431 | AFR1: 15W | AFZ1: 46432 | AGG1: 46433 | AGN1: 46434 | AGU1: 46435 | AHB1: 46436 | AHI1: 46437 | AHP1: 46438 | AHW1: 16W | AIE1: 46439 | AIL1: 46440 | AIS1: 46441 | AIZ1: 46442 | AJG1: 46443 | AJN1: 46444 | AJU1: 46445 | AKB1: 17W | AKJ1: 46446 | AKQ1: 46447 | AKX1: 46448 | ALE1: 46449 | ALL1: 46450 | ALS1: 46451 | ALZ1: 46452 | AMG1: 18W | AMO1: 46453 | AMV1: 46454 | ANC1: 46455 | ANJ1: 46456 | ANQ1: 46457 | ANX1: 46458 | AOE1: 46459 | AOL1: 19W | AOT1: 46460 | APA1: 46461 | APH1: 46462 | APO1: 46463 | APV1: 46464 | AQC1: 46465 | AQJ1: 46466 | AQQ1: 20W
C2: 1W | J2: 1W | Q2: 1W | X2: 1W | AE2: 1W | AL2: 1W | AS2: 1W | BH2: 2W | BO2: 2W | BV2: 2W | CC2: 2W | CJ2: 2W | CQ2: 2W | CX2: 2W | DM2: 3W | DT2: 3W | EA2: 3W | EH2: 3W | EO2: 3W | EV2: 3W | FC2: 3W | FR2: 4W | FY2: 4W | GF2: 4W | GM2: 4W | GT2: 4W | HA2: 4W | HH2: 4W | HW2: 5W | ID2: 5W | IK2: 5W | IR2: 5W | IY2: 5W | JF2: 5W | JM2: 5W | KB2: 6W | KI2: 6W | KP2: 6W | KW2: 6W | LD2: 6W | LK2: 6W | LR2: 6W | MG2: 7W | MN2: 7W | MU2: 7W | NB2: 7W | NI2: 7W | NP2: 7W | NW2: 7W | OL2: 8W | OS2: 8W | OZ2: 8W | PG2: 8W | PN2: 8W | PU2: 8W | QB2: 8W | QQ2: 9W | QX2: 9W | RE2: 9W | RL2: 9W | RS2: 9W | RZ2: 9W | SG2: 9W | SV2: 10W | TC2: 10W | TJ2: 10W | TQ2: 10W | TX2: 10W | UE2: 10W | UL2: 10W | VA2: 11W | VH2: 11W | VO2: 11W | VV2: 11W | WC2: 11W | WJ2: 11W | WQ2: 11W | XF2: 12W | XM2: 12W | XT2: 12W | YA2: 12W | YH2: 12W | YO2: 12W | YV2: 12W | ZK2: 13W | ZR2: 13W | ZY2: 13W | AAF2: 13W | AAM2: 13W | AAT2: 13W | ABA2: 13W | ABP2: 14W | ABW2: 14W | ACD2: 14W | ACK2: 14W | ACR2: 14W | ACY2: 14W | ADF2: 14W | ADU2: 15W | AEB2: 15W | AEI2: 15W | AEP2: 15W | AEW2: 15W | AFD2: 15W | AFK2: 15W | AFZ2: 16W | AGG2: 16W | AGN2: 16W | AGU2: 16W | AHB2: 16W | AHI2: 16W | AHP2: 16W | AIE2: 17W | AIL2: 17W | AIS2: 17W | AIZ2: 17W | AJG2: 17W | AJN2: 17W | AJU2: 17W | AKJ2: 18W | AKQ2: 18W | AKX2: 18W | ALE2: 18W | ALL2: 18W | ALS2: 18W | ALZ2: 18W | AMO2: 19W | AMV2: 19W | ANC2: 19W | ANJ2: 19W | ANQ2: 19W | ANX2: 19W | AOE2: 19W | AOT2: 20W | APA2: 20W | APH2: 20W | APO2: 20W | APV2: 20W | AQC2: 20W | AQJ2: 20W
A3: Pen Number | B3: Treatment Number | C3: Number of Eggs | D3: Weight | E3: Average Weight | F3: Non Layer | G3: Number of Rejects | H3: Reason | J3: Number of Eggs | K3: Weight | L3: Average Weight | M3: Non Layer | N3: Number of Rejects | O3: Reason | Q3: Number of Eggs | R3: Weight | S3: Average Weight | T3: Non Layer | U3: Number of Rejects | V3: Reason | X3: Number of Eggs | Y3: Weight | Z3: Average Weight | AA3: Non Layer | AB3: Number of Rejects | AC3: Reason | AE3: Number of Eggs | AF3: Weight | AG3: Average Weight | AH3: Non Layer | AI3: Number of Rejects | AJ3: Reason | AL3: Number of Eggs | AM3: Weight | AN3: Average Weight | AO3: Non Layer | AP3: Number of Rejects | AQ3: Reason | AS3: Number of Eggs | AT3: Weight | AU3: Average Weight | AV3: Non Layer | AW3: Number of Rejects | AX3: Reason | AZ3: Bird # | BA3: Number of Eggs | BB3: Ave eggs | BC3: Weight | BD3: Average Weight | BE3: Number of Rejects | BF3: %HDE_ | BH3: Number of Eggs | BI3: Weight | BJ3: Average Weight | BK3: Non Layer | BL3: Number of Rejects | BM3: Reason | BO3: Number of Eggs | BP3: Weight | BQ3: Average Weight | BR3: Non Layer | BS3: Number of Rejects | BT3: Reason | BV3: Number of Eggs | BW3: Weight | BX3: Average Weight | BY3: Non Layer | BZ3: Number of Rejects | CA3: Reason | CC3: Number of Eggs | CD3: Weight | CE3: Average Weight | CF3: Non Layer | CG3: Number of Rejects | CH3: Reason | CJ3: Number of Eggs | CK3: Weight | CL3: Average Weight | CM3: Non Layer | CN3: Number of Rejects | CO3: Reason | CQ3: Number of Eggs | CR3: Weight | CS3: Average Weight | CT3: Non Layer | CU3: Number of Rejects | CV3: Reason | CX3: Number of Eggs | CY3: Weight | CZ3: Average Weight | DA3: Non Layer | DB3: Number of Rejects | DC3: Reason | DE3: Bird # | DF3: Number of Eggs | DG3: Ave eggs | DH3: Weight | DI3: Average Weight | DJ3: Number of Rejects | DK3: %HDE_ | DM3: Number of Eggs | DN3: Weight | DO3: Average Weight | DP3: Non Layer | DQ3: Number of Rejects | DR3: Reason | DT3: Number of Eggs | DU3: Weight | DV3: Average Weight | DW3: Non Layer | DX3: Number of Rejects | DY3: Reason | EA3: Number of Eggs | EB3: Weight | EC3: Average Weight | ED3: Non Layer | EE3: Number of Rejects | EF3: Reason | EH3: Number of Eggs | EI3: Weight | EJ3: Average Weight | EK3: Non Layer | EL3: Number of Rejects | EM3: Reason | EO3: Number of Eggs | EP3: Weight | EQ3: Average Weight | ER3: Non Layer | ES3: Number of Rejects | ET3: Reason | EV3: Number of Eggs | EW3: Weight | EX3: Average Weight | EY3: Non Layer | EZ3: Number of Rejects | FA3: Reason | FC3: Number of Eggs | FD3: Weight | FE3: Average Weight | FF3: Non Layer | FG3: Number of Rejects | FH3: Reason | FJ3: Bird # | FK3: Number of Eggs | FL3: Ave eggs | FM3: Weight | FN3: Average Weight | FO3: Number of Rejects | FP3: %HDE_ | FR3: Number of Eggs | FS3: Weight | FT3: Average Weight | FU3: Non Layer | FV3: Number of Rejects | FW3: Reason | FY3: Number of Eggs | FZ3: Weight | GA3: Average Weight | GB3: Non Layer | GC3: Number of Rejects | GD3: Reason | GF3: Number of Eggs | GG3: Weight | GH3: Average Weight | GI3: Non Layer | GJ3: Number of Rejects | GK3: Reason | GM3: Number of Eggs | GN3: Weight | GO3: Average Weight | GP3: Non Layer | GQ3: Number of Rejects | GR3: Reason | GT3: Number of Eggs | GU3: Weight | GV3: Average Weight | GW3: Non Layer | GX3: Number of Rejects | GY3: Reason | HA3: Number of Eggs | HB3: Weight | HC3: Average Weight | HD3: Non Layer | HE3: Number of Rejects | HF3: Reason | HH3: Number of Eggs | HI3: Weight | HJ3: Average Weight | HK3: Non Layer | HL3: Number of Rejects | HM3: Reason | HO3: Bird # | HP3: Number of Eggs | HQ3: Ave eggs | HR3: Weight | HS3: Average Weight | HT3: Number of Rejects | HU3: %HDE_ | HW3: Number of Eggs | HX3: Weight | HY3: Average Weight | HZ3: Non Layer | IA3: Number of Rejects | IB3: Reason | ID3: Number of Eggs | IE3: Weight | IF3: Average Weight | IG3: Non Layer | IH3: Number of Rejects | II3: Reason | IK3: Number of Eggs | IL3: Weight | IM3: Average Weight | IN3: Non Layer | IO3: Number of Rejects | IP3: Reason | IR3: Number of Eggs | IS3: Weight | IT3: Average Weight | IU3: Non Layer | IV3: Number of Rejects | IW3: Reason | IY3: Number of Eggs | IZ3: Weight | JA3: Average Weight | JB3: Non Layer | JC3: Number of Rejects | JD3: Reason | JF3: Number of Eggs | JG3: Weight | JH3: Average Weight | JI3: Non Layer | JJ3: Number of Rejects | JK3: Reason | JM3: Number of Eggs | JN3: Weight | JO3: Average Weight | JP3: Non Layer | JQ3: Number of Rejects | JR3: Reason | JT3: Bird # | JU3: Number of Eggs | JV3: Ave eggs | JW3: Weight | JX3: Average Weight | JY3: Number of Rejects | JZ3: %HDE_ | KB3: Number of Eggs | KC3: Weight | KD3: Average Weight | KE3: Non Layer | KF3: Number of Rejects | KG3: Reason | KI3: Number of Eggs | KJ3: Weight | KK3: Average Weight | KL3: Non Layer | KM3: Number of Rejects | KN3: Reason | KP3: Number of Eggs | KQ3: Weight | KR3: Average Weight | KS3: Non Layer | KT3: Number of Rejects | KU3: Reason | KW3: Number of Eggs | KX3: Weight | KY3: Average Weight | KZ3: Non Layer | LA3: Number of Rejects | LB3: Reason | LD3: Number of Eggs | LE3: Weight | LF3: Average Weight | LG3: Non Layer | LH3: Number of Rejects | LI3: Reason | LK3: Number of Eggs | LL3: Weight | LM3: Average Weight | LN3: Non Layer | LO3: Number of Rejects | LP3: Reason | LR3: Number of Eggs | LS3: Weight | LT3: Average Weight | LU3: Non Layer | LV3: Number of Rejects | LW3: Reason | LY3: Bird # | LZ3: Number of Eggs | MA3: Ave eggs | MB3: Weight | MC3: Average Weight | MD3: Number of Rejects | ME3: %HDE_ | MG3: Number of Eggs | MH3: Weight | MI3: Average Weight | MJ3: Non Layer | MK3: Number of Rejects | ML3: Reason | MN3: Number of Eggs | MO3: Weight | MP3: Average Weight | MQ3: Non Layer | MR3: Number of Rejects | MS3: Reason | MU3: Number of Eggs | MV3: Weight | MW3: Average Weight | MX3: Non Layer | MY3: Number of Rejects | MZ3: Reason | NB3: Number of Eggs | NC3: Weight | ND3: Average Weight | NE3: Non Layer | NF3: Number of Rejects | NG3: Reason | NI3: Number of Eggs | NJ3: Weight | NK3: Average Weight | NL3: Non Layer | NM3: Number of Rejects | NN3: Reason | NP3: Number of Eggs | NQ3: Weight | NR3: Average Weight | NS3: Non Layer | NT3: Number of Rejects | NU3: Reason | NW3: Number of Eggs | NX3: Weight | NY3: Average Weight | NZ3: Non Layer | OA3: Number of Rejects | OB3: Reason | OD3: Bird # | OE3: Number of Eggs | OF3: Ave eggs | OG3: Weight | OH3: Average Weight | OI3: Number of Rejects | OJ3: %HDE_ | OL3: Number of Eggs | OM3: Weight | ON3: Average Weight | OO3: Non Layer | OP3: Number of Rejects | OQ3: Reason | OS3: Number of Eggs | OT3: Weight | OU3: Average Weight | OV3: Non Layer | OW3: Number of Rejects | OX3: Reason | OZ3: Number of Eggs | PA3: Weight | PB3: Average Weight | PC3: Non Layer | PD3: Number of Rejects | PE3: Reason | PG3: Number of Eggs | PH3: Weight | PI3: Average Weight | PJ3: Non Layer | PK3: Number of Rejects | PL3: Reason | PN3: Number of Eggs | PO3: Weight | PP3: Average Weight | PQ3: Non Layer | PR3: Number of Rejects | PS3: Reason | PU3: Number of Eggs | PV3: Weight | PW3: Average Weight | PX3: Non Layer | PY3: Number of Rejects | PZ3: Reason | QB3: Number of Eggs | QC3: Weight | QD3: Average Weight | QE3: Non Layer | QF3: Number of Rejects | QG3: Reason | QI3: Bird # | QJ3: Number of Eggs | QK3: Ave eggs | QL3: Weight | QM3: Average Weight | QN3: Number of Rejects | QO3: %HDE_ | QQ3: Number of Eggs | QR3: Weight | QS3: Average Weight | QT3: Non Layer | QU3: Number of Rejects | QV3: Reason | QX3: Number of Eggs | QY3: Weight | QZ3: Average Weight | RA3: Non Layer | RB3: Number of Rejects | RC3: Reason | RE3: Number of Eggs | RF3: Weight | RG3: Average Weight | RH3: Non Layer | RI3: Number of Rejects | RJ3: Reason | RL3: Number of Eggs | RM3: Weight | RN3: Average Weight | RO3: Non Layer | RP3: Number of Rejects | RQ3: Reason | RS3: Number of Eggs | RT3: Weight | RU3: Average Weight | RV3: Non Layer | RW3: Number of Rejects | RX3: Reason | RZ3: Number of Eggs | SA3: Weight | SB3: Average Weight | SC3: Non Layer | SD3: Number of Rejects | SE3: Reason | SG3: Number of Eggs | SH3: Weight | SI3: Average Weight | SJ3: Non Layer | SK3: Number of Rejects | SL3: Reason | SN3: Bird # | SO3: Number of Eggs | SP3: Ave eggs | SQ3: Weight | SR3: Average Weight | SS3: Number of Rejects | ST3: %HDE_ | SV3: Number of Eggs | SW3: Weight | SX3: Average Weight | SY3: Non Layer | SZ3: Number of Rejects | TA3: Reason | TC3: Number of Eggs | TD3: Weight | TE3: Average Weight | TF3: Non Layer | TG3: Number of Rejects | TH3: Reason | TJ3: Number of Eggs | TK3: Weight | TL3: Average Weight | TM3: Non Layer | TN3: Number of Rejects | TO3: Reason | TQ3: Number of Eggs | TR3: Weight | TS3: Average Weight | TT3: Non Layer | TU3: Number of Rejects | TV3: Reason | TX3: Number of Eggs | TY3: Weight | TZ3: Average Weight | UA3: Non Layer | UB3: Number of Rejects | UC3: Reason | UE3: Number of Eggs | UF3: Weight | UG3: Average Weight | UH3: Non Layer | UI3: Number of Rejects | UJ3: Reason | UL3: Number of Eggs | UM3: Weight | UN3: Average Weight | UO3: Non Layer | UP3: Number of Rejects | UQ3: Reason | US3: Bird # | UT3: Number of Eggs | UU3: Ave eggs | UV3: Weight | UW3: Average Weight | UX3: Number of Rejects | UY3: %HDE_ | VA3: Number of Eggs | VB3: Weight | VC3: Average Weight | VD3: Non Layer | VE3: Number of Rejects | VF3: Reason | VH3: Number of Eggs | VI3: Weight | VJ3: Average Weight | VK3: Non Layer | VL3: Number of Rejects | VM3: Reason | VO3: Number of Eggs | VP3: Weight | VQ3: Average Weight | VR3: Non Layer | VS3: Number of Rejects | VT3: Reason | VV3: Number of Eggs | VW3: Weight | VX3: Average Weight | VY3: Non Layer | VZ3: Number of Rejects | WA3: Reason | WC3: Number of Eggs | WD3: Weight | WE3: Average Weight | WF3: Non Layer | WG3: Number of Rejects | WH3: Reason | WJ3: Number of Eggs | WK3: Weight | WL3: Average Weight | WM3: Non Layer | WN3: Number of Rejects | WO3: Reason | WQ3: Number of Eggs | WR3: Weight | WS3: Average Weight | WT3: Non Layer | WU3: Number of Rejects | WV3: Reason | WX3: Bird # | WY3: Number of Eggs | WZ3: Ave eggs | XA3: Weight | XB3: Average Weight | XC3: Number of Rejects | XD3: %HDE_ | XF3: Number of Eggs | XG3: Weight | XH3: Average Weight | XI3: Non Layer | XJ3: Number of Rejects | XK3: Reason | XM3: Number of Eggs | XN3: Weight | XO3: Average Weight | XP3: Non Layer | XQ3: Number of Rejects | XR3: Reason | XT3: Number of Eggs | XU3: Weight | XV3: Average Weight | XW3: Non Layer | XX3: Number of Rejects | XY3: Reason | YA3: Number of Eggs | YB3: Weight | YC3: Average Weight | YD3: Non Layer | YE3: Number of Rejects | YF3: Reason | YH3: Number of Eggs | YI3: Weight | YJ3: Average Weight | YK3: Non Layer | YL3: Number of Rejects | YM3: Reason | YO3: Number of Eggs | YP3: Weight | YQ3: Average Weight | YR3: Non Layer | YS3: Number of Rejects | YT3: Reason | YV3: Number of Eggs | YW3: Weight | YX3: Average Weight | YY3: Non Layer | YZ3: Number of Rejects | ZA3: Reason | ZC3: Bird # | ZD3: Number of Eggs | ZE3: Ave eggs | ZF3: Weight | ZG3: Average Weight | ZH3: Number of Rejects | ZI3: %HDE_ | ZK3: Number of Eggs | ZL3: Weight | ZM3: Average Weight | ZN3: Non Layer | ZO3: Number of Rejects | ZP3: Reason | ZR3: Number of Eggs | ZS3: Weight | ZT3: Average Weight | ZU3: Non Layer | ZV3: Number of Rejects | ZW3: Reason | ZY3: Number of Eggs | ZZ3: Weight | AAA3: Average Weight | AAB3: Non Layer | AAC3: Number of Rejects | AAD3: Reason | AAF3: Number of Eggs | AAG3: Weight | AAH3: Average Weight | AAI3: Non Layer | AAJ3: Number of Rejects | AAK3: Reason | AAM3: Number of Eggs | AAN3: Weight | AAO3: Average Weight | AAP3: Non Layer | AAQ3: Number of Rejects | AAR3: Reason | AAT3: Number of Eggs | AAU3: Weight | AAV3: Average Weight | AAW3: Non Layer | AAX3: Number of Rejects | AAY3: Reason | ABA3: Number of Eggs | ABB3: Weight | ABC3: Average Weight | ABD3: Non Layer | ABE3: Number of Rejects | ABF3: Reason | ABH3: Bird # | ABI3: Number of Eggs | ABJ3: Ave eggs | ABK3: Weight | ABL3: Average Weight | ABM3: Number of Rejects | ABN3: %HDE_ | ABP3: Number of Eggs | ABQ3: Weight | ABR3: Average Weight | ABS3: Non Layer | ABT3: Number of Rejects | ABU3: Reason | ABW3: Number of Eggs | ABX3: Weight | ABY3: Average Weight | ABZ3: Non Layer | ACA3: Number of Rejects | ACB3: Reason | ACD3: Number of Eggs | ACE3: Weight | ACF3: Average Weight | ACG3: Non Layer | ACH3: Number of Rejects | ACI3: Reason | ACK3: Number of Eggs | ACL3: Weight | ACM3: Average Weight | ACN3: Non Layer | ACO3: Number of Rejects | ACP3: Reason | ACR3: Number of Eggs | ACS3: Weight | ACT3: Average Weight | ACU3: Non Layer | ACV3: Number of Rejects | ACW3: Reason | ACY3: Number of Eggs | ACZ3: Weight | ADA3: Average Weight | ADB3: Non Layer | ADC3: Number of Rejects | ADD3: Reason | ADF3: Number of Eggs | ADG3: Weight | ADH3: Average Weight | ADI3: Non Layer | ADJ3: Number of Rejects | ADK3: Reason | ADM3: Bird # | ADN3: Number of Eggs | ADO3: Ave eggs | ADP3: Weight | ADQ3: Average Weight | ADR3: Number of Rejects | ADS3: %HDE_ | ADU3: Number of Eggs | ADV3: Weight | ADW3: Average Weight | ADX3: Non Layer | ADY3: Number of Rejects | ADZ3: Reason | AEB3: Number of Eggs | AEC3: Weight | AED3: Average Weight | AEE3: Non Layer | AEF3: Number of Rejects | AEG3: Reason | AEI3: Number of Eggs | AEJ3: Weight | AEK3: Average Weight | AEL3: Non Layer | AEM3: Number of Rejects | AEN3: Reason | AEP3: Number of Eggs | AEQ3: Weight | AER3: Average Weight | AES3: Non Layer | AET3: Number of Rejects | AEU3: Reason | AEW3: Number of Eggs | AEX3: Weight | AEY3: Average Weight | AEZ3: Non Layer | AFA3: Number of Rejects | AFB3: Reason | AFD3: Number of Eggs | AFE3: Weight | AFF3: Average Weight | AFG3: Non Layer | AFH3: Number of Rejects | AFI3: Reason | AFK3: Number of Eggs | AFL3: Weight | AFM3: Average Weight | AFN3: Non Layer | AFO3: Number of Rejects | AFP3: Reason | AFR3: Bird # | AFS3: Number of Eggs | AFT3: Ave eggs | AFU3: Weight | AFV3: Average Weight | AFW3: Number of Rejects | AFX3: %HDE_ | AFZ3: Number of Eggs | AGA3: Weight | AGB3: Average Weight | AGC3: Non Layer | AGD3: Number of Rejects | AGE3: Reason | AGG3: Number of Eggs | AGH3: Weight | AGI3: Average Weight | AGJ3: Non Layer | AGK3: Number of Rejects | AGL3: Reason | AGN3: Number of Eggs | AGO3: Weight | AGP3: Average Weight | AGQ3: Non Layer | AGR3: Number of Rejects | AGS3: Reason | AGU3: Number of Eggs | AGV3: Weight | AGW3: Average Weight | AGX3: Non Layer | AGY3: Number of Rejects | AGZ3: Reason | AHB3: Number of Eggs | AHC3: Weight | AHD3: Average Weight | AHE3: Non Layer | AHF3: Number of Rejects | AHG3: Reason | AHI3: Number of Eggs | AHJ3: Weight | AHK3: Average Weight | AHL3: Non Layer | AHM3: Number of Rejects | AHN3: Reason | AHP3: Number of Eggs | AHQ3: Weight | AHR3: Average Weight | AHS3: Non Layer | AHT3: Number of Rejects | AHU3: Reason | AHW3: Bird # | AHX3: Number of Eggs | AHY3: Ave eggs | AHZ3: Weight | AIA3: Average Weight | AIB3: Number of Rejects | AIC3: %HDE_ | AIE3: Number of Eggs | AIF3: Weight | AIG3: Average Weight | AIH3: Non Layer | AII3: Number of Rejects | AIJ3: Reason | AIL3: Number of Eggs | AIM3: Weight | AIN3: Average Weight | AIO3: Non Layer | AIP3: Number of Rejects | AIQ3: Reason | AIS3: Number of Eggs | AIT3: Weight | AIU3: Average Weight | AIV3: Non Layer | AIW3: Number of Rejects | AIX3: Reason | AIZ3: Number of Eggs | AJA3: Weight | AJB3: Average Weight | AJC3: Non Layer | AJD3: Number of Rejects | AJE3: Reason | AJG3: Number of Eggs | AJH3: Weight | AJI3: Average Weight | AJJ3: Non Layer | AJK3: Number of Rejects | AJL3: Reason | AJN3: Number of Eggs | AJO3: Weight | AJP3: Average Weight | AJQ3: Non Layer | AJR3: Number of Rejects | AJS3: Reason | AJU3: Number of Eggs | AJV3: Weight | AJW3: Average Weight | AJX3: Non Layer | AJY3: Number of Rejects | AJZ3: Reason | AKB3: Bird # | AKC3: Number of Eggs | AKD3: Ave eggs | AKE3: Weight | AKF3: Average Weight | AKG3: Number of Rejects | AKH3: %HDE_ | AKJ3: Number of Eggs | AKK3: Weight | AKL3: Average Weight | AKM3: Non Layer | AKN3: Number of Rejects | AKO3: Reason | AKQ3: Number of Eggs | AKR3: Weight | AKS3: Average Weight | AKT3: Non Layer | AKU3: Number of Rejects | AKV3: Reason | AKX3: Number of Eggs | AKY3: Weight | AKZ3: Average Weight | ALA3: Non Layer | ALB3: Number of Rejects | ALC3: Reason | ALE3: Number of Eggs | ALF3: Weight | ALG3: Average Weight | ALH3: Non Layer | ALI3: Number of Rejects | ALJ3: Reason | ALL3: Number of Eggs | ALM3: Weight | ALN3: Average Weight | ALO3: Non Layer | ALP3: Number of Rejects | ALQ3: Reason | ALS3: Number of Eggs | ALT3: Weight | ALU3: Average Weight | ALV3: Non Layer | ALW3: Number of Rejects | ALX3: Reason | ALZ3: Number of Eggs | AMA3: Weight | AMB3: Average Weight | AMC3: Non Layer | AMD3: Number of Rejects | AME3: Reason | AMG3: Bird # | AMH3: Number of Eggs | AMI3: Ave eggs | AMJ3: Weight | AMK3: Average Weight | AML3: Number of Rejects | AMM3: %HDE_ | AMO3: Number of Eggs | AMP3: Weight | AMQ3: Average Weight | AMR3: Non Layer | AMS3: Number of Rejects | AMT3: Reason | AMV3: Number of Eggs | AMW3: Weight | AMX3: Average Weight | AMY3: Non Layer | AMZ3: Number of Rejects | ANA3: Reason | ANC3: Number of Eggs | AND3: Weight | ANE3: Average Weight | ANF3: Non Layer | ANG3: Number of Rejects | ANH3: Reason | ANJ3: Number of Eggs | ANK3: Weight | ANL3: Average Weight | ANM3: Non Layer | ANN3: Number of Rejects | ANO3: Reason | ANQ3: Number of Eggs | ANR3: Weight | ANS3: Average Weight | ANT3: Non Layer | ANU3: Number of Rejects | ANV3: Reason | ANX3: Number of Eggs | ANY3: Weight | ANZ3: Average Weight | AOA3: Non Layer | AOB3: Number of Rejects | AOC3: Reason | AOE3: Number of Eggs | AOF3: Weight | AOG3: Average Weight | AOH3: Non Layer | AOI3: Number of Rejects | AOJ3: Reason | AOL3: Bird # | AOM3: Number of Eggs | AON3: Ave eggs | AOO3: Weight | AOP3: Average Weight | AOQ3: Number of Rejects | AOR3: %HDE_ | AOT3: Number of Eggs | AOU3: Weight | AOV3: Average Weight | AOW3: Non Layer | AOX3: Number of Rejects | AOY3: Reason | APA3: Number of Eggs | APB3: Weight | APC3: Average Weight | APD3: Non Layer | APE3: Number of Rejects | APF3: Reason | APH3: Number of Eggs | API3: Weight | APJ3: Average Weight | APK3: Non Layer | APL3: Number of Rejects | APM3: Reason | APO3: Number of Eggs | APP3: Weight | APQ3: Average Weight | APR3: Non Layer | APS3: Number of Rejects | APT3: Reason | APV3: Number of Eggs | APW3: Weight | APX3: Average Weight | APY3: Non Layer | APZ3: Number of Rejects | AQA3: Reason | AQC3: Number of Eggs | AQD3: Weight | AQE3: Average Weight | AQF3: Non Layer | AQG3: Number of Rejects | AQH3: Reason | AQJ3: Number of Eggs | AQK3: Weight | AQL3: Average Weight | AQM3: Non Layer | AQN3: Number of Rejects | AQO3: Reason | AQQ3: Bird # | AQR3: Number of Eggs | AQS3: Ave eggs | AQT3: Weight | AQU3: Average Weight | AQV3: Number of Rejects | AQW3: %HDE_
A4: 1 | AZ4: 7 | BA4: =C4+J4+Q4+X4+AE4+AL4+AS4 | BB4: =IFERROR(BA4/AZ4/7,"") | BC4: =D4+K4+R4+Y4+AF4+AM4+AT4 | BD4: =IFERROR(BC4/BA4,"") | BE4: =G4+N4+U4+AB4+AI4+AP4+AW4 | BF4: =IFERROR(BA4/AZ4/7,"") | DE4: 7 | DF4: =BH4+BO4+BV4+CC4+CJ4+CQ4+CX4 | DG4: =IFERROR(DF4/DE4/7,"") | DH4: =BI4+BP4+BW4+CD4+CK4+CR4+CY4 | DI4: =IFERROR(DH4/DF4,"") | DJ4: =BL4+BS4+BZ4+CG4+CN4+CU4+DB4 | DK4: =IFERROR(DF4/DE4/7,"") | FJ4: 7 | FK4: =DM4+DT4+EA4+EH4+EO4+EV4+FC4 | FL4: =IFERROR(FK4/FJ4/7,"") | FM4: =DN4+DU4+EB4+EI4+EP4+EW4+FD4 | FN4: =IFERROR(FM4/FK4,"") | FO4: =DQ4+DX4+EE4+EL4+ES4+EZ4+FG4 | FP4: =IFERROR(FK4/FJ4/7,"") | HO4: 7 | HP4: =FR4+FY4+GF4+GM4+GT4+HA4+HH4 | HQ4: =IFERROR(HP4/HO4/7,"") | HR4: =FS4+FZ4+GG4+GN4+GU4+HB4+HI4 | HS4: =IFERROR(HR4/HP4,"") | HT4: =FV4+GC4+GJ4+GQ4+GX4+HE4+HL4 | HU4: =IFERROR(HP4/HO4/7,"") | JT4: 7 | JU4: =HW4+ID4+IK4+IR4+IY4+JF4+JM4 | JV4: =IFERROR(JU4/JT4/7,"") | JW4: =HX4+IE4+IL4+IS4+IZ4+JG4+JN4 | JX4: =IFERROR(JW4/JU4,"") | JY4: =IA4+IH4+IO4+IV4+JC4+JJ4+JQ4 | JZ4: =IFERROR(JU4/JT4/7,"") | LY4: 7 | LZ4: =KB4+KI4+KP4+KW4+LD4+LK4+LR4 | MA4: =IFERROR(LZ4/LY4/7,"") | MB4: =KC4+KJ4+KQ4+KX4+LE4+LL4+LS4 | MC4: =IFERROR(MB4/LZ4,"") | MD4: =KF4+KM4+KT4+LA4+LH4+LO4+LV4 | ME4: =IFERROR(LZ4/LY4/7,"") | OD4: 7 | OE4: =MG4+MN4+MU4+NB4+NI4+NP4+NW4 | OF4: =IFERROR(OE4/OD4/7,"") | OG4: =MH4+MO4+MV4+NC4+NJ4+NQ4+NX4 | OH4: =IFERROR(OG4/OE4,"") | OI4: =MK4+MR4+MY4+NF4+NM4+NT4+OA4 | OJ4: =IFERROR(OE4/OD4/7,"") | QI4: 7 | QJ4: =OL4+OS4+OZ4+PG4+PN4+PU4+QB4 | QK4: =IFERROR(QJ4/QI4/7,"") | QL4: =OM4+OT4+PA4+PH4+PO4+PV4+QC4 | QM4: =IFERROR(QL4/QJ4,"") | QN4: =OP4+OW4+PD4+PK4+PR4+PY4+QF4 | QO4: =IFERROR(QJ4/QI4/7,"") | SN4: 7 | SO4: =QQ4+QX4+RE4+RL4+RS4+RZ4+SG4 | SP4: =IFERROR(SO4/SN4/7,"") | SQ4: =QR4+QY4+RF4+RM4+RT4+SA4+SH4 | SR4: =IFERROR(SQ4/SO4,"") | SS4: =QU4+RB4+RI4+RP4+RW4+SD4+SK4 | ST4: =IFERROR(SO4/SN4/7,"") | US4: 7 | UT4: =SV4+TC4+TJ4+TQ4+TX4+UE4+UL4 | UU4: =IFERROR(UT4/US4/7,"") | UV4: =SW4+TD4+TK4+TR4+TY4+UF4+UM4 | UW4: =IFERROR(UV4/UT4,"") | UX4: =SZ4+TG4+TN4+TU4+UB4+UI4+UP4 | UY4: =IFERROR(UT4/US4/7,"") | WX4: 7 | WY4: =VA4+VH4+VO4+VV4+WC4+WJ4+WQ4 | WZ4: =IFERROR(WY4/WX4/7,"") | XA4: =VB4+VI4+VP4+VW4+WD4+WK4+WR4 | XB4: =IFERROR(XA4/WY4,"") | XC4: =VE4+VL4+VS4+VZ4+WG4+WN4+WU4 | XD4: =IFERROR(WY4/WX4/7,"") | ZC4: 7 | ZD4: =XF4+XM4+XT4+YA4+YH4+YO4+YV4 | ZE4: =IFERROR(ZD4/ZC4/7,"") | ZF4: =XG4+XN4+XU4+YB4+YI4+YP4+YW4 | ZG4: =IFERROR(ZF4/ZD4,"") | ZH4: =XJ4+XQ4+XX4+YE4+YL4+YS4+YZ4 | ZI4: =IFERROR(ZD4/ZC4/7,"") | ABH4: 7 | ABI4: =ZK4+ZR4+ZY4+AAF4+AAM4+AAT4+ABA4 | ABJ4: =IFERROR(ABI4/ABH4/7,"") | ABK4: =ZL4+ZS4+ZZ4+AAG4+AAN4+AAU4+ABB4 | ABL4: =IFERROR(ABK4/ABI4,"") | ABM4: =ZO4+ZV4+AAC4+AAJ4+AAQ4+AAX4+ABE4 | ABN4: =IFERROR(ABI4/ABH4/7,"") | ADM4: 7 | ADN4: =ABP4+ABW4+ACD4+ACK4+ACR4+ACY4+ADF4 | ADO4: =IFERROR(ADN4/ADM4/7,"") | ADP4: =ABQ4+ABX4+ACE4+ACL4+ACS4+ACZ4+ADG4 | ADQ4: =IFERROR(ADP4/ADN4,"") | ADR4: =ABT4+ACA4+ACH4+ACO4+ACV4+ADC4+ADJ4 | ADS4: =IFERROR(ADN4/ADM4/7,"") | AFR4: 7 | AFS4: =ADU4+AEB4+AEI4+AEP4+AEW4+AFD4+AFK4 | AFT4: =IFERROR(AFS4/AFR4/7,"") | AFU4: =ADV4+AEC4+AEJ4+AEQ4+AEX4+AFE4+AFL4 | AFV4: =IFERROR(AFU4/AFS4,"") | AFW4: =ADY4+AEF4+AEM4+AET4+AFA4+AFH4+AFO4 | AFX4: =IFERROR(AFS4/AFR4/7,"") | AHW4: 7 | AHX4: =AFZ4+AGG4+AGN4+AGU4+AHB4+AHI4+AHP4 | AHY4: =IFERROR(AHX4/AHW4/7,"") | AHZ4: =AGA4+AGH4+AGO4+AGV4+AHC4+AHJ4+AHQ4 | AIA4: =IFERROR(AHZ4/AHX4,"") | AIB4: =AGD4+AGK4+AGR4+AGY4+AHF4+AHM4+AHT4 | AIC4: =IFERROR(AHX4/AHW4/7,"") | AKB4: 7 | AKC4: =AIE4+AIL4+AIS4+AIZ4+AJG4+AJN4+AJU4 | AKD4: =IFERROR(AKC4/AKB4/7,"") | AKE4: =AIF4+AIM4+AIT4+AJA4+AJH4+AJO4+AJV4 | AKF4: =IFERROR(AKE4/AKC4,"") | AKG4: =AII4+AIP4+AIW4+AJD4+AJK4+AJR4+AJY4 | AKH4: =IFERROR(AKC4/AKB4/7,"") | AMG4: 7 | AMH4: =AKJ4+AKQ4+AKX4+ALE4+ALL4+ALS4+ALZ4 | AMI4: =IFERROR(AMH4/AMG4/7,"") | AMJ4: =AKK4+AKR4+AKY4+ALF4+ALM4+ALT4+AMA4 | AMK4: =IFERROR(AMJ4/AMH4,"") | AML4: =AKN4+AKU4+ALB4+ALI4+ALP4+ALW4+AMD4 | AMM4: =IFERROR(AMH4/AMG4/7,"") | AOL4: 7 | AOM4: =AMO4+AMV4+ANC4+ANJ4+ANQ4+ANX4+AOE4 | AON4: =IFERROR(AOM4/AOL4/7,"") | AOO4: =AMP4+AMW4+AND4+ANK4+ANR4+ANY4+AOF4 | AOP4: =IFERROR(AOO4/AOM4,"") | AOQ4: =AMS4+AMZ4+ANG4+ANN4+ANU4+AOB4+AOI4 | AOR4: =IFERROR(AOM4/AOL4/7,"") | AQQ4: 7 | AQR4: =AOT4+APA4+APH4+APO4+APV4+AQC4+AQJ4 | AQS4: =IFERROR(AQR4/AQQ4/7,"") | AQT4: =AOU4+APB4+API4+APP4+APW4+AQD4+AQK4 | AQU4: =IFERROR(AQT4/AQR4,"") | AQV4: =AOX4+APE4+APL4+APS4+APZ4+AQG4+AQN4 | AQW4: =IFERROR(AQR4/AQQ4/7,"")
A5: 2 | AZ5: 7 | BA5: =C5+J5+Q5+X5+AE5+AL5+AS5 | BB5: =IFERROR(BA5/AZ5/7,"") | BC5: =D5+K5+R5+Y5+AF5+AM5+AT5 | BD5: =IFERROR(BC5/BA5,"") | BE5: =G5+N5+U5+AB5+AI5+AP5+AW5 | BF5: =IFERROR(BA5/AZ5/7,"") | DE5: 7 | DF5: =BH5+BO5+BV5+CC5+CJ5+CQ5+CX5 | DG5: =IFERROR(DF5/DE5/7,"") | DH5: =BI5+BP5+BW5+CD5+CK5+CR5+CY5 | DI5: =IFERROR(DH5/DF5,"") | DJ5: =BL5+BS5+BZ5+CG5+CN5+CU5+DB5 | DK5: =IFERROR(DF5/DE5/7,"") | FJ5: 7 | FK5: =DM5+DT5+EA5+EH5+EO5+EV5+FC5 | FL5: =IFERROR(FK5/FJ5/7,"") | FM5: =DN5+DU5+EB5+EI5+EP5+EW5+FD5 | FN5: =IFERROR(FM5/FK5,"") | FO5: =DQ5+DX5+EE5+EL5+ES5+EZ5+FG5 | FP5: =IFERROR(FK5/FJ5/7,"") | HO5: 7 | HP5: =FR5+FY5+GF5+GM5+GT5+HA5+HH5 | HQ5: =IFERROR(HP5/HO5/7,"") | HR5: =FS5+FZ5+GG5+GN5+GU5+HB5+HI5 | HS5: =IFERROR(HR5/HP5,"") | HT5: =FV5+GC5+GJ5+GQ5+GX5+HE5+HL5 | HU5: =IFERROR(HP5/HO5/7,"") | JT5: 7 | JU5: =HW5+ID5+IK5+IR5+IY5+JF5+JM5 | JV5: =IFERROR(JU5/JT5/7,"") | JW5: =HX5+IE5+IL5+IS5+IZ5+JG5+JN5 | JX5: =IFERROR(JW5/JU5,"") | JY5: =IA5+IH5+IO5+IV5+JC5+JJ5+JQ5 | JZ5: =IFERROR(JU5/JT5/7,"") | LY5: 7 | LZ5: =KB5+KI5+KP5+KW5+LD5+LK5+LR5 | MA5: =IFERROR(LZ5/LY5/7,"") | MB5: =KC5+KJ5+KQ5+KX5+LE5+LL5+LS5 | MC5: =IFERROR(MB5/LZ5,"") | MD5: =KF5+KM5+KT5+LA5+LH5+LO5+LV5 | ME5: =IFERROR(LZ5/LY5/7,"") | OD5: 7 | OE5: =MG5+MN5+MU5+NB5+NI5+NP5+NW5 | OF5: =IFERROR(OE5/OD5/7,"") | OG5: =MH5+MO5+MV5+NC5+NJ5+NQ5+NX5 | OH5: =IFERROR(OG5/OE5,"") | OI5: =MK5+MR5+MY5+NF5+NM5+NT5+OA5 | OJ5: =IFERROR(OE5/OD5/7,"") | QI5: 7 | QJ5: =OL5+OS5+OZ5+PG5+PN5+PU5+QB5 | QK5: =IFERROR(QJ5/QI5/7,"") | QL5: =OM5+OT5+PA5+PH5+PO5+PV5+QC5 | QM5: =IFERROR(QL5/QJ5,"") | QN5: =OP5+OW5+PD5+PK5+PR5+PY5+QF5 | QO5: =IFERROR(QJ5/QI5/7,"") | SN5: 7 | SO5: =QQ5+QX5+RE5+RL5+RS5+RZ5+SG5 | SP5: =IFERROR(SO5/SN5/7,"") | SQ5: =QR5+QY5+RF5+RM5+RT5+SA5+SH5 | SR5: =IFERROR(SQ5/SO5,"") | SS5: =QU5+RB5+RI5+RP5+RW5+SD5+SK5 | ST5: =IFERROR(SO5/SN5/7,"") | US5: 7 | UT5: =SV5+TC5+TJ5+TQ5+TX5+UE5+UL5 | UU5: =IFERROR(UT5/US5/7,"") | UV5: =SW5+TD5+TK5+TR5+TY5+UF5+UM5 | UW5: =IFERROR(UV5/UT5,"") | UX5: =SZ5+TG5+TN5+TU5+UB5+UI5+UP5 | UY5: =IFERROR(UT5/US5/7,"") | WX5: 7 | WY5: =VA5+VH5+VO5+VV5+WC5+WJ5+WQ5 | WZ5: =IFERROR(WY5/WX5/7,"") | XA5: =VB5+VI5+VP5+VW5+WD5+WK5+WR5 | XB5: =IFERROR(XA5/WY5,"") | XC5: =VE5+VL5+VS5+VZ5+WG5+WN5+WU5 | XD5: =IFERROR(WY5/WX5/7,"") | ZC5: 7 | ZD5: =XF5+XM5+XT5+YA5+YH5+YO5+YV5 | ZE5: =IFERROR(ZD5/ZC5/7,"") | ZF5: =XG5+XN5+XU5+YB5+YI5+YP5+YW5 | ZG5: =IFERROR(ZF5/ZD5,"") | ZH5: =XJ5+XQ5+XX5+YE5+YL5+YS5+YZ5 | ZI5: =IFERROR(ZD5/ZC5/7,"") | ABH5: 7 | ABI5: =ZK5+ZR5+ZY5+AAF5+AAM5+AAT5+ABA5 | ABJ5: =IFERROR(ABI5/ABH5/7,"") | ABK5: =ZL5+ZS5+ZZ5+AAG5+AAN5+AAU5+ABB5 | ABL5: =IFERROR(ABK5/ABI5,"") | ABM5: =ZO5+ZV5+AAC5+AAJ5+AAQ5+AAX5+ABE5 | ABN5: =IFERROR(ABI5/ABH5/7,"") | ADM5: 7 | ADN5: =ABP5+ABW5+ACD5+ACK5+ACR5+ACY5+ADF5 | ADO5: =IFERROR(ADN5/ADM5/7,"") | ADP5: =ABQ5+ABX5+ACE5+ACL5+ACS5+ACZ5+ADG5 | ADQ5: =IFERROR(ADP5/ADN5,"") | ADR5: =ABT5+ACA5+ACH5+ACO5+ACV5+ADC5+ADJ5 | ADS5: =IFERROR(ADN5/ADM5/7,"") | AFR5: 7 | AFS5: =ADU5+AEB5+AEI5+AEP5+AEW5+AFD5+AFK5 | AFT5: =IFERROR(AFS5/AFR5/7,"") | AFU5: =ADV5+AEC5+AEJ5+AEQ5+AEX5+AFE5+AFL5 | AFV5: =IFERROR(AFU5/AFS5,"") | AFW5: =ADY5+AEF5+AEM5+AET5+AFA5+AFH5+AFO5 | AFX5: =IFERROR(AFS5/AFR5/7,"") | AHW5: 7 | AHX5: =AFZ5+AGG5+AGN5+AGU5+AHB5+AHI5+AHP5 | AHY5: =IFERROR(AHX5/AHW5/7,"") | AHZ5: =AGA5+AGH5+AGO5+AGV5+AHC5+AHJ5+AHQ5 | AIA5: =IFERROR(AHZ5/AHX5,"") | AIB5: =AGD5+AGK5+AGR5+AGY5+AHF5+AHM5+AHT5 | AIC5: =IFERROR(AHX5/AHW5/7,"") | AKB5: 7 | AKC5: =AIE5+AIL5+AIS5+AIZ5+AJG5+AJN5+AJU5 | AKD5: =IFERROR(AKC5/AKB5/7,"") | AKE5: =AIF5+AIM5+AIT5+AJA5+AJH5+AJO5+AJV5 | AKF5: =IFERROR(AKE5/AKC5,"") | AKG5: =AII5+AIP5+AIW5+AJD5+AJK5+AJR5+AJY5 | AKH5: =IFERROR(AKC5/AKB5/7,"") | AMG5: 7 | AMH5: =AKJ5+AKQ5+AKX5+ALE5+ALL5+ALS5+ALZ5 | AMI5: =IFERROR(AMH5/AMG5/7,"") | AMJ5: =AKK5+AKR5+AKY5+ALF5+ALM5+ALT5+AMA5 | AMK5: =IFERROR(AMJ5/AMH5,"") | AML5: =AKN5+AKU5+ALB5+ALI5+ALP5+ALW5+AMD5 | AMM5: =IFERROR(AMH5/AMG5/7,"") | AOL5: 7 | AOM5: =AMO5+AMV5+ANC5+ANJ5+ANQ5+ANX5+AOE5 | AON5: =IFERROR(AOM5/AOL5/7,"") | AOO5: =AMP5+AMW5+AND5+ANK5+ANR5+ANY5+AOF5 | AOP5: =IFERROR(AOO5/AOM5,"") | AOQ5: =AMS5+AMZ5+ANG5+ANN5+ANU5+AOB5+AOI5 | AOR5: =IFERROR(AOM5/AOL5/7,"") | AQQ5: 7 | AQR5: =AOT5+APA5+APH5+APO5+APV5+AQC5+AQJ5 | AQS5: =IFERROR(AQR5/AQQ5/7,"") | AQT5: =AOU5+APB5+API5+APP5+APW5+AQD5+AQK5 | AQU5: =IFERROR(AQT5/AQR5,"") | AQV5: =AOX5+APE5+APL5+APS5+APZ5+AQG5+AQN5 | AQW5: =IFERROR(AQR5/AQQ5/7,"")
A6: 3 | AZ6: 7 | BA6: =C6+J6+Q6+X6+AE6+AL6+AS6 | BB6: =IFERROR(BA6/AZ6/7,"") | BC6: =D6+K6+R6+Y6+AF6+AM6+AT6 | BD6: =IFERROR(BC6/BA6,"") | BE6: =G6+N6+U6+AB6+AI6+AP6+AW6 | BF6: =IFERROR(BA6/AZ6/7,"") | DE6: 7 | DF6: =BH6+BO6+BV6+CC6+CJ6+CQ6+CX6 | DG6: =IFERROR(DF6/DE6/7,"") | DH6: =BI6+BP6+BW6+CD6+CK6+CR6+CY6 | DI6: =IFERROR(DH6/DF6,"") | DJ6: =BL6+BS6+BZ6+CG6+CN6+CU6+DB6 | DK6: =IFERROR(DF6/DE6/7,"") | FJ6: 7 | FK6: =DM6+DT6+EA6+EH6+EO6+EV6+FC6 | FL6: =IFERROR(FK6/FJ6/7,"") | FM6: =DN6+DU6+EB6+EI6+EP6+EW6+FD6 | FN6: =IFERROR(FM6/FK6,"") | FO6: =DQ6+DX6+EE6+EL6+ES6+EZ6+FG6 | FP6: =IFERROR(FK6/FJ6/7,"") | HO6: 7 | HP6: =FR6+FY6+GF6+GM6+GT6+HA6+HH6 | HQ6: =IFERROR(HP6/HO6/7,"") | HR6: =FS6+FZ6+GG6+GN6+GU6+HB6+HI6 | HS6: =IFERROR(HR6/HP6,"") | HT6: =FV6+GC6+GJ6+GQ6+GX6+HE6+HL6 | HU6: =IFERROR(HP6/HO6/7,"") | JT6: 7 | JU6: =HW6+ID6+IK6+IR6+IY6+JF6+JM6 | JV6: =IFERROR(JU6/JT6/7,"") | JW6: =HX6+IE6+IL6+IS6+IZ6+JG6+JN6 | JX6: =IFERROR(JW6/JU6,"") | JY6: =IA6+IH6+IO6+IV6+JC6+JJ6+JQ6 | JZ6: =IFERROR(JU6/JT6/7,"") | LY6: 7 | LZ6: =KB6+KI6+KP6+KW6+LD6+LK6+LR6 | MA6: =IFERROR(LZ6/LY6/7,"") | MB6: =KC6+KJ6+KQ6+KX6+LE6+LL6+LS6 | MC6: =IFERROR(MB6/LZ6,"") | MD6: =KF6+KM6+KT6+LA6+LH6+LO6+LV6 | ME6: =IFERROR(LZ6/LY6/7,"") | OD6: 7 | OE6: =MG6+MN6+MU6+NB6+NI6+NP6+NW6 | OF6: =IFERROR(OE6/OD6/7,"") | OG6: =MH6+MO6+MV6+NC6+NJ6+NQ6+NX6 | OH6: =IFERROR(OG6/OE6,"") | OI6: =MK6+MR6+MY6+NF6+NM6+NT6+OA6 | OJ6: =IFERROR(OE6/OD6/7,"") | QI6: 7 | QJ6: =OL6+OS6+OZ6+PG6+PN6+PU6+QB6 | QK6: =IFERROR(QJ6/QI6/7,"") | QL6: =OM6+OT6+PA6+PH6+PO6+PV6+QC6 | QM6: =IFERROR(QL6/QJ6,"") | QN6: =OP6+OW6+PD6+PK6+PR6+PY6+QF6 | QO6: =IFERROR(QJ6/QI6/7,"") | SN6: 7 | SO6: =QQ6+QX6+RE6+RL6+RS6+RZ6+SG6 | SP6: =IFERROR(SO6/SN6/7,"") | SQ6: =QR6+QY6+RF6+RM6+RT6+SA6+SH6 | SR6: =IFERROR(SQ6/SO6,"") | SS6: =QU6+RB6+RI6+RP6+RW6+SD6+SK6 | ST6: =IFERROR(SO6/SN6/7,"") | US6: 7 | UT6: =SV6+TC6+TJ6+TQ6+TX6+UE6+UL6 | UU6: =IFERROR(UT6/US6/7,"") | UV6: =SW6+TD6+TK6+TR6+TY6+UF6+UM6 | UW6: =IFERROR(UV6/UT6,"") | UX6: =SZ6+TG6+TN6+TU6+UB6+UI6+UP6 | UY6: =IFERROR(UT6/US6/7,"") | WX6: 7 | WY6: =VA6+VH6+VO6+VV6+WC6+WJ6+WQ6 | WZ6: =IFERROR(WY6/WX6/7,"") | XA6: =VB6+VI6+VP6+VW6+WD6+WK6+WR6 | XB6: =IFERROR(XA6/WY6,"") | XC6: =VE6+VL6+VS6+VZ6+WG6+WN6+WU6 | XD6: =IFERROR(WY6/WX6/7,"") | ZC6: 7 | ZD6: =XF6+XM6+XT6+YA6+YH6+YO6+YV6 | ZE6: =IFERROR(ZD6/ZC6/7,"") | ZF6: =XG6+XN6+XU6+YB6+YI6+YP6+YW6 | ZG6: =IFERROR(ZF6/ZD6,"") | ZH6: =XJ6+XQ6+XX6+YE6+YL6+YS6+YZ6 | ZI6: =IFERROR(ZD6/ZC6/7,"") | ABH6: 7 | ABI6: =ZK6+ZR6+ZY6+AAF6+AAM6+AAT6+ABA6 | ABJ6: =IFERROR(ABI6/ABH6/7,"") | ABK6: =ZL6+ZS6+ZZ6+AAG6+AAN6+AAU6+ABB6 | ABL6: =IFERROR(ABK6/ABI6,"") | ABM6: =ZO6+ZV6+AAC6+AAJ6+AAQ6+AAX6+ABE6 | ABN6: =IFERROR(ABI6/ABH6/7,"") | ADM6: 7 | ADN6: =ABP6+ABW6+ACD6+ACK6+ACR6+ACY6+ADF6 | ADO6: =IFERROR(ADN6/ADM6/7,"") | ADP6: =ABQ6+ABX6+ACE6+ACL6+ACS6+ACZ6+ADG6 | ADQ6: =IFERROR(ADP6/ADN6,"") | ADR6: =ABT6+ACA6+ACH6+ACO6+ACV6+ADC6+ADJ6 | ADS6: =IFERROR(ADN6/ADM6/7,"") | AFR6: 7 | AFS6: =ADU6+AEB6+AEI6+AEP6+AEW6+AFD6+AFK6 | AFT6: =IFERROR(AFS6/AFR6/7,"") | AFU6: =ADV6+AEC6+AEJ6+AEQ6+AEX6+AFE6+AFL6 | AFV6: =IFERROR(AFU6/AFS6,"") | AFW6: =ADY6+AEF6+AEM6+AET6+AFA6+AFH6+AFO6 | AFX6: =IFERROR(AFS6/AFR6/7,"") | AHW6: 7 | AHX6: =AFZ6+AGG6+AGN6+AGU6+AHB6+AHI6+AHP6 | AHY6: =IFERROR(AHX6/AHW6/7,"") | AHZ6: =AGA6+AGH6+AGO6+AGV6+AHC6+AHJ6+AHQ6 | AIA6: =IFERROR(AHZ6/AHX6,"") | AIB6: =AGD6+AGK6+AGR6+AGY6+AHF6+AHM6+AHT6 | AIC6: =IFERROR(AHX6/AHW6/7,"") | AKB6: 7 | AKC6: =AIE6+AIL6+AIS6+AIZ6+AJG6+AJN6+AJU6 | AKD6: =IFERROR(AKC6/AKB6/7,"") | AKE6: =AIF6+AIM6+AIT6+AJA6+AJH6+AJO6+AJV6 | AKF6: =IFERROR(AKE6/AKC6,"") | AKG6: =AII6+AIP6+AIW6+AJD6+AJK6+AJR6+AJY6 | AKH6: =IFERROR(AKC6/AKB6/7,"") | AMG6: 7 | AMH6: =AKJ6+AKQ6+AKX6+ALE6+ALL6+ALS6+ALZ6 | AMI6: =IFERROR(AMH6/AMG6/7,"") | AMJ6: =AKK6+AKR6+AKY6+ALF6+ALM6+ALT6+AMA6 | AMK6: =IFERROR(AMJ6/AMH6,"") | AML6: =AKN6+AKU6+ALB6+ALI6+ALP6+ALW6+AMD6 | AMM6: =IFERROR(AMH6/AMG6/7,"") | AOL6: 7 | AOM6: =AMO6+AMV6+ANC6+ANJ6+ANQ6+ANX6+AOE6 | AON6: =IFERROR(AOM6/AOL6/7,"") | AOO6: =AMP6+AMW6+AND6+ANK6+ANR6+ANY6+AOF6 | AOP6: =IFERROR(AOO6/AOM6,"") | AOQ6: =AMS6+AMZ6+ANG6+ANN6+ANU6+AOB6+AOI6 | AOR6: =IFERROR(AOM6/AOL6/7,"") | AQQ6: 7 | AQR6: =AOT6+APA6+APH6+APO6+APV6+AQC6+AQJ6 | AQS6: =IFERROR(AQR6/AQQ6/7,"") | AQT6: =AOU6+APB6+API6+APP6+APW6+AQD6+AQK6 | AQU6: =IFERROR(AQT6/AQR6,"") | AQV6: =AOX6+APE6+APL6+APS6+APZ6+AQG6+AQN6 | AQW6: =IFERROR(AQR6/AQQ6/7,"")
A7: 4 | AZ7: 7 | BA7: =C7+J7+Q7+X7+AE7+AL7+AS7 | BB7: =IFERROR(BA7/AZ7/7,"") | BC7: =D7+K7+R7+Y7+AF7+AM7+AT7 | BD7: =IFERROR(BC7/BA7,"") | BE7: =G7+N7+U7+AB7+AI7+AP7+AW7 | BF7: =IFERROR(BA7/AZ7/7,"") | DE7: 7 | DF7: =BH7+BO7+BV7+CC7+CJ7+CQ7+CX7 | DG7: =IFERROR(DF7/DE7/7,"") | DH7: =BI7+BP7+BW7+CD7+CK7+CR7+CY7 | DI7: =IFERROR(DH7/DF7,"") | DJ7: =BL7+BS7+BZ7+CG7+CN7+CU7+DB7 | DK7: =IFERROR(DF7/DE7/7,"") | FJ7: 7 | FK7: =DM7+DT7+EA7+EH7+EO7+EV7+FC7 | FL7: =IFERROR(FK7/FJ7/7,"") | FM7: =DN7+DU7+EB7+EI7+EP7+EW7+FD7 | FN7: =IFERROR(FM7/FK7,"") | FO7: =DQ7+DX7+EE7+EL7+ES7+EZ7+FG7 | FP7: =IFERROR(FK7/FJ7/7,"") | HO7: 7 | HP7: =FR7+FY7+GF7+GM7+GT7+HA7+HH7 | HQ7: =IFERROR(HP7/HO7/7,"") | HR7: =FS7+FZ7+GG7+GN7+GU7+HB7+HI7 | HS7: =IFERROR(HR7/HP7,"") | HT7: =FV7+GC7+GJ7+GQ7+GX7+HE7+HL7 | HU7: =IFERROR(HP7/HO7/7,"") | JT7: 7 | JU7: =HW7+ID7+IK7+IR7+IY7+JF7+JM7 | JV7: =IFERROR(JU7/JT7/7,"") | JW7: =HX7+IE7+IL7+IS7+IZ7+JG7+JN7 | JX7: =IFERROR(JW7/JU7,"") | JY7: =IA7+IH7+IO7+IV7+JC7+JJ7+JQ7 | JZ7: =IFERROR(JU7/JT7/7,"") | LY7: 7 | LZ7: =KB7+KI7+KP7+KW7+LD7+LK7+LR7 | MA7: =IFERROR(LZ7/LY7/7,"") | MB7: =KC7+KJ7+KQ7+KX7+LE7+LL7+LS7 | MC7: =IFERROR(MB7/LZ7,"") | MD7: =KF7+KM7+KT7+LA7+LH7+LO7+LV7 | ME7: =IFERROR(LZ7/LY7/7,"") | OD7: 7 | OE7: =MG7+MN7+MU7+NB7+NI7+NP7+NW7 | OF7: =IFERROR(OE7/OD7/7,"") | OG7: =MH7+MO7+MV7+NC7+NJ7+NQ7+NX7 | OH7: =IFERROR(OG7/OE7,"") | OI7: =MK7+MR7+MY7+NF7+NM7+NT7+OA7 | OJ7: =IFERROR(OE7/OD7/7,"") | QI7: 7 | QJ7: =OL7+OS7+OZ7+PG7+PN7+PU7+QB7 | QK7: =IFERROR(QJ7/QI7/7,"") | QL7: =OM7+OT7+PA7+PH7+PO7+PV7+QC7 | QM7: =IFERROR(QL7/QJ7,"") | QN7: =OP7+OW7+PD7+PK7+PR7+PY7+QF7 | QO7: =IFERROR(QJ7/QI7/7,"") | SN7: 7 | SO7: =QQ7+QX7+RE7+RL7+RS7+RZ7+SG7 | SP7: =IFERROR(SO7/SN7/7,"") | SQ7: =QR7+QY7+RF7+RM7+RT7+SA7+SH7 | SR7: =IFERROR(SQ7/SO7,"") | SS7: =QU7+RB7+RI7+RP7+RW7+SD7+SK7 | ST7: =IFERROR(SO7/SN7/7,"") | US7: 7 | UT7: =SV7+TC7+TJ7+TQ7+TX7+UE7+UL7 | UU7: =IFERROR(UT7/US7/7,"") | UV7: =SW7+TD7+TK7+TR7+TY7+UF7+UM7 | UW7: =IFERROR(UV7/UT7,"") | UX7: =SZ7+TG7+TN7+TU7+UB7+UI7+UP7 | UY7: =IFERROR(UT7/US7/7,"") | WX7: 7 | WY7: =VA7+VH7+VO7+VV7+WC7+WJ7+WQ7 | WZ7: =IFERROR(WY7/WX7/7,"") | XA7: =VB7+VI7+VP7+VW7+WD7+WK7+WR7 | XB7: =IFERROR(XA7/WY7,"") | XC7: =VE7+VL7+VS7+VZ7+WG7+WN7+WU7 | XD7: =IFERROR(WY7/WX7/7,"") | ZC7: 7 | ZD7: =XF7+XM7+XT7+YA7+YH7+YO7+YV7 | ZE7: =IFERROR(ZD7/ZC7/7,"") | ZF7: =XG7+XN7+XU7+YB7+YI7+YP7+YW7 | ZG7: =IFERROR(ZF7/ZD7,"") | ZH7: =XJ7+XQ7+XX7+YE7+YL7+YS7+YZ7 | ZI7: =IFERROR(ZD7/ZC7/7,"") | ABH7: 7 | ABI7: =ZK7+ZR7+ZY7+AAF7+AAM7+AAT7+ABA7 | ABJ7: =IFERROR(ABI7/ABH7/7,"") | ABK7: =ZL7+ZS7+ZZ7+AAG7+AAN7+AAU7+ABB7 | ABL7: =IFERROR(ABK7/ABI7,"") | ABM7: =ZO7+ZV7+AAC7+AAJ7+AAQ7+AAX7+ABE7 | ABN7: =IFERROR(ABI7/ABH7/7,"") | ADM7: 7 | ADN7: =ABP7+ABW7+ACD7+ACK7+ACR7+ACY7+ADF7 | ADO7: =IFERROR(ADN7/ADM7/7,"") | ADP7: =ABQ7+ABX7+ACE7+ACL7+ACS7+ACZ7+ADG7 | ADQ7: =IFERROR(ADP7/ADN7,"") | ADR7: =ABT7+ACA7+ACH7+ACO7+ACV7+ADC7+ADJ7 | ADS7: =IFERROR(ADN7/ADM7/7,"") | AFR7: 7 | AFS7: =ADU7+AEB7+AEI7+AEP7+AEW7+AFD7+AFK7 | AFT7: =IFERROR(AFS7/AFR7/7,"") | AFU7: =ADV7+AEC7+AEJ7+AEQ7+AEX7+AFE7+AFL7 | AFV7: =IFERROR(AFU7/AFS7,"") | AFW7: =ADY7+AEF7+AEM7+AET7+AFA7+AFH7+AFO7 | AFX7: =IFERROR(AFS7/AFR7/7,"") | AHW7: 7 | AHX7: =AFZ7+AGG7+AGN7+AGU7+AHB7+AHI7+AHP7 | AHY7: =IFERROR(AHX7/AHW7/7,"") | AHZ7: =AGA7+AGH7+AGO7+AGV7+AHC7+AHJ7+AHQ7 | AIA7: =IFERROR(AHZ7/AHX7,"") | AIB7: =AGD7+AGK7+AGR7+AGY7+AHF7+AHM7+AHT7 | AIC7: =IFERROR(AHX7/AHW7/7,"") | AKB7: 7 | AKC7: =AIE7+AIL7+AIS7+AIZ7+AJG7+AJN7+AJU7 | AKD7: =IFERROR(AKC7/AKB7/7,"") | AKE7: =AIF7+AIM7+AIT7+AJA7+AJH7+AJO7+AJV7 | AKF7: =IFERROR(AKE7/AKC7,"") | AKG7: =AII7+AIP7+AIW7+AJD7+AJK7+AJR7+AJY7 | AKH7: =IFERROR(AKC7/AKB7/7,"") | AMG7: 7 | AMH7: =AKJ7+AKQ7+AKX7+ALE7+ALL7+ALS7+ALZ7 | AMI7: =IFERROR(AMH7/AMG7/7,"") | AMJ7: =AKK7+AKR7+AKY7+ALF7+ALM7+ALT7+AMA7 | AMK7: =IFERROR(AMJ7/AMH7,"") | AML7: =AKN7+AKU7+ALB7+ALI7+ALP7+ALW7+AMD7 | AMM7: =IFERROR(AMH7/AMG7/7,"") | AOL7: 7 | AOM7: =AMO7+AMV7+ANC7+ANJ7+ANQ7+ANX7+AOE7 | AON7: =IFERROR(AOM7/AOL7/7,"") | AOO7: =AMP7+AMW7+AND7+ANK7+ANR7+ANY7+AOF7 | AOP7: =IFERROR(AOO7/AOM7,"") | AOQ7: =AMS7+AMZ7+ANG7+ANN7+ANU7+AOB7+AOI7 | AOR7: =IFERROR(AOM7/AOL7/7,"") | AQQ7: 7 | AQR7: =AOT7+APA7+APH7+APO7+APV7+AQC7+AQJ7 | AQS7: =IFERROR(AQR7/AQQ7/7,"") | AQT7: =AOU7+APB7+API7+APP7+APW7+AQD7+AQK7 | AQU7: =IFERROR(AQT7/AQR7,"") | AQV7: =AOX7+APE7+APL7+APS7+APZ7+AQG7+AQN7 | AQW7: =IFERROR(AQR7/AQQ7/7,"")
A8: 5 | AZ8: 7 | BA8: =C8+J8+Q8+X8+AE8+AL8+AS8 | BB8: =IFERROR(BA8/AZ8/7,"") | BC8: =D8+K8+R8+Y8+AF8+AM8+AT8 | BD8: =IFERROR(BC8/BA8,"") | BE8: =G8+N8+U8+AB8+AI8+AP8+AW8 | BF8: =IFERROR(BA8/AZ8/7,"") | DE8: 7 | DF8: =BH8+BO8+BV8+CC8+CJ8+CQ8+CX8 | DG8: =IFERROR(DF8/DE8/7,"") | DH8: =BI8+BP8+BW8+CD8+CK8+CR8+CY8 | DI8: =IFERROR(DH8/DF8,"") | DJ8: =BL8+BS8+BZ8+CG8+CN8+CU8+DB8 | DK8: =IFERROR(DF8/DE8/7,"") | FJ8: 7 | FK8: =DM8+DT8+EA8+EH8+EO8+EV8+FC8 | FL8: =IFERROR(FK8/FJ8/7,"") | FM8: =DN8+DU8+EB8+EI8+EP8+EW8+FD8 | FN8: =IFERROR(FM8/FK8,"") | FO8: =DQ8+DX8+EE8+EL8+ES8+EZ8+FG8 | FP8: =IFERROR(FK8/FJ8/7,"") | HO8: 7 | HP8: =FR8+FY8+GF8+GM8+GT8+HA8+HH8 | HQ8: =IFERROR(HP8/HO8/7,"") | HR8: =FS8+FZ8+GG8+GN8+GU8+HB8+HI8 | HS8: =IFERROR(HR8/HP8,"") | HT8: =FV8+GC8+GJ8+GQ8+GX8+HE8+HL8 | HU8: =IFERROR(HP8/HO8/7,"") | JT8: 7 | JU8: =HW8+ID8+IK8+IR8+IY8+JF8+JM8 | JV8: =IFERROR(JU8/JT8/7,"") | JW8: =HX8+IE8+IL8+IS8+IZ8+JG8+JN8 | JX8: =IFERROR(JW8/JU8,"") | JY8: =IA8+IH8+IO8+IV8+JC8+JJ8+JQ8 | JZ8: =IFERROR(JU8/JT8/7,"") | LY8: 7 | LZ8: =KB8+KI8+KP8+KW8+LD8+LK8+LR8 | MA8: =IFERROR(LZ8/LY8/7,"") | MB8: =KC8+KJ8+KQ8+KX8+LE8+LL8+LS8 | MC8: =IFERROR(MB8/LZ8,"") | MD8: =KF8+KM8+KT8+LA8+LH8+LO8+LV8 | ME8: =IFERROR(LZ8/LY8/7,"") | OD8: 7 | OE8: =MG8+MN8+MU8+NB8+NI8+NP8+NW8 | OF8: =IFERROR(OE8/OD8/7,"") | OG8: =MH8+MO8+MV8+NC8+NJ8+NQ8+NX8 | OH8: =IFERROR(OG8/OE8,"") | OI8: =MK8+MR8+MY8+NF8+NM8+NT8+OA8 | OJ8: =IFERROR(OE8/OD8/7,"") | QI8: 7 | QJ8: =OL8+OS8+OZ8+PG8+PN8+PU8+QB8 | QK8: =IFERROR(QJ8/QI8/7,"") | QL8: =OM8+OT8+PA8+PH8+PO8+PV8+QC8 | QM8: =IFERROR(QL8/QJ8,"") | QN8: =OP8+OW8+PD8+PK8+PR8+PY8+QF8 | QO8: =IFERROR(QJ8/QI8/7,"") | SN8: 7 | SO8: =QQ8+QX8+RE8+RL8+RS8+RZ8+SG8 | SP8: =IFERROR(SO8/SN8/7,"") | SQ8: =QR8+QY8+RF8+RM8+RT8+SA8+SH8 | SR8: =IFERROR(SQ8/SO8,"") | SS8: =QU8+RB8+RI8+RP8+RW8+SD8+SK8 | ST8: =IFERROR(SO8/SN8/7,"") | US8: 7 | UT8: =SV8+TC8+TJ8+TQ8+TX8+UE8+UL8 | UU8: =IFERROR(UT8/US8/7,"") | UV8: =SW8+TD8+TK8+TR8+TY8+UF8+UM8 | UW8: =IFERROR(UV8/UT8,"") | UX8: =SZ8+TG8+TN8+TU8+UB8+UI8+UP8 | UY8: =IFERROR(UT8/US8/7,"") | WX8: 7 | WY8: =VA8+VH8+VO8+VV8+WC8+WJ8+WQ8 | WZ8: =IFERROR(WY8/WX8/7,"") | XA8: =VB8+VI8+VP8+VW8+WD8+WK8+WR8 | XB8: =IFERROR(XA8/WY8,"") | XC8: =VE8+VL8+VS8+VZ8+WG8+WN8+WU8 | XD8: =IFERROR(WY8/WX8/7,"") | ZC8: 7 | ZD8: =XF8+XM8+XT8+YA8+YH8+YO8+YV8 | ZE8: =IFERROR(ZD8/ZC8/7,"") | ZF8: =XG8+XN8+XU8+YB8+YI8+YP8+YW8 | ZG8: =IFERROR(ZF8/ZD8,"") | ZH8: =XJ8+XQ8+XX8+YE8+YL8+YS8+YZ8 | ZI8: =IFERROR(ZD8/ZC8/7,"") | ABH8: 7 | ABI8: =ZK8+ZR8+ZY8+AAF8+AAM8+AAT8+ABA8 | ABJ8: =IFERROR(ABI8/ABH8/7,"") | ABK8: =ZL8+ZS8+ZZ8+AAG8+AAN8+AAU8+ABB8 | ABL8: =IFERROR(ABK8/ABI8,"") | ABM8: =ZO8+ZV8+AAC8+AAJ8+AAQ8+AAX8+ABE8 | ABN8: =IFERROR(ABI8/ABH8/7,"") | ADM8: 7 | ADN8: =ABP8+ABW8+ACD8+ACK8+ACR8+ACY8+ADF8 | ADO8: =IFERROR(ADN8/ADM8/7,"") | ADP8: =ABQ8+ABX8+ACE8+ACL8+ACS8+ACZ8+ADG8 | ADQ8: =IFERROR(ADP8/ADN8,"") | ADR8: =ABT8+ACA8+ACH8+ACO8+ACV8+ADC8+ADJ8 | ADS8: =IFERROR(ADN8/ADM8/7,"") | AFR8: 7 | AFS8: =ADU8+AEB8+AEI8+AEP8+AEW8+AFD8+AFK8 | AFT8: =IFERROR(AFS8/AFR8/7,"") | AFU8: =ADV8+AEC8+AEJ8+AEQ8+AEX8+AFE8+AFL8 | AFV8: =IFERROR(AFU8/AFS8,"") | AFW8: =ADY8+AEF8+AEM8+AET8+AFA8+AFH8+AFO8 | AFX8: =IFERROR(AFS8/AFR8/7,"") | AHW8: 7 | AHX8: =AFZ8+AGG8+AGN8+AGU8+AHB8+AHI8+AHP8 | AHY8: =IFERROR(AHX8/AHW8/7,"") | AHZ8: =AGA8+AGH8+AGO8+AGV8+AHC8+AHJ8+AHQ8 | AIA8: =IFERROR(AHZ8/AHX8,"") | AIB8: =AGD8+AGK8+AGR8+AGY8+AHF8+AHM8+AHT8 | AIC8: =IFERROR(AHX8/AHW8/7,"") | AKB8: 7 | AKC8: =AIE8+AIL8+AIS8+AIZ8+AJG8+AJN8+AJU8 | AKD8: =IFERROR(AKC8/AKB8/7,"") | AKE8: =AIF8+AIM8+AIT8+AJA8+AJH8+AJO8+AJV8 | AKF8: =IFERROR(AKE8/AKC8,"") | AKG8: =AII8+AIP8+AIW8+AJD8+AJK8+AJR8+AJY8 | AKH8: =IFERROR(AKC8/AKB8/7,"") | AMG8: 7 | AMH8: =AKJ8+AKQ8+AKX8+ALE8+ALL8+ALS8+ALZ8 | AMI8: =IFERROR(AMH8/AMG8/7,"") | AMJ8: =AKK8+AKR8+AKY8+ALF8+ALM8+ALT8+AMA8 | AMK8: =IFERROR(AMJ8/AMH8,"") | AML8: =AKN8+AKU8+ALB8+ALI8+ALP8+ALW8+AMD8 | AMM8: =IFERROR(AMH8/AMG8/7,"") | AOL8: 7 | AOM8: =AMO8+AMV8+ANC8+ANJ8+ANQ8+ANX8+AOE8 | AON8: =IFERROR(AOM8/AOL8/7,"") | AOO8: =AMP8+AMW8+AND8+ANK8+ANR8+ANY8+AOF8 | AOP8: =IFERROR(AOO8/AOM8,"") | AOQ8: =AMS8+AMZ8+ANG8+ANN8+ANU8+AOB8+AOI8 | AOR8: =IFERROR(AOM8/AOL8/7,"") | AQQ8: 7 | AQR8: =AOT8+APA8+APH8+APO8+APV8+AQC8+AQJ8 | AQS8: =IFERROR(AQR8/AQQ8/7,"") | AQT8: =AOU8+APB8+API8+APP8+APW8+AQD8+AQK8 | AQU8: =IFERROR(AQT8/AQR8,"") | AQV8: =AOX8+APE8+APL8+APS8+APZ8+AQG8+AQN8 | AQW8: =IFERROR(AQR8/AQQ8/7,"")
A9: 6 | AZ9: 7 | BA9: =C9+J9+Q9+X9+AE9+AL9+AS9 | BB9: =IFERROR(BA9/AZ9/7,"") | BC9: =D9+K9+R9+Y9+AF9+AM9+AT9 | BD9: =IFERROR(BC9/BA9,"") | BE9: =G9+N9+U9+AB9+AI9+AP9+AW9 | BF9: =IFERROR(BA9/AZ9/7,"") | DE9: 7 | DF9: =BH9+BO9+BV9+CC9+CJ9+CQ9+CX9 | DG9: =IFERROR(DF9/DE9/7,"") | DH9: =BI9+BP9+BW9+CD9+CK9+CR9+CY9 | DI9: =IFERROR(DH9/DF9,"") | DJ9: =BL9+BS9+BZ9+CG9+CN9+CU9+DB9 | DK9: =IFERROR(DF9/DE9/7,"") | FJ9: 7 | FK9: =DM9+DT9+EA9+EH9+EO9+EV9+FC9 | FL9: =IFERROR(FK9/FJ9/7,"") | FM9: =DN9+DU9+EB9+EI9+EP9+EW9+FD9 | FN9: =IFERROR(FM9/FK9,"") | FO9: =DQ9+DX9+EE9+EL9+ES9+EZ9+FG9 | FP9: =IFERROR(FK9/FJ9/7,"") | HO9: 7 | HP9: =FR9+FY9+GF9+GM9+GT9+HA9+HH9 | HQ9: =IFERROR(HP9/HO9/7,"") | HR9: =FS9+FZ9+GG9+GN9+GU9+HB9+HI9 | HS9: =IFERROR(HR9/HP9,"") | HT9: =FV9+GC9+GJ9+GQ9+GX9+HE9+HL9 | HU9: =IFERROR(HP9/HO9/7,"") | JT9: 7 | JU9: =HW9+ID9+IK9+IR9+IY9+JF9+JM9 | JV9: =IFERROR(JU9/JT9/7,"") | JW9: =HX9+IE9+IL9+IS9+IZ9+JG9+JN9 | JX9: =IFERROR(JW9/JU9,"") | JY9: =IA9+IH9+IO9+IV9+JC9+JJ9+JQ9 | JZ9: =IFERROR(JU9/JT9/7,"") | LY9: 7 | LZ9: =KB9+KI9+KP9+KW9+LD9+LK9+LR9 | MA9: =IFERROR(LZ9/LY9/7,"") | MB9: =KC9+KJ9+KQ9+KX9+LE9+LL9+LS9 | MC9: =IFERROR(MB9/LZ9,"") | MD9: =KF9+KM9+KT9+LA9+LH9+LO9+LV9 | ME9: =IFERROR(LZ9/LY9/7,"") | OD9: 7 | OE9: =MG9+MN9+MU9+NB9+NI9+NP9+NW9 | OF9: =IFERROR(OE9/OD9/7,"") | OG9: =MH9+MO9+MV9+NC9+NJ9+NQ9+NX9 | OH9: =IFERROR(OG9/OE9,"") | OI9: =MK9+MR9+MY9+NF9+NM9+NT9+OA9 | OJ9: =IFERROR(OE9/OD9/7,"") | QI9: 7 | QJ9: =OL9+OS9+OZ9+PG9+PN9+PU9+QB9 | QK9: =IFERROR(QJ9/QI9/7,"") | QL9: =OM9+OT9+PA9+PH9+PO9+PV9+QC9 | QM9: =IFERROR(QL9/QJ9,"") | QN9: =OP9+OW9+PD9+PK9+PR9+PY9+QF9 | QO9: =IFERROR(QJ9/QI9/7,"") | SN9: 7 | SO9: =QQ9+QX9+RE9+RL9+RS9+RZ9+SG9 | SP9: =IFERROR(SO9/SN9/7,"") | SQ9: =QR9+QY9+RF9+RM9+RT9+SA9+SH9 | SR9: =IFERROR(SQ9/SO9,"") | SS9: =QU9+RB9+RI9+RP9+RW9+SD9+SK9 | ST9: =IFERROR(SO9/SN9/7,"") | US9: 7 | UT9: =SV9+TC9+TJ9+TQ9+TX9+UE9+UL9 | UU9: =IFERROR(UT9/US9/7,"") | UV9: =SW9+TD9+TK9+TR9+TY9+UF9+UM9 | UW9: =IFERROR(UV9/UT9,"") | UX9: =SZ9+TG9+TN9+TU9+UB9+UI9+UP9 | UY9: =IFERROR(UT9/US9/7,"") | WX9: 7 | WY9: =VA9+VH9+VO9+VV9+WC9+WJ9+WQ9 | WZ9: =IFERROR(WY9/WX9/7,"") | XA9: =VB9+VI9+VP9+VW9+WD9+WK9+WR9 | XB9: =IFERROR(XA9/WY9,"") | XC9: =VE9+VL9+VS9+VZ9+WG9+WN9+WU9 | XD9: =IFERROR(WY9/WX9/7,"") | ZC9: 7 | ZD9: =XF9+XM9+XT9+YA9+YH9+YO9+YV9 | ZE9: =IFERROR(ZD9/ZC9/7,"") | ZF9: =XG9+XN9+XU9+YB9+YI9+YP9+YW9 | ZG9: =IFERROR(ZF9/ZD9,"") | ZH9: =XJ9+XQ9+XX9+YE9+YL9+YS9+YZ9 | ZI9: =IFERROR(ZD9/ZC9/7,"") | ABH9: 7 | ABI9: =ZK9+ZR9+ZY9+AAF9+AAM9+AAT9+ABA9 | ABJ9: =IFERROR(ABI9/ABH9/7,"") | ABK9: =ZL9+ZS9+ZZ9+AAG9+AAN9+AAU9+ABB9 | ABL9: =IFERROR(ABK9/ABI9,"") | ABM9: =ZO9+ZV9+AAC9+AAJ9+AAQ9+AAX9+ABE9 | ABN9: =IFERROR(ABI9/ABH9/7,"") | ADM9: 7 | ADN9: =ABP9+ABW9+ACD9+ACK9+ACR9+ACY9+ADF9 | ADO9: =IFERROR(ADN9/ADM9/7,"") | ADP9: =ABQ9+ABX9+ACE9+ACL9+ACS9+ACZ9+ADG9 | ADQ9: =IFERROR(ADP9/ADN9,"") | ADR9: =ABT9+ACA9+ACH9+ACO9+ACV9+ADC9+ADJ9 | ADS9: =IFERROR(ADN9/ADM9/7,"") | AFR9: 7 | AFS9: =ADU9+AEB9+AEI9+AEP9+AEW9+AFD9+AFK9 | AFT9: =IFERROR(AFS9/AFR9/7,"") | AFU9: =ADV9+AEC9+AEJ9+AEQ9+AEX9+AFE9+AFL9 | AFV9: =IFERROR(AFU9/AFS9,"") | AFW9: =ADY9+AEF9+AEM9+AET9+AFA9+AFH9+AFO9 | AFX9: =IFERROR(AFS9/AFR9/7,"") | AHW9: 7 | AHX9: =AFZ9+AGG9+AGN9+AGU9+AHB9+AHI9+AHP9 | AHY9: =IFERROR(AHX9/AHW9/7,"") | AHZ9: =AGA9+AGH9+AGO9+AGV9+AHC9+AHJ9+AHQ9 | AIA9: =IFERROR(AHZ9/AHX9,"") | AIB9: =AGD9+AGK9+AGR9+AGY9+AHF9+AHM9+AHT9 | AIC9: =IFERROR(AHX9/AHW9/7,"") | AKB9: 7 | AKC9: =AIE9+AIL9+AIS9+AIZ9+AJG9+AJN9+AJU9 | AKD9: =IFERROR(AKC9/AKB9/7,"") | AKE9: =AIF9+AIM9+AIT9+AJA9+AJH9+AJO9+AJV9 | AKF9: =IFERROR(AKE9/AKC9,"") | AKG9: =AII9+AIP9+AIW9+AJD9+AJK9+AJR9+AJY9 | AKH9: =IFERROR(AKC9/AKB9/7,"") | AMG9: 7 | AMH9: =AKJ9+AKQ9+AKX9+ALE9+ALL9+ALS9+ALZ9 | AMI9: =IFERROR(AMH9/AMG9/7,"") | AMJ9: =AKK9+AKR9+AKY9+ALF9+ALM9+ALT9+AMA9 | AMK9: =IFERROR(AMJ9/AMH9,"") | AML9: =AKN9+AKU9+ALB9+ALI9+ALP9+ALW9+AMD9 | AMM9: =IFERROR(AMH9/AMG9/7,"") | AOL9: 7 | AOM9: =AMO9+AMV9+ANC9+ANJ9+ANQ9+ANX9+AOE9 | AON9: =IFERROR(AOM9/AOL9/7,"") | AOO9: =AMP9+AMW9+AND9+ANK9+ANR9+ANY9+AOF9 | AOP9: =IFERROR(AOO9/AOM9,"") | AOQ9: =AMS9+AMZ9+ANG9+ANN9+ANU9+AOB9+AOI9 | AOR9: =IFERROR(AOM9/AOL9/7,"") | AQQ9: 7 | AQR9: =AOT9+APA9+APH9+APO9+APV9+AQC9+AQJ9 | AQS9: =IFERROR(AQR9/AQQ9/7,"") | AQT9: =AOU9+APB9+API9+APP9+APW9+AQD9+AQK9 | AQU9: =IFERROR(AQT9/AQR9,"") | AQV9: =AOX9+APE9+APL9+APS9+APZ9+AQG9+AQN9 | AQW9: =IFERROR(AQR9/AQQ9/7,"")
A10: 7 | AZ10: 7 | BA10: =C10+J10+Q10+X10+AE10+AL10+AS10 | BB10: =IFERROR(BA10/AZ10/7,"") | BC10: =D10+K10+R10+Y10+AF10+AM10+AT10 | BD10: =IFERROR(BC10/BA10,"") | BE10: =G10+N10+U10+AB10+AI10+AP10+AW10 | BF10: =IFERROR(BA10/AZ10/7,"") | DE10: 7 | DF10: =BH10+BO10+BV10+CC10+CJ10+CQ10+CX10 | DG10: =IFERROR(DF10/DE10/7,"") | DH10: =BI10+BP10+BW10+CD10+CK10+CR10+CY10 | DI10: =IFERROR(DH10/DF10,"") | DJ10: =BL10+BS10+BZ10+CG10+CN10+CU10+DB10 | DK10: =IFERROR(DF10/DE10/7,"") | FJ10: 7 | FK10: =DM10+DT10+EA10+EH10+EO10+EV10+FC10 | FL10: =IFERROR(FK10/FJ10/7,"") | FM10: =DN10+DU10+EB10+EI10+EP10+EW10+FD10 | FN10: =IFERROR(FM10/FK10,"") | FO10: =DQ10+DX10+EE10+EL10+ES10+EZ10+FG10 | FP10: =IFERROR(FK10/FJ10/7,"") | HO10: 7 | HP10: =FR10+FY10+GF10+GM10+GT10+HA10+HH10 | HQ10: =IFERROR(HP10/HO10/7,"") | HR10: =FS10+FZ10+GG10+GN10+GU10+HB10+HI10 | HS10: =IFERROR(HR10/HP10,"") | HT10: =FV10+GC10+GJ10+GQ10+GX10+HE10+HL10 | HU10: =IFERROR(HP10/HO10/7,"") | JT10: 7 | JU10: =HW10+ID10+IK10+IR10+IY10+JF10+JM10 | JV10: =IFERROR(JU10/JT10/7,"") | JW10: =HX10+IE10+IL10+IS10+IZ10+JG10+JN10 | JX10: =IFERROR(JW10/JU10,"") | JY10: =IA10+IH10+IO10+IV10+JC10+JJ10+JQ10 | JZ10: =IFERROR(JU10/JT10/7,"") | LY10: 7 | LZ10: =KB10+KI10+KP10+KW10+LD10+LK10+LR10 | MA10: =IFERROR(LZ10/LY10/7,"") | MB10: =KC10+KJ10+KQ10+KX10+LE10+LL10+LS10 | MC10: =IFERROR(MB10/LZ10,"") | MD10: =KF10+KM10+KT10+LA10+LH10+LO10+LV10 | ME10: =IFERROR(LZ10/LY10/7,"") | OD10: 7 | OE10: =MG10+MN10+MU10+NB10+NI10+NP10+NW10 | OF10: =IFERROR(OE10/OD10/7,"") | OG10: =MH10+MO10+MV10+NC10+NJ10+NQ10+NX10 | OH10: =IFERROR(OG10/OE10,"") | OI10: =MK10+MR10+MY10+NF10+NM10+NT10+OA10 | OJ10: =IFERROR(OE10/OD10/7,"") | QI10: 7 | QJ10: =OL10+OS10+OZ10+PG10+PN10+PU10+QB10 | QK10: =IFERROR(QJ10/QI10/7,"") | QL10: =OM10+OT10+PA10+PH10+PO10+PV10+QC10 | QM10: =IFERROR(QL10/QJ10,"") | QN10: =OP10+OW10+PD10+PK10+PR10+PY10+QF10 | QO10: =IFERROR(QJ10/QI10/7,"") | SN10: 7 | SO10: =QQ10+QX10+RE10+RL10+RS10+RZ10+SG10 | SP10: =IFERROR(SO10/SN10/7,"") | SQ10: =QR10+QY10+RF10+RM10+RT10+SA10+SH10 | SR10: =IFERROR(SQ10/SO10,"") | SS10: =QU10+RB10+RI10+RP10+RW10+SD10+SK10 | ST10: =IFERROR(SO10/SN10/7,"") | US10: 7 | UT10: =SV10+TC10+TJ10+TQ10+TX10+UE10+UL10 | UU10: =IFERROR(UT10/US10/7,"") | UV10: =SW10+TD10+TK10+TR10+TY10+UF10+UM10 | UW10: =IFERROR(UV10/UT10,"") | UX10: =SZ10+TG10+TN10+TU10+UB10+UI10+UP10 | UY10: =IFERROR(UT10/US10/7,"") | WX10: 7 | WY10: =VA10+VH10+VO10+VV10+WC10+WJ10+WQ10 | WZ10: =IFERROR(WY10/WX10/7,"") | XA10: =VB10+VI10+VP10+VW10+WD10+WK10+WR10 | XB10: =IFERROR(XA10/WY10,"") | XC10: =VE10+VL10+VS10+VZ10+WG10+WN10+WU10 | XD10: =IFERROR(WY10/WX10/7,"") | ZC10: 7 | ZD10: =XF10+XM10+XT10+YA10+YH10+YO10+YV10 | ZE10: =IFERROR(ZD10/ZC10/7,"") | ZF10: =XG10+XN10+XU10+YB10+YI10+YP10+YW10 | ZG10: =IFERROR(ZF10/ZD10,"") | ZH10: =XJ10+XQ10+XX10+YE10+YL10+YS10+YZ10 | ZI10: =IFERROR(ZD10/ZC10/7,"") | ABH10: 7 | ABI10: =ZK10+ZR10+ZY10+AAF10+AAM10+AAT10+ABA10 | ABJ10: =IFERROR(ABI10/ABH10/7,"") | ABK10: =ZL10+ZS10+ZZ10+AAG10+AAN10+AAU10+ABB10 | ABL10: =IFERROR(ABK10/ABI10,"") | ABM10: =ZO10+ZV10+AAC10+AAJ10+AAQ10+AAX10+ABE10 | ABN10: =IFERROR(ABI10/ABH10/7,"") | ADM10: 7 | ADN10: =ABP10+ABW10+ACD10+ACK10+ACR10+ACY10+ADF10 | ADO10: =IFERROR(ADN10/ADM10/7,"") | ADP10: =ABQ10+ABX10+ACE10+ACL10+ACS10+ACZ10+ADG10 | ADQ10: =IFERROR(ADP10/ADN10,"") | ADR10: =ABT10+ACA10+ACH10+ACO10+ACV10+ADC10+ADJ10 | ADS10: =IFERROR(ADN10/ADM10/7,"") | AFR10: 7 | AFS10: =ADU10+AEB10+AEI10+AEP10+AEW10+AFD10+AFK10 | AFT10: =IFERROR(AFS10/AFR10/7,"") | AFU10: =ADV10+AEC10+AEJ10+AEQ10+AEX10+AFE10+AFL10 | AFV10: =IFERROR(AFU10/AFS10,"") | AFW10: =ADY10+AEF10+AEM10+AET10+AFA10+AFH10+AFO10 | AFX10: =IFERROR(AFS10/AFR10/7,"") | AHW10: 7 | AHX10: =AFZ10+AGG10+AGN10+AGU10+AHB10+AHI10+AHP10 | AHY10: =IFERROR(AHX10/AHW10/7,"") | AHZ10: =AGA10+AGH10+AGO10+AGV10+AHC10+AHJ10+AHQ10 | AIA10: =IFERROR(AHZ10/AHX10,"") | AIB10: =AGD10+AGK10+AGR10+AGY10+AHF10+AHM10+AHT10 | AIC10: =IFERROR(AHX10/AHW10/7,"") | AKB10: 7 | AKC10: =AIE10+AIL10+AIS10+AIZ10+AJG10+AJN10+AJU10 | AKD10: =IFERROR(AKC10/AKB10/7,"") | AKE10: =AIF10+AIM10+AIT10+AJA10+AJH10+AJO10+AJV10 | AKF10: =IFERROR(AKE10/AKC10,"") | AKG10: =AII10+AIP10+AIW10+AJD10+AJK10+AJR10+AJY10 | AKH10: =IFERROR(AKC10/AKB10/7,"") | AMG10: 7 | AMH10: =AKJ10+AKQ10+AKX10+ALE10+ALL10+ALS10+ALZ10 | AMI10: =IFERROR(AMH10/AMG10/7,"") | AMJ10: =AKK10+AKR10+AKY10+ALF10+ALM10+ALT10+AMA10 | AMK10: =IFERROR(AMJ10/AMH10,"") | AML10: =AKN10+AKU10+ALB10+ALI10+ALP10+ALW10+AMD10 | AMM10: =IFERROR(AMH10/AMG10/7,"") | AOL10: 7 | AOM10: =AMO10+AMV10+ANC10+ANJ10+ANQ10+ANX10+AOE10 | AON10: =IFERROR(AOM10/AOL10/7,"") | AOO10: =AMP10+AMW10+AND10+ANK10+ANR10+ANY10+AOF10 | AOP10: =IFERROR(AOO10/AOM10,"") | AOQ10: =AMS10+AMZ10+ANG10+ANN10+ANU10+AOB10+AOI10 | AOR10: =IFERROR(AOM10/AOL10/7,"") | AQQ10: 7 | AQR10: =AOT10+APA10+APH10+APO10+APV10+AQC10+AQJ10 | AQS10: =IFERROR(AQR10/AQQ10/7,"") | AQT10: =AOU10+APB10+API10+APP10+APW10+AQD10+AQK10 | AQU10: =IFERROR(AQT10/AQR10,"") | AQV10: =AOX10+APE10+APL10+APS10+APZ10+AQG10+AQN10 | AQW10: =IFERROR(AQR10/AQQ10/7,"")
A11: 8 | AZ11: 7 | BA11: =C11+J11+Q11+X11+AE11+AL11+AS11 | BB11: =IFERROR(BA11/AZ11/7,"") | BC11: =D11+K11+R11+Y11+AF11+AM11+AT11 | BD11: =IFERROR(BC11/BA11,"") | BE11: =G11+N11+U11+AB11+AI11+AP11+AW11 | BF11: =IFERROR(BA11/AZ11/7,"") | DE11: 7 | DF11: =BH11+BO11+BV11+CC11+CJ11+CQ11+CX11 | DG11: =IFERROR(DF11/DE11/7,"") | DH11: =BI11+BP11+BW11+CD11+CK11+CR11+CY11 | DI11: =IFERROR(DH11/DF11,"") | DJ11: =BL11+BS11+BZ11+CG11+CN11+CU11+DB11 | DK11: =IFERROR(DF11/DE11/7,"") | FJ11: 7 | FK11: =DM11+DT11+EA11+EH11+EO11+EV11+FC11 | FL11: =IFERROR(FK11/FJ11/7,"") | FM11: =DN11+DU11+EB11+EI11+EP11+EW11+FD11 | FN11: =IFERROR(FM11/FK11,"") | FO11: =DQ11+DX11+EE11+EL11+ES11+EZ11+FG11 | FP11: =IFERROR(FK11/FJ11/7,"") | HO11: 7 | HP11: =FR11+FY11+GF11+GM11+GT11+HA11+HH11 | HQ11: =IFERROR(HP11/HO11/7,"") | HR11: =FS11+FZ11+GG11+GN11+GU11+HB11+HI11 | HS11: =IFERROR(HR11/HP11,"") | HT11: =FV11+GC11+GJ11+GQ11+GX11+HE11+HL11 | HU11: =IFERROR(HP11/HO11/7,"") | JT11: 7 | JU11: =HW11+ID11+IK11+IR11+IY11+JF11+JM11 | JV11: =IFERROR(JU11/JT11/7,"") | JW11: =HX11+IE11+IL11+IS11+IZ11+JG11+JN11 | JX11: =IFERROR(JW11/JU11,"") | JY11: =IA11+IH11+IO11+IV11+JC11+JJ11+JQ11 | JZ11: =IFERROR(JU11/JT11/7,"") | LY11: 7 | LZ11: =KB11+KI11+KP11+KW11+LD11+LK11+LR11 | MA11: =IFERROR(LZ11/LY11/7,"") | MB11: =KC11+KJ11+KQ11+KX11+LE11+LL11+LS11 | MC11: =IFERROR(MB11/LZ11,"") | MD11: =KF11+KM11+KT11+LA11+LH11+LO11+LV11 | ME11: =IFERROR(LZ11/LY11/7,"") | OD11: 7 | OE11: =MG11+MN11+MU11+NB11+NI11+NP11+NW11 | OF11: =IFERROR(OE11/OD11/7,"") | OG11: =MH11+MO11+MV11+NC11+NJ11+NQ11+NX11 | OH11: =IFERROR(OG11/OE11,"") | OI11: =MK11+MR11+MY11+NF11+NM11+NT11+OA11 | OJ11: =IFERROR(OE11/OD11/7,"") | QI11: 7 | QJ11: =OL11+OS11+OZ11+PG11+PN11+PU11+QB11 | QK11: =IFERROR(QJ11/QI11/7,"") | QL11: =OM11+OT11+PA11+PH11+PO11+PV11+QC11 | QM11: =IFERROR(QL11/QJ11,"") | QN11: =OP11+OW11+PD11+PK11+PR11+PY11+QF11 | QO11: =IFERROR(QJ11/QI11/7,"") | SN11: 7 | SO11: =QQ11+QX11+RE11+RL11+RS11+RZ11+SG11 | SP11: =IFERROR(SO11/SN11/7,"") | SQ11: =QR11+QY11+RF11+RM11+RT11+SA11+SH11 | SR11: =IFERROR(SQ11/SO11,"") | SS11: =QU11+RB11+RI11+RP11+RW11+SD11+SK11 | ST11: =IFERROR(SO11/SN11/7,"") | US11: 7 | UT11: =SV11+TC11+TJ11+TQ11+TX11+UE11+UL11 | UU11: =IFERROR(UT11/US11/7,"") | UV11: =SW11+TD11+TK11+TR11+TY11+UF11+UM11 | UW11: =IFERROR(UV11/UT11,"") | UX11: =SZ11+TG11+TN11+TU11+UB11+UI11+UP11 | UY11: =IFERROR(UT11/US11/7,"") | WX11: 7 | WY11: =VA11+VH11+VO11+VV11+WC11+WJ11+WQ11 | WZ11: =IFERROR(WY11/WX11/7,"") | XA11: =VB11+VI11+VP11+VW11+WD11+WK11+WR11 | XB11: =IFERROR(XA11/WY11,"") | XC11: =VE11+VL11+VS11+VZ11+WG11+WN11+WU11 | XD11: =IFERROR(WY11/WX11/7,"") | ZC11: 7 | ZD11: =XF11+XM11+XT11+YA11+YH11+YO11+YV11 | ZE11: =IFERROR(ZD11/ZC11/7,"") | ZF11: =XG11+XN11+XU11+YB11+YI11+YP11+YW11 | ZG11: =IFERROR(ZF11/ZD11,"") | ZH11: =XJ11+XQ11+XX11+YE11+YL11+YS11+YZ11 | ZI11: =IFERROR(ZD11/ZC11/7,"") | ABH11: 7 | ABI11: =ZK11+ZR11+ZY11+AAF11+AAM11+AAT11+ABA11 | ABJ11: =IFERROR(ABI11/ABH11/7,"") | ABK11: =ZL11+ZS11+ZZ11+AAG11+AAN11+AAU11+ABB11 | ABL11: =IFERROR(ABK11/ABI11,"") | ABM11: =ZO11+ZV11+AAC11+AAJ11+AAQ11+AAX11+ABE11 | ABN11: =IFERROR(ABI11/ABH11/7,"") | ADM11: 7 | ADN11: =ABP11+ABW11+ACD11+ACK11+ACR11+ACY11+ADF11 | ADO11: =IFERROR(ADN11/ADM11/7,"") | ADP11: =ABQ11+ABX11+ACE11+ACL11+ACS11+ACZ11+ADG11 | ADQ11: =IFERROR(ADP11/ADN11,"") | ADR11: =ABT11+ACA11+ACH11+ACO11+ACV11+ADC11+ADJ11 | ADS11: =IFERROR(ADN11/ADM11/7,"") | AFR11: 7 | AFS11: =ADU11+AEB11+AEI11+AEP11+AEW11+AFD11+AFK11 | AFT11: =IFERROR(AFS11/AFR11/7,"") | AFU11: =ADV11+AEC11+AEJ11+AEQ11+AEX11+AFE11+AFL11 | AFV11: =IFERROR(AFU11/AFS11,"") | AFW11: =ADY11+AEF11+AEM11+AET11+AFA11+AFH11+AFO11 | AFX11: =IFERROR(AFS11/AFR11/7,"") | AHW11: 7 | AHX11: =AFZ11+AGG11+AGN11+AGU11+AHB11+AHI11+AHP11 | AHY11: =IFERROR(AHX11/AHW11/7,"") | AHZ11: =AGA11+AGH11+AGO11+AGV11+AHC11+AHJ11+AHQ11 | AIA11: =IFERROR(AHZ11/AHX11,"") | AIB11: =AGD11+AGK11+AGR11+AGY11+AHF11+AHM11+AHT11 | AIC11: =IFERROR(AHX11/AHW11/7,"") | AKB11: 7 | AKC11: =AIE11+AIL11+AIS11+AIZ11+AJG11+AJN11+AJU11 | AKD11: =IFERROR(AKC11/AKB11/7,"") | AKE11: =AIF11+AIM11+AIT11+AJA11+AJH11+AJO11+AJV11 | AKF11: =IFERROR(AKE11/AKC11,"") | AKG11: =AII11+AIP11+AIW11+AJD11+AJK11+AJR11+AJY11 | AKH11: =IFERROR(AKC11/AKB11/7,"") | AMG11: 7 | AMH11: =AKJ11+AKQ11+AKX11+ALE11+ALL11+ALS11+ALZ11 | AMI11: =IFERROR(AMH11/AMG11/7,"") | AMJ11: =AKK11+AKR11+AKY11+ALF11+ALM11+ALT11+AMA11 | AMK11: =IFERROR(AMJ11/AMH11,"") | AML11: =AKN11+AKU11+ALB11+ALI11+ALP11+ALW11+AMD11 | AMM11: =IFERROR(AMH11/AMG11/7,"") | AOL11: 7 | AOM11: =AMO11+AMV11+ANC11+ANJ11+ANQ11+ANX11+AOE11 | AON11: =IFERROR(AOM11/AOL11/7,"") | AOO11: =AMP11+AMW11+AND11+ANK11+ANR11+ANY11+AOF11 | AOP11: =IFERROR(AOO11/AOM11,"") | AOQ11: =AMS11+AMZ11+ANG11+ANN11+ANU11+AOB11+AOI11 | AOR11: =IFERROR(AOM11/AOL11/7,"") | AQQ11: 7 | AQR11: =AOT11+APA11+APH11+APO11+APV11+AQC11+AQJ11 | AQS11: =IFERROR(AQR11/AQQ11/7,"") | AQT11: =AOU11+APB11+API11+APP11+APW11+AQD11+AQK11 | AQU11: =IFERROR(AQT11/AQR11,"") | AQV11: =AOX11+APE11+APL11+APS11+APZ11+AQG11+AQN11 | AQW11: =IFERROR(AQR11/AQQ11/7,"")
A12: 9 | AZ12: 7 | BA12: =C12+J12+Q12+X12+AE12+AL12+AS12 | BB12: =IFERROR(BA12/AZ12/7,"") | BC12: =D12+K12+R12+Y12+AF12+AM12+AT12 | BD12: =IFERROR(BC12/BA12,"") | BE12: =G12+N12+U12+AB12+AI12+AP12+AW12 | BF12: =IFERROR(BA12/AZ12/7,"") | DE12: 7 | DF12: =BH12+BO12+BV12+CC12+CJ12+CQ12+CX12 | DG12: =IFERROR(DF12/DE12/7,"") | DH12: =BI12+BP12+BW12+CD12+CK12+CR12+CY12 | DI12: =IFERROR(DH12/DF12,"") | DJ12: =BL12+BS12+BZ12+CG12+CN12+CU12+DB12 | DK12: =IFERROR(DF12/DE12/7,"") | FJ12: 7 | FK12: =DM12+DT12+EA12+EH12+EO12+EV12+FC12 | FL12: =IFERROR(FK12/FJ12/7,"") | FM12: =DN12+DU12+EB12+EI12+EP12+EW12+FD12 | FN12: =IFERROR(FM12/FK12,"") | FO12: =DQ12+DX12+EE12+EL12+ES12+EZ12+FG12 | FP12: =IFERROR(FK12/FJ12/7,"") | HO12: 7 | HP12: =FR12+FY12+GF12+GM12+GT12+HA12+HH12 | HQ12: =IFERROR(HP12/HO12/7,"") | HR12: =FS12+FZ12+GG12+GN12+GU12+HB12+HI12 | HS12: =IFERROR(HR12/HP12,"") | HT12: =FV12+GC12+GJ12+GQ12+GX12+HE12+HL12 | HU12: =IFERROR(HP12/HO12/7,"") | JT12: 7 | JU12: =HW12+ID12+IK12+IR12+IY12+JF12+JM12 | JV12: =IFERROR(JU12/JT12/7,"") | JW12: =HX12+IE12+IL12+IS12+IZ12+JG12+JN12 | JX12: =IFERROR(JW12/JU12,"") | JY12: =IA12+IH12+IO12+IV12+JC12+JJ12+JQ12 | JZ12: =IFERROR(JU12/JT12/7,"") | LY12: 7 | LZ12: =KB12+KI12+KP12+KW12+LD12+LK12+LR12 | MA12: =IFERROR(LZ12/LY12/7,"") | MB12: =KC12+KJ12+KQ12+KX12+LE12+LL12+LS12 | MC12: =IFERROR(MB12/LZ12,"") | MD12: =KF12+KM12+KT12+LA12+LH12+LO12+LV12 | ME12: =IFERROR(LZ12/LY12/7,"") | OD12: 7 | OE12: =MG12+MN12+MU12+NB12+NI12+NP12+NW12 | OF12: =IFERROR(OE12/OD12/7,"") | OG12: =MH12+MO12+MV12+NC12+NJ12+NQ12+NX12 | OH12: =IFERROR(OG12/OE12,"") | OI12: =MK12+MR12+MY12+NF12+NM12+NT12+OA12 | OJ12: =IFERROR(OE12/OD12/7,"") | QI12: 7 | QJ12: =OL12+OS12+OZ12+PG12+PN12+PU12+QB12 | QK12: =IFERROR(QJ12/QI12/7,"") | QL12: =OM12+OT12+PA12+PH12+PO12+PV12+QC12 | QM12: =IFERROR(QL12/QJ12,"") | QN12: =OP12+OW12+PD12+PK12+PR12+PY12+QF12 | QO12: =IFERROR(QJ12/QI12/7,"") | SN12: 7 | SO12: =QQ12+QX12+RE12+RL12+RS12+RZ12+SG12 | SP12: =IFERROR(SO12/SN12/7,"") | SQ12: =QR12+QY12+RF12+RM12+RT12+SA12+SH12 | SR12: =IFERROR(SQ12/SO12,"") | SS12: =QU12+RB12+RI12+RP12+RW12+SD12+SK12 | ST12: =IFERROR(SO12/SN12/7,"") | US12: 7 | UT12: =SV12+TC12+TJ12+TQ12+TX12+UE12+UL12 | UU12: =IFERROR(UT12/US12/7,"") | UV12: =SW12+TD12+TK12+TR12+TY12+UF12+UM12 | UW12: =IFERROR(UV12/UT12,"") | UX12: =SZ12+TG12+TN12+TU12+UB12+UI12+UP12 | UY12: =IFERROR(UT12/US12/7,"") | WX12: 7 | WY12: =VA12+VH12+VO12+VV12+WC12+WJ12+WQ12 | WZ12: =IFERROR(WY12/WX12/7,"") | XA12: =VB12+VI12+VP12+VW12+WD12+WK12+WR12 | XB12: =IFERROR(XA12/WY12,"") | XC12: =VE12+VL12+VS12+VZ12+WG12+WN12+WU12 | XD12: =IFERROR(WY12/WX12/7,"") | ZC12: 7 | ZD12: =XF12+XM12+XT12+YA12+YH12+YO12+YV12 | ZE12: =IFERROR(ZD12/ZC12/7,"") | ZF12: =XG12+XN12+XU12+YB12+YI12+YP12+YW12 | ZG12: =IFERROR(ZF12/ZD12,"") | ZH12: =XJ12+XQ12+XX12+YE12+YL12+YS12+YZ12 | ZI12: =IFERROR(ZD12/ZC12/7,"") | ABH12: 7 | ABI12: =ZK12+ZR12+ZY12+AAF12+AAM12+AAT12+ABA12 | ABJ12: =IFERROR(ABI12/ABH12/7,"") | ABK12: =ZL12+ZS12+ZZ12+AAG12+AAN12+AAU12+ABB12 | ABL12: =IFERROR(ABK12/ABI12,"") | ABM12: =ZO12+ZV12+AAC12+AAJ12+AAQ12+AAX12+ABE12 | ABN12: =IFERROR(ABI12/ABH12/7,"") | ADM12: 7 | ADN12: =ABP12+ABW12+ACD12+ACK12+ACR12+ACY12+ADF12 | ADO12: =IFERROR(ADN12/ADM12/7,"") | ADP12: =ABQ12+ABX12+ACE12+ACL12+ACS12+ACZ12+ADG12 | ADQ12: =IFERROR(ADP12/ADN12,"") | ADR12: =ABT12+ACA12+ACH12+ACO12+ACV12+ADC12+ADJ12 | ADS12: =IFERROR(ADN12/ADM12/7,"") | AFR12: 7 | AFS12: =ADU12+AEB12+AEI12+AEP12+AEW12+AFD12+AFK12 | AFT12: =IFERROR(AFS12/AFR12/7,"") | AFU12: =ADV12+AEC12+AEJ12+AEQ12+AEX12+AFE12+AFL12 | AFV12: =IFERROR(AFU12/AFS12,"") | AFW12: =ADY12+AEF12+AEM12+AET12+AFA12+AFH12+AFO12 | AFX12: =IFERROR(AFS12/AFR12/7,"") | AHW12: 7 | AHX12: =AFZ12+AGG12+AGN12+AGU12+AHB12+AHI12+AHP12 | AHY12: =IFERROR(AHX12/AHW12/7,"") | AHZ12: =AGA12+AGH12+AGO12+AGV12+AHC12+AHJ12+AHQ12 | AIA12: =IFERROR(AHZ12/AHX12,"") | AIB12: =AGD12+AGK12+AGR12+AGY12+AHF12+AHM12+AHT12 | AIC12: =IFERROR(AHX12/AHW12/7,"") | AKB12: 7 | AKC12: =AIE12+AIL12+AIS12+AIZ12+AJG12+AJN12+AJU12 | AKD12: =IFERROR(AKC12/AKB12/7,"") | AKE12: =AIF12+AIM12+AIT12+AJA12+AJH12+AJO12+AJV12 | AKF12: =IFERROR(AKE12/AKC12,"") | AKG12: =AII12+AIP12+AIW12+AJD12+AJK12+AJR12+AJY12 | AKH12: =IFERROR(AKC12/AKB12/7,"") | AMG12: 7 | AMH12: =AKJ12+AKQ12+AKX12+ALE12+ALL12+ALS12+ALZ12 | AMI12: =IFERROR(AMH12/AMG12/7,"") | AMJ12: =AKK12+AKR12+AKY12+ALF12+ALM12+ALT12+AMA12 | AMK12: =IFERROR(AMJ12/AMH12,"") | AML12: =AKN12+AKU12+ALB12+ALI12+ALP12+ALW12+AMD12 | AMM12: =IFERROR(AMH12/AMG12/7,"") | AOL12: 7 | AOM12: =AMO12+AMV12+ANC12+ANJ12+ANQ12+ANX12+AOE12 | AON12: =IFERROR(AOM12/AOL12/7,"") | AOO12: =AMP12+AMW12+AND12+ANK12+ANR12+ANY12+AOF12 | AOP12: =IFERROR(AOO12/AOM12,"") | AOQ12: =AMS12+AMZ12+ANG12+ANN12+ANU12+AOB12+AOI12 | AOR12: =IFERROR(AOM12/AOL12/7,"") | AQQ12: 7 | AQR12: =AOT12+APA12+APH12+APO12+APV12+AQC12+AQJ12 | AQS12: =IFERROR(AQR12/AQQ12/7,"") | AQT12: =AOU12+APB12+API12+APP12+APW12+AQD12+AQK12 | AQU12: =IFERROR(AQT12/AQR12,"") | AQV12: =AOX12+APE12+APL12+APS12+APZ12+AQG12+AQN12 | AQW12: =IFERROR(AQR12/AQQ12/7,"")
A13: 10 | AZ13: 7 | BA13: =C13+J13+Q13+X13+AE13+AL13+AS13 | BB13: =IFERROR(BA13/AZ13/7,"") | BC13: =D13+K13+R13+Y13+AF13+AM13+AT13 | BD13: =IFERROR(BC13/BA13,"") | BE13: =G13+N13+U13+AB13+AI13+AP13+AW13 | BF13: =IFERROR(BA13/AZ13/7,"") | DE13: 7 | DF13: =BH13+BO13+BV13+CC13+CJ13+CQ13+CX13 | DG13: =IFERROR(DF13/DE13/7,"") | DH13: =BI13+BP13+BW13+CD13+CK13+CR13+CY13 | DI13: =IFERROR(DH13/DF13,"") | DJ13: =BL13+BS13+BZ13+CG13+CN13+CU13+DB13 | DK13: =IFERROR(DF13/DE13/7,"") | FJ13: 7 | FK13: =DM13+DT13+EA13+EH13+EO13+EV13+FC13 | FL13: =IFERROR(FK13/FJ13/7,"") | FM13: =DN13+DU13+EB13+EI13+EP13+EW13+FD13 | FN13: =IFERROR(FM13/FK13,"") | FO13: =DQ13+DX13+EE13+EL13+ES13+EZ13+FG13 | FP13: =IFERROR(FK13/FJ13/7,"") | HO13: 7 | HP13: =FR13+FY13+GF13+GM13+GT13+HA13+HH13 | HQ13: =IFERROR(HP13/HO13/7,"") | HR13: =FS13+FZ13+GG13+GN13+GU13+HB13+HI13 | HS13: =IFERROR(HR13/HP13,"") | HT13: =FV13+GC13+GJ13+GQ13+GX13+HE13+HL13 | HU13: =IFERROR(HP13/HO13/7,"") | JT13: 7 | JU13: =HW13+ID13+IK13+IR13+IY13+JF13+JM13 | JV13: =IFERROR(JU13/JT13/7,"") | JW13: =HX13+IE13+IL13+IS13+IZ13+JG13+JN13 | JX13: =IFERROR(JW13/JU13,"") | JY13: =IA13+IH13+IO13+IV13+JC13+JJ13+JQ13 | JZ13: =IFERROR(JU13/JT13/7,"") | LY13: 7 | LZ13: =KB13+KI13+KP13+KW13+LD13+LK13+LR13 | MA13: =IFERROR(LZ13/LY13/7,"") | MB13: =KC13+KJ13+KQ13+KX13+LE13+LL13+LS13 | MC13: =IFERROR(MB13/LZ13,"") | MD13: =KF13+KM13+KT13+LA13+LH13+LO13+LV13 | ME13: =IFERROR(LZ13/LY13/7,"") | OD13: 7 | OE13: =MG13+MN13+MU13+NB13+NI13+NP13+NW13 | OF13: =IFERROR(OE13/OD13/7,"") | OG13: =MH13+MO13+MV13+NC13+NJ13+NQ13+NX13 | OH13: =IFERROR(OG13/OE13,"") | OI13: =MK13+MR13+MY13+NF13+NM13+NT13+OA13 | OJ13: =IFERROR(OE13/OD13/7,"") | QI13: 7 | QJ13: =OL13+OS13+OZ13+PG13+PN13+PU13+QB13 | QK13: =IFERROR(QJ13/QI13/7,"") | QL13: =OM13+OT13+PA13+PH13+PO13+PV13+QC13 | QM13: =IFERROR(QL13/QJ13,"") | QN13: =OP13+OW13+PD13+PK13+PR13+PY13+QF13 | QO13: =IFERROR(QJ13/QI13/7,"") | SN13: 7 | SO13: =QQ13+QX13+RE13+RL13+RS13+RZ13+SG13 | SP13: =IFERROR(SO13/SN13/7,"") | SQ13: =QR13+QY13+RF13+RM13+RT13+SA13+SH13 | SR13: =IFERROR(SQ13/SO13,"") | SS13: =QU13+RB13+RI13+RP13+RW13+SD13+SK13 | ST13: =IFERROR(SO13/SN13/7,"") | US13: 7 | UT13: =SV13+TC13+TJ13+TQ13+TX13+UE13+UL13 | UU13: =IFERROR(UT13/US13/7,"") | UV13: =SW13+TD13+TK13+TR13+TY13+UF13+UM13 | UW13: =IFERROR(UV13/UT13,"") | UX13: =SZ13+TG13+TN13+TU13+UB13+UI13+UP13 | UY13: =IFERROR(UT13/US13/7,"") | WX13: 7 | WY13: =VA13+VH13+VO13+VV13+WC13+WJ13+WQ13 | WZ13: =IFERROR(WY13/WX13/7,"") | XA13: =VB13+VI13+VP13+VW13+WD13+WK13+WR13 | XB13: =IFERROR(XA13/WY13,"") | XC13: =VE13+VL13+VS13+VZ13+WG13+WN13+WU13 | XD13: =IFERROR(WY13/WX13/7,"") | ZC13: 7 | ZD13: =XF13+XM13+XT13+YA13+YH13+YO13+YV13 | ZE13: =IFERROR(ZD13/ZC13/7,"") | ZF13: =XG13+XN13+XU13+YB13+YI13+YP13+YW13 | ZG13: =IFERROR(ZF13/ZD13,"") | ZH13: =XJ13+XQ13+XX13+YE13+YL13+YS13+YZ13 | ZI13: =IFERROR(ZD13/ZC13/7,"") | ABH13: 7 | ABI13: =ZK13+ZR13+ZY13+AAF13+AAM13+AAT13+ABA13 | ABJ13: =IFERROR(ABI13/ABH13/7,"") | ABK13: =ZL13+ZS13+ZZ13+AAG13+AAN13+AAU13+ABB13 | ABL13: =IFERROR(ABK13/ABI13,"") | ABM13: =ZO13+ZV13+AAC13+AAJ13+AAQ13+AAX13+ABE13 | ABN13: =IFERROR(ABI13/ABH13/7,"") | ADM13: 7 | ADN13: =ABP13+ABW13+ACD13+ACK13+ACR13+ACY13+ADF13 | ADO13: =IFERROR(ADN13/ADM13/7,"") | ADP13: =ABQ13+ABX13+ACE13+ACL13+ACS13+ACZ13+ADG13 | ADQ13: =IFERROR(ADP13/ADN13,"") | ADR13: =ABT13+ACA13+ACH13+ACO13+ACV13+ADC13+ADJ13 | ADS13: =IFERROR(ADN13/ADM13/7,"") | AFR13: 7 | AFS13: =ADU13+AEB13+AEI13+AEP13+AEW13+AFD13+AFK13 | AFT13: =IFERROR(AFS13/AFR13/7,"") | AFU13: =ADV13+AEC13+AEJ13+AEQ13+AEX13+AFE13+AFL13 | AFV13: =IFERROR(AFU13/AFS13,"") | AFW13: =ADY13+AEF13+AEM13+AET13+AFA13+AFH13+AFO13 | AFX13: =IFERROR(AFS13/AFR13/7,"") | AHW13: 7 | AHX13: =AFZ13+AGG13+AGN13+AGU13+AHB13+AHI13+AHP13 | AHY13: =IFERROR(AHX13/AHW13/7,"") | AHZ13: =AGA13+AGH13+AGO13+AGV13+AHC13+AHJ13+AHQ13 | AIA13: =IFERROR(AHZ13/AHX13,"") | AIB13: =AGD13+AGK13+AGR13+AGY13+AHF13+AHM13+AHT13 | AIC13: =IFERROR(AHX13/AHW13/7,"") | AKB13: 7 | AKC13: =AIE13+AIL13+AIS13+AIZ13+AJG13+AJN13+AJU13 | AKD13: =IFERROR(AKC13/AKB13/7,"") | AKE13: =AIF13+AIM13+AIT13+AJA13+AJH13+AJO13+AJV13 | AKF13: =IFERROR(AKE13/AKC13,"") | AKG13: =AII13+AIP13+AIW13+AJD13+AJK13+AJR13+AJY13 | AKH13: =IFERROR(AKC13/AKB13/7,"") | AMG13: 7 | AMH13: =AKJ13+AKQ13+AKX13+ALE13+ALL13+ALS13+ALZ13 | AMI13: =IFERROR(AMH13/AMG13/7,"") | AMJ13: =AKK13+AKR13+AKY13+ALF13+ALM13+ALT13+AMA13 | AMK13: =IFERROR(AMJ13/AMH13,"") | AML13: =AKN13+AKU13+ALB13+ALI13+ALP13+ALW13+AMD13 | AMM13: =IFERROR(AMH13/AMG13/7,"") | AOL13: 7 | AOM13: =AMO13+AMV13+ANC13+ANJ13+ANQ13+ANX13+AOE13 | AON13: =IFERROR(AOM13/AOL13/7,"") | AOO13: =AMP13+AMW13+AND13+ANK13+ANR13+ANY13+AOF13 | AOP13: =IFERROR(AOO13/AOM13,"") | AOQ13: =AMS13+AMZ13+ANG13+ANN13+ANU13+AOB13+AOI13 | AOR13: =IFERROR(AOM13/AOL13/7,"") | AQQ13: 7 | AQR13: =AOT13+APA13+APH13+APO13+APV13+AQC13+AQJ13 | AQS13: =IFERROR(AQR13/AQQ13/7,"") | AQT13: =AOU13+APB13+API13+APP13+APW13+AQD13+AQK13 | AQU13: =IFERROR(AQT13/AQR13,"") | AQV13: =AOX13+APE13+APL13+APS13+APZ13+AQG13+AQN13 | AQW13: =IFERROR(AQR13/AQQ13/7,"")
A14: 11 | AZ14: 7 | BA14: =C14+J14+Q14+X14+AE14+AL14+AS14 | BB14: =IFERROR(BA14/AZ14/7,"") | BC14: =D14+K14+R14+Y14+AF14+AM14+AT14 | BD14: =IFERROR(BC14/BA14,"") | BE14: =G14+N14+U14+AB14+AI14+AP14+AW14 | BF14: =IFERROR(BA14/AZ14/7,"") | DE14: 7 | DF14: =BH14+BO14+BV14+CC14+CJ14+CQ14+CX14 | DG14: =IFERROR(DF14/DE14/7,"") | DH14: =BI14+BP14+BW14+CD14+CK14+CR14+CY14 | DI14: =IFERROR(DH14/DF14,"") | DJ14: =BL14+BS14+BZ14+CG14+CN14+CU14+DB14 | DK14: =IFERROR(DF14/DE14/7,"") | FJ14: 7 | FK14: =DM14+DT14+EA14+EH14+EO14+EV14+FC14 | FL14: =IFERROR(FK14/FJ14/7,"") | FM14: =DN14+DU14+EB14+EI14+EP14+EW14+FD14 | FN14: =IFERROR(FM14/FK14,"") | FO14: =DQ14+DX14+EE14+EL14+ES14+EZ14+FG14 | FP14: =IFERROR(FK14/FJ14/7,"") | HO14: 7 | HP14: =FR14+FY14+GF14+GM14+GT14+HA14+HH14 | HQ14: =IFERROR(HP14/HO14/7,"") | HR14: =FS14+FZ14+GG14+GN14+GU14+HB14+HI14 | HS14: =IFERROR(HR14/HP14,"") | HT14: =FV14+GC14+GJ14+GQ14+GX14+HE14+HL14 | HU14: =IFERROR(HP14/HO14/7,"") | JT14: 7 | JU14: =HW14+ID14+IK14+IR14+IY14+JF14+JM14 | JV14: =IFERROR(JU14/JT14/7,"") | JW14: =HX14+IE14+IL14+IS14+IZ14+JG14+JN14 | JX14: =IFERROR(JW14/JU14,"") | JY14: =IA14+IH14+IO14+IV14+JC14+JJ14+JQ14 | JZ14: =IFERROR(JU14/JT14/7,"") | LY14: 7 | LZ14: =KB14+KI14+KP14+KW14+LD14+LK14+LR14 | MA14: =IFERROR(LZ14/LY14/7,"") | MB14: =KC14+KJ14+KQ14+KX14+LE14+LL14+LS14 | MC14: =IFERROR(MB14/LZ14,"") | MD14: =KF14+KM14+KT14+LA14+LH14+LO14+LV14 | ME14: =IFERROR(LZ14/LY14/7,"") | OD14: 7 | OE14: =MG14+MN14+MU14+NB14+NI14+NP14+NW14 | OF14: =IFERROR(OE14/OD14/7,"") | OG14: =MH14+MO14+MV14+NC14+NJ14+NQ14+NX14 | OH14: =IFERROR(OG14/OE14,"") | OI14: =MK14+MR14+MY14+NF14+NM14+NT14+OA14 | OJ14: =IFERROR(OE14/OD14/7,"") | QI14: 7 | QJ14: =OL14+OS14+OZ14+PG14+PN14+PU14+QB14 | QK14: =IFERROR(QJ14/QI14/7,"") | QL14: =OM14+OT14+PA14+PH14+PO14+PV14+QC14 | QM14: =IFERROR(QL14/QJ14,"") | QN14: =OP14+OW14+PD14+PK14+PR14+PY14+QF14 | QO14: =IFERROR(QJ14/QI14/7,"") | SN14: 7 | SO14: =QQ14+QX14+RE14+RL14+RS14+RZ14+SG14 | SP14: =IFERROR(SO14/SN14/7,"") | SQ14: =QR14+QY14+RF14+RM14+RT14+SA14+SH14 | SR14: =IFERROR(SQ14/SO14,"") | SS14: =QU14+RB14+RI14+RP14+RW14+SD14+SK14 | ST14: =IFERROR(SO14/SN14/7,"") | US14: 7 | UT14: =SV14+TC14+TJ14+TQ14+TX14+UE14+UL14 | UU14: =IFERROR(UT14/US14/7,"") | UV14: =SW14+TD14+TK14+TR14+TY14+UF14+UM14 | UW14: =IFERROR(UV14/UT14,"") | UX14: =SZ14+TG14+TN14+TU14+UB14+UI14+UP14 | UY14: =IFERROR(UT14/US14/7,"") | WX14: 7 | WY14: =VA14+VH14+VO14+VV14+WC14+WJ14+WQ14 | WZ14: =IFERROR(WY14/WX14/7,"") | XA14: =VB14+VI14+VP14+VW14+WD14+WK14+WR14 | XB14: =IFERROR(XA14/WY14,"") | XC14: =VE14+VL14+VS14+VZ14+WG14+WN14+WU14 | XD14: =IFERROR(WY14/WX14/7,"") | ZC14: 7 | ZD14: =XF14+XM14+XT14+YA14+YH14+YO14+YV14 | ZE14: =IFERROR(ZD14/ZC14/7,"") | ZF14: =XG14+XN14+XU14+YB14+YI14+YP14+YW14 | ZG14: =IFERROR(ZF14/ZD14,"") | ZH14: =XJ14+XQ14+XX14+YE14+YL14+YS14+YZ14 | ZI14: =IFERROR(ZD14/ZC14/7,"") | ABH14: 7 | ABI14: =ZK14+ZR14+ZY14+AAF14+AAM14+AAT14+ABA14 | ABJ14: =IFERROR(ABI14/ABH14/7,"") | ABK14: =ZL14+ZS14+ZZ14+AAG14+AAN14+AAU14+ABB14 | ABL14: =IFERROR(ABK14/ABI14,"") | ABM14: =ZO14+ZV14+AAC14+AAJ14+AAQ14+AAX14+ABE14 | ABN14: =IFERROR(ABI14/ABH14/7,"") | ADM14: 7 | ADN14: =ABP14+ABW14+ACD14+ACK14+ACR14+ACY14+ADF14 | ADO14: =IFERROR(ADN14/ADM14/7,"") | ADP14: =ABQ14+ABX14+ACE14+ACL14+ACS14+ACZ14+ADG14 | ADQ14: =IFERROR(ADP14/ADN14,"") | ADR14: =ABT14+ACA14+ACH14+ACO14+ACV14+ADC14+ADJ14 | ADS14: =IFERROR(ADN14/ADM14/7,"") | AFR14: 7 | AFS14: =ADU14+AEB14+AEI14+AEP14+AEW14+AFD14+AFK14 | AFT14: =IFERROR(AFS14/AFR14/7,"") | AFU14: =ADV14+AEC14+AEJ14+AEQ14+AEX14+AFE14+AFL14 | AFV14: =IFERROR(AFU14/AFS14,"") | AFW14: =ADY14+AEF14+AEM14+AET14+AFA14+AFH14+AFO14 | AFX14: =IFERROR(AFS14/AFR14/7,"") | AHW14: 7 | AHX14: =AFZ14+AGG14+AGN14+AGU14+AHB14+AHI14+AHP14 | AHY14: =IFERROR(AHX14/AHW14/7,"") | AHZ14: =AGA14+AGH14+AGO14+AGV14+AHC14+AHJ14+AHQ14 | AIA14: =IFERROR(AHZ14/AHX14,"") | AIB14: =AGD14+AGK14+AGR14+AGY14+AHF14+AHM14+AHT14 | AIC14: =IFERROR(AHX14/AHW14/7,"") | AKB14: 7 | AKC14: =AIE14+AIL14+AIS14+AIZ14+AJG14+AJN14+AJU14 | AKD14: =IFERROR(AKC14/AKB14/7,"") | AKE14: =AIF14+AIM14+AIT14+AJA14+AJH14+AJO14+AJV14 | AKF14: =IFERROR(AKE14/AKC14,"") | AKG14: =AII14+AIP14+AIW14+AJD14+AJK14+AJR14+AJY14 | AKH14: =IFERROR(AKC14/AKB14/7,"") | AMG14: 7 | AMH14: =AKJ14+AKQ14+AKX14+ALE14+ALL14+ALS14+ALZ14 | AMI14: =IFERROR(AMH14/AMG14/7,"") | AMJ14: =AKK14+AKR14+AKY14+ALF14+ALM14+ALT14+AMA14 | AMK14: =IFERROR(AMJ14/AMH14,"") | AML14: =AKN14+AKU14+ALB14+ALI14+ALP14+ALW14+AMD14 | AMM14: =IFERROR(AMH14/AMG14/7,"") | AOL14: 7 | AOM14: =AMO14+AMV14+ANC14+ANJ14+ANQ14+ANX14+AOE14 | AON14: =IFERROR(AOM14/AOL14/7,"") | AOO14: =AMP14+AMW14+AND14+ANK14+ANR14+ANY14+AOF14 | AOP14: =IFERROR(AOO14/AOM14,"") | AOQ14: =AMS14+AMZ14+ANG14+ANN14+ANU14+AOB14+AOI14 | AOR14: =IFERROR(AOM14/AOL14/7,"") | AQQ14: 7 | AQR14: =AOT14+APA14+APH14+APO14+APV14+AQC14+AQJ14 | AQS14: =IFERROR(AQR14/AQQ14/7,"") | AQT14: =AOU14+APB14+API14+APP14+APW14+AQD14+AQK14 | AQU14: =IFERROR(AQT14/AQR14,"") | AQV14: =AOX14+APE14+APL14+APS14+APZ14+AQG14+AQN14 | AQW14: =IFERROR(AQR14/AQQ14/7,"")
A15: 12 | AZ15: 7 | BA15: =C15+J15+Q15+X15+AE15+AL15+AS15 | BB15: =IFERROR(BA15/AZ15/7,"") | BC15: =D15+K15+R15+Y15+AF15+AM15+AT15 | BD15: =IFERROR(BC15/BA15,"") | BE15: =G15+N15+U15+AB15+AI15+AP15+AW15 | BF15: =IFERROR(BA15/AZ15/7,"") | DE15: 7 | DF15: =BH15+BO15+BV15+CC15+CJ15+CQ15+CX15 | DG15: =IFERROR(DF15/DE15/7,"") | DH15: =BI15+BP15+BW15+CD15+CK15+CR15+CY15 | DI15: =IFERROR(DH15/DF15,"") | DJ15: =BL15+BS15+BZ15+CG15+CN15+CU15+DB15 | DK15: =IFERROR(DF15/DE15/7,"") | FJ15: 7 | FK15: =DM15+DT15+EA15+EH15+EO15+EV15+FC15 | FL15: =IFERROR(FK15/FJ15/7,"") | FM15: =DN15+DU15+EB15+EI15+EP15+EW15+FD15 | FN15: =IFERROR(FM15/FK15,"") | FO15: =DQ15+DX15+EE15+EL15+ES15+EZ15+FG15 | FP15: =IFERROR(FK15/FJ15/7,"") | HO15: 7 | HP15: =FR15+FY15+GF15+GM15+GT15+HA15+HH15 | HQ15: =IFERROR(HP15/HO15/7,"") | HR15: =FS15+FZ15+GG15+GN15+GU15+HB15+HI15 | HS15: =IFERROR(HR15/HP15,"") | HT15: =FV15+GC15+GJ15+GQ15+GX15+HE15+HL15 | HU15: =IFERROR(HP15/HO15/7,"") | JT15: 7 | JU15: =HW15+ID15+IK15+IR15+IY15+JF15+JM15 | JV15: =IFERROR(JU15/JT15/7,"") | JW15: =HX15+IE15+IL15+IS15+IZ15+JG15+JN15 | JX15: =IFERROR(JW15/JU15,"") | JY15: =IA15+IH15+IO15+IV15+JC15+JJ15+JQ15 | JZ15: =IFERROR(JU15/JT15/7,"") | LY15: 7 | LZ15: =KB15+KI15+KP15+KW15+LD15+LK15+LR15 | MA15: =IFERROR(LZ15/LY15/7,"") | MB15: =KC15+KJ15+KQ15+KX15+LE15+LL15+LS15 | MC15: =IFERROR(MB15/LZ15,"") | MD15: =KF15+KM15+KT15+LA15+LH15+LO15+LV15 | ME15: =IFERROR(LZ15/LY15/7,"") | OD15: 7 | OE15: =MG15+MN15+MU15+NB15+NI15+NP15+NW15 | OF15: =IFERROR(OE15/OD15/7,"") | OG15: =MH15+MO15+MV15+NC15+NJ15+NQ15+NX15 | OH15: =IFERROR(OG15/OE15,"") | OI15: =MK15+MR15+MY15+NF15+NM15+NT15+OA15 | OJ15: =IFERROR(OE15/OD15/7,"") | QI15: 7 | QJ15: =OL15+OS15+OZ15+PG15+PN15+PU15+QB15 | QK15: =IFERROR(QJ15/QI15/7,"") | QL15: =OM15+OT15+PA15+PH15+PO15+PV15+QC15 | QM15: =IFERROR(QL15/QJ15,"") | QN15: =OP15+OW15+PD15+PK15+PR15+PY15+QF15 | QO15: =IFERROR(QJ15/QI15/7,"") | SN15: 7 | SO15: =QQ15+QX15+RE15+RL15+RS15+RZ15+SG15 | SP15: =IFERROR(SO15/SN15/7,"") | SQ15: =QR15+QY15+RF15+RM15+RT15+SA15+SH15 | SR15: =IFERROR(SQ15/SO15,"") | SS15: =QU15+RB15+RI15+RP15+RW15+SD15+SK15 | ST15: =IFERROR(SO15/SN15/7,"") | US15: 7 | UT15: =SV15+TC15+TJ15+TQ15+TX15+UE15+UL15 | UU15: =IFERROR(UT15/US15/7,"") | UV15: =SW15+TD15+TK15+TR15+TY15+UF15+UM15 | UW15: =IFERROR(UV15/UT15,"") | UX15: =SZ15+TG15+TN15+TU15+UB15+UI15+UP15 | UY15: =IFERROR(UT15/US15/7,"") | WX15: 7 | WY15: =VA15+VH15+VO15+VV15+WC15+WJ15+WQ15 | WZ15: =IFERROR(WY15/WX15/7,"") | XA15: =VB15+VI15+VP15+VW15+WD15+WK15+WR15 | XB15: =IFERROR(XA15/WY15,"") | XC15: =VE15+VL15+VS15+VZ15+WG15+WN15+WU15 | XD15: =IFERROR(WY15/WX15/7,"") | ZC15: 7 | ZD15: =XF15+XM15+XT15+YA15+YH15+YO15+YV15 | ZE15: =IFERROR(ZD15/ZC15/7,"") | ZF15: =XG15+XN15+XU15+YB15+YI15+YP15+YW15 | ZG15: =IFERROR(ZF15/ZD15,"") | ZH15: =XJ15+XQ15+XX15+YE15+YL15+YS15+YZ15 | ZI15: =IFERROR(ZD15/ZC15/7,"") | ABH15: 7 | ABI15: =ZK15+ZR15+ZY15+AAF15+AAM15+AAT15+ABA15 | ABJ15: =IFERROR(ABI15/ABH15/7,"") | ABK15: =ZL15+ZS15+ZZ15+AAG15+AAN15+AAU15+ABB15 | ABL15: =IFERROR(ABK15/ABI15,"") | ABM15: =ZO15+ZV15+AAC15+AAJ15+AAQ15+AAX15+ABE15 | ABN15: =IFERROR(ABI15/ABH15/7,"") | ADM15: 7 | ADN15: =ABP15+ABW15+ACD15+ACK15+ACR15+ACY15+ADF15 | ADO15: =IFERROR(ADN15/ADM15/7,"") | ADP15: =ABQ15+ABX15+ACE15+ACL15+ACS15+ACZ15+ADG15 | ADQ15: =IFERROR(ADP15/ADN15,"") | ADR15: =ABT15+ACA15+ACH15+ACO15+ACV15+ADC15+ADJ15 | ADS15: =IFERROR(ADN15/ADM15/7,"") | AFR15: 7 | AFS15: =ADU15+AEB15+AEI15+AEP15+AEW15+AFD15+AFK15 | AFT15: =IFERROR(AFS15/AFR15/7,"") | AFU15: =ADV15+AEC15+AEJ15+AEQ15+AEX15+AFE15+AFL15 | AFV15: =IFERROR(AFU15/AFS15,"") | AFW15: =ADY15+AEF15+AEM15+AET15+AFA15+AFH15+AFO15 | AFX15: =IFERROR(AFS15/AFR15/7,"") | AHW15: 7 | AHX15: =AFZ15+AGG15+AGN15+AGU15+AHB15+AHI15+AHP15 | AHY15: =IFERROR(AHX15/AHW15/7,"") | AHZ15: =AGA15+AGH15+AGO15+AGV15+AHC15+AHJ15+AHQ15 | AIA15: =IFERROR(AHZ15/AHX15,"") | AIB15: =AGD15+AGK15+AGR15+AGY15+AHF15+AHM15+AHT15 | AIC15: =IFERROR(AHX15/AHW15/7,"") | AKB15: 7 | AKC15: =AIE15+AIL15+AIS15+AIZ15+AJG15+AJN15+AJU15 | AKD15: =IFERROR(AKC15/AKB15/7,"") | AKE15: =AIF15+AIM15+AIT15+AJA15+AJH15+AJO15+AJV15 | AKF15: =IFERROR(AKE15/AKC15,"") | AKG15: =AII15+AIP15+AIW15+AJD15+AJK15+AJR15+AJY15 | AKH15: =IFERROR(AKC15/AKB15/7,"") | AMG15: 7 | AMH15: =AKJ15+AKQ15+AKX15+ALE15+ALL15+ALS15+ALZ15 | AMI15: =IFERROR(AMH15/AMG15/7,"") | AMJ15: =AKK15+AKR15+AKY15+ALF15+ALM15+ALT15+AMA15 | AMK15: =IFERROR(AMJ15/AMH15,"") | AML15: =AKN15+AKU15+ALB15+ALI15+ALP15+ALW15+AMD15 | AMM15: =IFERROR(AMH15/AMG15/7,"") | AOL15: 7 | AOM15: =AMO15+AMV15+ANC15+ANJ15+ANQ15+ANX15+AOE15 | AON15: =IFERROR(AOM15/AOL15/7,"") | AOO15: =AMP15+AMW15+AND15+ANK15+ANR15+ANY15+AOF15 | AOP15: =IFERROR(AOO15/AOM15,"") | AOQ15: =AMS15+AMZ15+ANG15+ANN15+ANU15+AOB15+AOI15 | AOR15: =IFERROR(AOM15/AOL15/7,"") | AQQ15: 7 | AQR15: =AOT15+APA15+APH15+APO15+APV15+AQC15+AQJ15 | AQS15: =IFERROR(AQR15/AQQ15/7,"") | AQT15: =AOU15+APB15+API15+APP15+APW15+AQD15+AQK15 | AQU15: =IFERROR(AQT15/AQR15,"") | AQV15: =AOX15+APE15+APL15+APS15+APZ15+AQG15+AQN15 | AQW15: =IFERROR(AQR15/AQQ15/7,"")
... A195: 192 | AZ195: 7 | BA195: =C195+J195+Q195+X195+AE195+AL195+AS195 | BB195: =IFERROR(BA195/AZ195/7,"") | BC195: =D195+K195+R195+Y195+AF195+AM195+AT195 | BD195: =IFERROR(BC195/BA195,"") | BE195: =G195+N195+U195+AB195+AI195+AP195+AW195 | BF195: =IFERROR(BA195/AZ195/7,"") | DE195: 7 | DF195: =BH195+BO195+BV195+CC195+CJ195+CQ195+CX195 | DG195: =IFERROR(DF195/DE195/7,"") | DH195: =BI195+BP195+BW195+CD195+CK195+CR195+CY195 | DI195: =IFERROR(DH195/DF195,"") | DJ195: =BL195+BS195+BZ195+CG195+CN195+CU195+DB195 | DK195: =IFERROR(DF195/DE195/7,"") | FJ195: 7 | FK195: =DM195+DT195+EA195+EH195+EO195+EV195+FC195 | FL195: =IFERROR(FK195/FJ195/7,"") | FM195: =DN195+DU195+EB195+EI195+EP195+EW195+FD195 | FN195: =IFERROR(FM195/FK195,"") | FO195: =DQ195+DX195+EE195+EL195+ES195+EZ195+FG195 | FP195: =IFERROR(FK195/FJ195/7,"") | HO195: 7 | HP195: =FR195+FY195+GF195+GM195+GT195+HA195+HH195 | HQ195: =IFERROR(HP195/HO195/7,"") | HR195: =FS195+FZ195+GG195+GN195+GU195+HB195+HI195 | HS195: =IFERROR(HR195/HP195,"") | HT195: =FV195+GC195+GJ195+GQ195+GX195+HE195+HL195 | HU195: =IFERROR(HP195/HO195/7,"") | JT195: 7 | JU195: =HW195+ID195+IK195+IR195+IY195+JF195+JM195 | JV195: =IFERROR(JU195/JT195/7,"") | JW195: =HX195+IE195+IL195+IS195+IZ195+JG195+JN195 | JX195: =IFERROR(JW195/JU195,"") | JY195: =IA195+IH195+IO195+IV195+JC195+JJ195+JQ195 | JZ195: =IFERROR(JU195/JT195/7,"") | LY195: 7 | LZ195: =KB195+KI195+KP195+KW195+LD195+LK195+LR195 | MA195: =IFERROR(LZ195/LY195/7,"") | MB195: =KC195+KJ195+KQ195+KX195+LE195+LL195+LS195 | MC195: =IFERROR(MB195/LZ195,"") | MD195: =KF195+KM195+KT195+LA195+LH195+LO195+LV195 | ME195: =IFERROR(LZ195/LY195/7,"") | OD195: 7 | OE195: =MG195+MN195+MU195+NB195+NI195+NP195+NW195 | OF195: =IFERROR(OE195/OD195/7,"") | OG195: =MH195+MO195+MV195+NC195+NJ195+NQ195+NX195 | OH195: =IFERROR(OG195/OE195,"") | OI195: =MK195+MR195+MY195+NF195+NM195+NT195+OA195 | OJ195: =IFERROR(OE195/OD195/7,"") | QI195: 7 | QJ195: =OL195+OS195+OZ195+PG195+PN195+PU195+QB195 | QK195: =IFERROR(QJ195/QI195/7,"") | QL195: =OM195+OT195+PA195+PH195+PO195+PV195+QC195 | QM195: =IFERROR(QL195/QJ195,"") | QN195: =OP195+OW195+PD195+PK195+PR195+PY195+QF195 | QO195: =IFERROR(QJ195/QI195/7,"") | SN195: 7 | SO195: =QQ195+QX195+RE195+RL195+RS195+RZ195+SG195 | SP195: =IFERROR(SO195/SN195/7,"") | SQ195: =QR195+QY195+RF195+RM195+RT195+SA195+SH195 | SR195: =IFERROR(SQ195/SO195,"") | SS195: =QU195+RB195+RI195+RP195+RW195+SD195+SK195 | ST195: =IFERROR(SO195/SN195/7,"") | US195: 7 | UT195: =SV195+TC195+TJ195+TQ195+TX195+UE195+UL195 | UU195: =IFERROR(UT195/US195/7,"") | UV195: =SW195+TD195+TK195+TR195+TY195+UF195+UM195 | UW195: =IFERROR(UV195/UT195,"") | UX195: =SZ195+TG195+TN195+TU195+UB195+UI195+UP195 | UY195: =IFERROR(UT195/US195/7,"") | WX195: 7 | WY195: =VA195+VH195+VO195+VV195+WC195+WJ195+WQ195 | WZ195: =IFERROR(WY195/WX195/7,"") | XA195: =VB195+VI195+VP195+VW195+WD195+WK195+WR195 | XB195: =IFERROR(XA195/WY195,"") | XC195: =VE195+VL195+VS195+VZ195+WG195+WN195+WU195 | XD195: =IFERROR(WY195/WX195/7,"") | ZC195: 7 | ZD195: =XF195+XM195+XT195+YA195+YH195+YO195+YV195 | ZE195: =IFERROR(ZD195/ZC195/7,"") | ZF195: =XG195+XN195+XU195+YB195+YI195+YP195+YW195 | ZG195: =IFERROR(ZF195/ZD195,"") | ZH195: =XJ195+XQ195+XX195+YE195+YL195+YS195+YZ195 | ZI195: =IFERROR(ZD195/ZC195/7,"") | ABH195: 7 | ABI195: =ZK195+ZR195+ZY195+AAF195+AAM195+AAT195+ABA195 | ABJ195: =IFERROR(ABI195/ABH195/7,"") | ABK195: =ZL195+ZS195+ZZ195+AAG195+AAN195+AAU195+ABB195 | ABL195: =IFERROR(ABK195/ABI195,"") | ABM195: =ZO195+ZV195+AAC195+AAJ195+AAQ195+AAX195+ABE195 | ABN195: =IFERROR(ABI195/ABH195/7,"") | ADM195: 7 | ADN195: =ABP195+ABW195+ACD195+ACK195+ACR195+ACY195+ADF195 | ADO195: =IFERROR(ADN195/ADM195/7,"") | ADP195: =ABQ195+ABX195+ACE195+ACL195+ACS195+ACZ195+ADG195 | ADQ195: =IFERROR(ADP195/ADN195,"") | ADR195: =ABT195+ACA195+ACH195+ACO195+ACV195+ADC195+ADJ195 | ADS195: =IFERROR(ADN195/ADM195/7,"") | AFR195: 7 | AFS195: =ADU195+AEB195+AEI195+AEP195+AEW195+AFD195+AFK195 | AFT195: =IFERROR(AFS195/AFR195/7,"") | AFU195: =ADV195+AEC195+AEJ195+AEQ195+AEX195+AFE195+AFL195 | AFV195: =IFERROR(AFU195/AFS195,"") | AFW195: =ADY195+AEF195+AEM195+AET195+AFA195+AFH195+AFO195 | AFX195: =IFERROR(AFS195/AFR195/7,"") | AHW195: 7 | AHX195: =AFZ195+AGG195+AGN195+AGU195+AHB195+AHI195+AHP195 | AHY195: =IFERROR(AHX195/AHW195/7,"") | AHZ195: =AGA195+AGH195+AGO195+AGV195+AHC195+AHJ195+AHQ195 | AIA195: =IFERROR(AHZ195/AHX195,"") | AIB195: =AGD195+AGK195+AGR195+AGY195+AHF195+AHM195+AHT195 | AIC195: =IFERROR(AHX195/AHW195/7,"") | AKB195: 7 | AKC195: =AIE195+AIL195+AIS195+AIZ195+AJG195+AJN195+AJU195 | AKD195: =IFERROR(AKC195/AKB195/7,"") | AKE195: =AIF195+AIM195+AIT195+AJA195+AJH195+AJO195+AJV195 | AKF195: =IFERROR(AKE195/AKC195,"") | AKG195: =AII195+AIP195+AIW195+AJD195+AJK195+AJR195+AJY195 | AKH195: =IFERROR(AKC195/AKB195/7,"") | AMG195: 7 | AMH195: =AKJ195+AKQ195+AKX195+ALE195+ALL195+ALS195+ALZ195 | AMI195: =IFERROR(AMH195/AMG195/7,"") | AMJ195: =AKK195+AKR195+AKY195+ALF195+ALM195+ALT195+AMA195 | AMK195: =IFERROR(AMJ195/AMH195,"") | AML195: =AKN195+AKU195+ALB195+ALI195+ALP195+ALW195+AMD195 | AMM195: =IFERROR(AMH195/AMG195/7,"") | AOL195: 7 | AOM195: =AMO195+AMV195+ANC195+ANJ195+ANQ195+ANX195+AOE195 | AON195: =IFERROR(AOM195/AOL195/7,"") | AOO195: =AMP195+AMW195+AND195+ANK195+ANR195+ANY195+AOF195 | AOP195: =IFERROR(AOO195/AOM195,"") | AOQ195: =AMS195+AMZ195+ANG195+ANN195+ANU195+AOB195+AOI195 | AOR195: =IFERROR(AOM195/AOL195/7,"") | AQQ195: 7 | AQR195: =AOT195+APA195+APH195+APO195+APV195+AQC195+AQJ195 | AQS195: =IFERROR(AQR195/AQQ195/7,"") | AQT195: =AOU195+APB195+API195+APP195+APW195+AQD195+AQK195 | AQU195: =IFERROR(AQT195/AQR195,"") | AQV195: =AOX195+APE195+APL195+APS195+APZ195+AQG195+AQN195 | AQW195: =IFERROR(AQR195/AQQ195/7,"")
C197: =SUM(C4:C195) | D197: =SUM(D4:D195) | E197: =SUM(E4:E195) | F197: =SUM(F4:F195) | G197: =SUM(G4:G195) | H197: =SUM(H4:H195) | J197: =SUM(J4:J195) | K197: =SUM(K4:K195) | L197: =SUM(L4:L195) | M197: =SUM(M4:M195) | N197: =SUM(N4:N195) | O197: =SUM(O4:O195) | Q197: =SUM(Q4:Q195) | R197: =SUM(R4:R195) | S197: =SUM(S4:S195) | T197: =SUM(T4:T195) | U197: =SUM(U4:U195) | V197: =SUM(V4:V195) | X197: =SUM(X4:X195) | Y197: =SUM(Y4:Y195) | Z197: =SUM(Z4:Z195) | AA197: =SUM(AA4:AA195) | AB197: =SUM(AB4:AB195) | AC197: =SUM(AC4:AC195) | AE197: =SUM(AE4:AE195) | AF197: =SUM(AF4:AF195) | AG197: =SUM(AG4:AG195) | AH197: =SUM(AH4:AH195) | AI197: =SUM(AI4:AI195) | AJ197: =SUM(AJ4:AJ195) | AL197: =SUM(AL4:AL195) | AM197: =SUM(AM4:AM195) | AN197: =SUM(AN4:AN195) | AO197: =SUM(AO4:AO195) | AP197: =SUM(AP4:AP195) | AQ197: =SUM(AQ4:AQ195) | AS197: =SUM(AS4:AS195) | AT197: =SUM(AT4:AT195) | AU197: =SUM(AU4:AU195) | AV197: =SUM(AV4:AV195) | AW197: =SUM(AW4:AW195) | AX197: =SUM(AX4:AX195) | AZ197: =SUM(AZ4:AZ195) | BA197: =SUM(BA4:BA195) | BB197: =SUM(BB4:BB195) | BC197: =SUM(BC4:BC195) | BD197: =SUM(BD4:BD195) | BE197: =SUM(BE4:BE195) | BF197: =SUM(BF4:BF195) | BH197: =SUM(BH4:BH195) | BI197: =SUM(BI4:BI195) | BJ197: =SUM(BJ4:BJ195) | BK197: =SUM(BK4:BK195) | BL197: =SUM(BL4:BL195) | BM197: =SUM(BM4:BM195) | BO197: =SUM(BO4:BO195) | BP197: =SUM(BP4:BP195) | BQ197: =SUM(BQ4:BQ195) | BR197: =SUM(BR4:BR195) | BS197: =SUM(BS4:BS195) | BT197: =SUM(BT4:BT195) | BV197: =SUM(BV4:BV195) | BW197: =SUM(BW4:BW195) | BX197: =SUM(BX4:BX195) | BY197: =SUM(BY4:BY195) | BZ197: =SUM(BZ4:BZ195) | CA197: =SUM(CA4:CA195) | CC197: =SUM(CC4:CC195) | CD197: =SUM(CD4:CD195) | CE197: =SUM(CE4:CE195) | CF197: =SUM(CF4:CF195) | CG197: =SUM(CG4:CG195) | CH197: =SUM(CH4:CH195) | CJ197: =SUM(CJ4:CJ195) | CK197: =SUM(CK4:CK195) | CL197: =SUM(CL4:CL195) | CM197: =SUM(CM4:CM195) | CN197: =SUM(CN4:CN195) | CO197: =SUM(CO4:CO195) | CQ197: =SUM(CQ4:CQ195) | CR197: =SUM(CR4:CR195) | CS197: =SUM(CS4:CS195) | CT197: =SUM(CT4:CT195) | CU197: =SUM(CU4:CU195) | CV197: =SUM(CV4:CV195) | CX197: =SUM(CX4:CX195) | CY197: =SUM(CY4:CY195) | CZ197: =SUM(CZ4:CZ195) | DA197: =SUM(DA4:DA195) | DB197: =SUM(DB4:DB195) | DC197: =SUM(DC4:DC195) | DE197: =SUM(DE4:DE195) | DF197: =SUM(DF4:DF195) | DG197: =SUM(DG4:DG195) | DH197: =SUM(DH4:DH195) | DI197: =SUM(DI4:DI195) | DJ197: =SUM(DJ4:DJ195) | DK197: =SUM(DK4:DK195) | DM197: =SUM(DM4:DM195) | DN197: =SUM(DN4:DN195) | DO197: =SUM(DO4:DO195) | DP197: =SUM(DP4:DP195) | DQ197: =SUM(DQ4:DQ195) | DR197: =SUM(DR4:DR195) | DT197: =SUM(DT4:DT195) | DU197: =SUM(DU4:DU195) | DV197: =SUM(DV4:DV195) | DW197: =SUM(DW4:DW195) | DX197: =SUM(DX4:DX195) | DY197: =SUM(DY4:DY195) | EA197: =SUM(EA4:EA195) | EB197: =SUM(EB4:EB195) | EC197: =SUM(EC4:EC195) | ED197: =SUM(ED4:ED195) | EE197: =SUM(EE4:EE195) | EF197: =SUM(EF4:EF195) | EH197: =SUM(EH4:EH195) | EI197: =SUM(EI4:EI195) | EJ197: =SUM(EJ4:EJ195) | EK197: =SUM(EK4:EK195) | EL197: =SUM(EL4:EL195) | EM197: =SUM(EM4:EM195) | EO197: =SUM(EO4:EO195) | EP197: =SUM(EP4:EP195) | EQ197: =SUM(EQ4:EQ195) | ER197: =SUM(ER4:ER195) | ES197: =SUM(ES4:ES195) | ET197: =SUM(ET4:ET195) | EV197: =SUM(EV4:EV195) | EW197: =SUM(EW4:EW195) | EX197: =SUM(EX4:EX195) | EY197: =SUM(EY4:EY195) | EZ197: =SUM(EZ4:EZ195) | FA197: =SUM(FA4:FA195) | FC197: =SUM(FC4:FC195) | FD197: =SUM(FD4:FD195) | FE197: =SUM(FE4:FE195) | FF197: =SUM(FF4:FF195) | FG197: =SUM(FG4:FG195) | FH197: =SUM(FH4:FH195) | FJ197: =SUM(FJ4:FJ195) | FK197: =SUM(FK4:FK195) | FL197: =SUM(FL4:FL195) | FM197: =SUM(FM4:FM195) | FN197: =SUM(FN4:FN195) | FO197: =SUM(FO4:FO195) | FP197: =SUM(FP4:FP195) | FR197: =SUM(FR4:FR195) | FS197: =SUM(FS4:FS195) | FT197: =SUM(FT4:FT195) | FU197: =SUM(FU4:FU195) | FV197: =SUM(FV4:FV195) | FW197: =SUM(FW4:FW195) | FY197: =SUM(FY4:FY195) | FZ197: =SUM(FZ4:FZ195) | GA197: =SUM(GA4:GA195) | GB197: =SUM(GB4:GB195) | GC197: =SUM(GC4:GC195) | GD197: =SUM(GD4:GD195) | GF197: =SUM(GF4:GF195) | GG197: =SUM(GG4:GG195) | GH197: =SUM(GH4:GH195) | GI197: =SUM(GI4:GI195) | GJ197: =SUM(GJ4:GJ195) | GK197: =SUM(GK4:GK195) | GM197: =SUM(GM4:GM195) | GN197: =SUM(GN4:GN195) | GO197: =SUM(GO4:GO195) | GP197: =SUM(GP4:GP195) | GQ197: =SUM(GQ4:GQ195) | GR197: =SUM(GR4:GR195) | GT197: =SUM(GT4:GT195) | GU197: =SUM(GU4:GU195) | GV197: =SUM(GV4:GV195) | GW197: =SUM(GW4:GW195) | GX197: =SUM(GX4:GX195) | GY197: =SUM(GY4:GY195) | HA197: =SUM(HA4:HA195) | HB197: =SUM(HB4:HB195) | HC197: =SUM(HC4:HC195) | HD197: =SUM(HD4:HD195) | HE197: =SUM(HE4:HE195) | HF197: =SUM(HF4:HF195) | HH197: =SUM(HH4:HH195) | HI197: =SUM(HI4:HI195) | HJ197: =SUM(HJ4:HJ195) | HK197: =SUM(HK4:HK195) | HL197: =SUM(HL4:HL195) | HM197: =SUM(HM4:HM195) | HO197: =SUM(HO4:HO195) | HP197: =SUM(HP4:HP195) | HQ197: =SUM(HQ4:HQ195) | HR197: =SUM(HR4:HR195) | HS197: =SUM(HS4:HS195) | HT197: =SUM(HT4:HT195) | HU197: =SUM(HU4:HU195) | HW197: =SUM(HW4:HW195) | HX197: =SUM(HX4:HX195) | HY197: =SUM(HY4:HY195) | HZ197: =SUM(HZ4:HZ195) | IA197: =SUM(IA4:IA195) | IB197: =SUM(IB4:IB195) | ID197: =SUM(ID4:ID195) | IE197: =SUM(IE4:IE195) | IF197: =SUM(IF4:IF195) | IG197: =SUM(IG4:IG195) | IH197: =SUM(IH4:IH195) | II197: =SUM(II4:II195) | IK197: =SUM(IK4:IK195) | IL197: =SUM(IL4:IL195) | IM197: =SUM(IM4:IM195) | IN197: =SUM(IN4:IN195) | IO197: =SUM(IO4:IO195) | IP197: =SUM(IP4:IP195) | IR197: =SUM(IR4:IR195) | IS197: =SUM(IS4:IS195) | IT197: =SUM(IT4:IT195) | IU197: =SUM(IU4:IU195) | IV197: =SUM(IV4:IV195) | IW197: =SUM(IW4:IW195) | IY197: =SUM(IY4:IY195) | IZ197: =SUM(IZ4:IZ195) | JA197: =SUM(JA4:JA195) | JB197: =SUM(JB4:JB195) | JC197: =SUM(JC4:JC195) | JD197: =SUM(JD4:JD195) | JF197: =SUM(JF4:JF195) | JG197: =SUM(JG4:JG195) | JH197: =SUM(JH4:JH195) | JI197: =SUM(JI4:JI195) | JJ197: =SUM(JJ4:JJ195) | JK197: =SUM(JK4:JK195) | JM197: =SUM(JM4:JM195) | JN197: =SUM(JN4:JN195) | JO197: =SUM(JO4:JO195) | JP197: =SUM(JP4:JP195) | JQ197: =SUM(JQ4:JQ195) | JR197: =SUM(JR4:JR195) | JT197: =SUM(JT4:JT195) | JU197: =SUM(JU4:JU195) | JV197: =SUM(JV4:JV195) | JW197: =SUM(JW4:JW195) | JX197: =SUM(JX4:JX195) | JY197: =SUM(JY4:JY195) | JZ197: =SUM(JZ4:JZ195) | KB197: =SUM(KB4:KB195) | KC197: =SUM(KC4:KC195) | KD197: =SUM(KD4:KD195) | KE197: =SUM(KE4:KE195) | KF197: =SUM(KF4:KF195) | KG197: =SUM(KG4:KG195) | KI197: =SUM(KI4:KI195) | KJ197: =SUM(KJ4:KJ195) | KK197: =SUM(KK4:KK195) | KL197: =SUM(KL4:KL195) | KM197: =SUM(KM4:KM195) | KN197: =SUM(KN4:KN195) | KP197: =SUM(KP4:KP195) | KQ197: =SUM(KQ4:KQ195) | KR197: =SUM(KR4:KR195) | KS197: =SUM(KS4:KS195) | KT197: =SUM(KT4:KT195) | KU197: =SUM(KU4:KU195) | KW197: =SUM(KW4:KW195) | KX197: =SUM(KX4:KX195) | KY197: =SUM(KY4:KY195) | KZ197: =SUM(KZ4:KZ195) | LA197: =SUM(LA4:LA195) | LB197: =SUM(LB4:LB195) | LD197: =SUM(LD4:LD195) | LE197: =SUM(LE4:LE195) | LF197: =SUM(LF4:LF195) | LG197: =SUM(LG4:LG195) | LH197: =SUM(LH4:LH195) | LI197: =SUM(LI4:LI195) | LK197: =SUM(LK4:LK195) | LL197: =SUM(LL4:LL195) | LM197: =SUM(LM4:LM195) | LN197: =SUM(LN4:LN195) | LO197: =SUM(LO4:LO195) | LP197: =SUM(LP4:LP195) | LR197: =SUM(LR4:LR195) | LS197: =SUM(LS4:LS195) | LT197: =SUM(LT4:LT195) | LU197: =SUM(LU4:LU195) | LV197: =SUM(LV4:LV195) | LW197: =SUM(LW4:LW195) | LY197: =SUM(LY4:LY195) | LZ197: =SUM(LZ4:LZ195) | MA197: =SUM(MA4:MA195) | MB197: =SUM(MB4:MB195) | MC197: =SUM(MC4:MC195) | MD197: =SUM(MD4:MD195) | ME197: =SUM(ME4:ME195) | MG197: =SUM(MG4:MG195) | MH197: =SUM(MH4:MH195) | MI197: =SUM(MI4:MI195) | MJ197: =SUM(MJ4:MJ195) | MK197: =SUM(MK4:MK195) | ML197: =SUM(ML4:ML195) | MN197: =SUM(MN4:MN195) | MO197: =SUM(MO4:MO195) | MP197: =SUM(MP4:MP195) | MQ197: =SUM(MQ4:MQ195) | MR197: =SUM(MR4:MR195) | MS197: =SUM(MS4:MS195) | MU197: =SUM(MU4:MU195) | MV197: =SUM(MV4:MV195) | MW197: =SUM(MW4:MW195) | MX197: =SUM(MX4:MX195) | MY197: =SUM(MY4:MY195) | MZ197: =SUM(MZ4:MZ195) | NB197: =SUM(NB4:NB195) | NC197: =SUM(NC4:NC195) | ND197: =SUM(ND4:ND195) | NE197: =SUM(NE4:NE195) | NF197: =SUM(NF4:NF195) | NG197: =SUM(NG4:NG195) | NI197: =SUM(NI4:NI195) | NJ197: =SUM(NJ4:NJ195) | NK197: =SUM(NK4:NK195) | NL197: =SUM(NL4:NL195) | NM197: =SUM(NM4:NM195) | NN197: =SUM(NN4:NN195) | NP197: =SUM(NP4:NP195) | NQ197: =SUM(NQ4:NQ195) | NR197: =SUM(NR4:NR195) | NS197: =SUM(NS4:NS195) | NT197: =SUM(NT4:NT195) | NU197: =SUM(NU4:NU195) | NW197: =SUM(NW4:NW195) | NX197: =SUM(NX4:NX195) | NY197: =SUM(NY4:NY195) | NZ197: =SUM(NZ4:NZ195) | OA197: =SUM(OA4:OA195) | OB197: =SUM(OB4:OB195) | OD197: =SUM(OD4:OD195) | OE197: =SUM(OE4:OE195) | OF197: =SUM(OF4:OF195) | OG197: =SUM(OG4:OG195) | OH197: =SUM(OH4:OH195) | OI197: =SUM(OI4:OI195) | OJ197: =SUM(OJ4:OJ195) | OL197: =SUM(OL4:OL195) | OM197: =SUM(OM4:OM195) | ON197: =SUM(ON4:ON195) | OO197: =SUM(OO4:OO195) | OP197: =SUM(OP4:OP195) | OQ197: =SUM(OQ4:OQ195) | OS197: =SUM(OS4:OS195) | OT197: =SUM(OT4:OT195) | OU197: =SUM(OU4:OU195) | OV197: =SUM(OV4:OV195) | OW197: =SUM(OW4:OW195) | OX197: =SUM(OX4:OX195) | OZ197: =SUM(OZ4:OZ195) | PA197: =SUM(PA4:PA195) | PB197: =SUM(PB4:PB195) | PC197: =SUM(PC4:PC195) | PD197: =SUM(PD4:PD195) | PE197: =SUM(PE4:PE195) | PG197: =SUM(PG4:PG195) | PH197: =SUM(PH4:PH195) | PI197: =SUM(PI4:PI195) | PJ197: =SUM(PJ4:PJ195) | PK197: =SUM(PK4:PK195) | PL197: =SUM(PL4:PL195) | PN197: =SUM(PN4:PN195) | PO197: =SUM(PO4:PO195) | PP197: =SUM(PP4:PP195) | PQ197: =SUM(PQ4:PQ195) | PR197: =SUM(PR4:PR195) | PS197: =SUM(PS4:PS195) | PU197: =SUM(PU4:PU195) | PV197: =SUM(PV4:PV195) | PW197: =SUM(PW4:PW195) | PX197: =SUM(PX4:PX195) | PY197: =SUM(PY4:PY195) | PZ197: =SUM(PZ4:PZ195) | QB197: =SUM(QB4:QB195) | QC197: =SUM(QC4:QC195) | QD197: =SUM(QD4:QD195) | QE197: =SUM(QE4:QE195) | QF197: =SUM(QF4:QF195) | QG197: =SUM(QG4:QG195) | QI197: =SUM(QI4:QI195) | QJ197: =SUM(QJ4:QJ195) | QK197: =SUM(QK4:QK195) | QL197: =SUM(QL4:QL195) | QM197: =SUM(QM4:QM195) | QN197: =SUM(QN4:QN195) | QO197: =SUM(QO4:QO195) | QQ197: =SUM(QQ4:QQ195) | QR197: =SUM(QR4:QR195) | QS197: =SUM(QS4:QS195) | QT197: =SUM(QT4:QT195) | QU197: =SUM(QU4:QU195) | QV197: =SUM(QV4:QV195) | QX197: =SUM(QX4:QX195) | QY197: =SUM(QY4:QY195) | QZ197: =SUM(QZ4:QZ195) | RA197: =SUM(RA4:RA195) | RB197: =SUM(RB4:RB195) | RC197: =SUM(RC4:RC195) | RE197: =SUM(RE4:RE195) | RF197: =SUM(RF4:RF195) | RG197: =SUM(RG4:RG195) | RH197: =SUM(RH4:RH195) | RI197: =SUM(RI4:RI195) | RJ197: =SUM(RJ4:RJ195) | RL197: =SUM(RL4:RL195) | RM197: =SUM(RM4:RM195) | RN197: =SUM(RN4:RN195) | RO197: =SUM(RO4:RO195) | RP197: =SUM(RP4:RP195) | RQ197: =SUM(RQ4:RQ195) | RS197: =SUM(RS4:RS195) | RT197: =SUM(RT4:RT195) | RU197: =SUM(RU4:RU195) | RV197: =SUM(RV4:RV195) | RW197: =SUM(RW4:RW195) | RX197: =SUM(RX4:RX195) | RZ197: =SUM(RZ4:RZ195) | SA197: =SUM(SA4:SA195) | SB197: =SUM(SB4:SB195) | SC197: =SUM(SC4:SC195) | SD197: =SUM(SD4:SD195) | SE197: =SUM(SE4:SE195) | SG197: =SUM(SG4:SG195) | SH197: =SUM(SH4:SH195) | SI197: =SUM(SI4:SI195) | SJ197: =SUM(SJ4:SJ195) | SK197: =SUM(SK4:SK195) | SL197: =SUM(SL4:SL195) | SN197: =SUM(SN4:SN195) | SO197: =SUM(SO4:SO195) | SP197: =SUM(SP4:SP195) | SQ197: =SUM(SQ4:SQ195) | SR197: =SUM(SR4:SR195) | SS197: =SUM(SS4:SS195) | ST197: =SUM(ST4:ST195) | SV197: =SUM(SV4:SV195) | SW197: =SUM(SW4:SW195) | SX197: =SUM(SX4:SX195) | SY197: =SUM(SY4:SY195) | SZ197: =SUM(SZ4:SZ195) | TA197: =SUM(TA4:TA195) | TC197: =SUM(TC4:TC195) | TD197: =SUM(TD4:TD195) | TE197: =SUM(TE4:TE195) | TF197: =SUM(TF4:TF195) | TG197: =SUM(TG4:TG195) | TH197: =SUM(TH4:TH195) | TJ197: =SUM(TJ4:TJ195) | TK197: =SUM(TK4:TK195) | TL197: =SUM(TL4:TL195) | TM197: =SUM(TM4:TM195) | TN197: =SUM(TN4:TN195) | TO197: =SUM(TO4:TO195) | TQ197: =SUM(TQ4:TQ195) | TR197: =SUM(TR4:TR195) | TS197: =SUM(TS4:TS195) | TT197: =SUM(TT4:TT195) | TU197: =SUM(TU4:TU195) | TV197: =SUM(TV4:TV195) | TX197: =SUM(TX4:TX195) | TY197: =SUM(TY4:TY195) | TZ197: =SUM(TZ4:TZ195) | UA197: =SUM(UA4:UA195) | UB197: =SUM(UB4:UB195) | UC197: =SUM(UC4:UC195) | UE197: =SUM(UE4:UE195) | UF197: =SUM(UF4:UF195) | UG197: =SUM(UG4:UG195) | UH197: =SUM(UH4:UH195) | UI197: =SUM(UI4:UI195) | UJ197: =SUM(UJ4:UJ195) | UL197: =SUM(UL4:UL195) | UM197: =SUM(UM4:UM195) | UN197: =SUM(UN4:UN195) | UO197: =SUM(UO4:UO195) | UP197: =SUM(UP4:UP195) | UQ197: =SUM(UQ4:UQ195) | US197: =SUM(US4:US195) | UT197: =SUM(UT4:UT195) | UU197: =SUM(UU4:UU195) | UV197: =SUM(UV4:UV195) | UW197: =SUM(UW4:UW195) | UX197: =SUM(UX4:UX195) | UY197: =SUM(UY4:UY195) | VA197: =SUM(VA4:VA195) | VB197: =SUM(VB4:VB195) | VC197: =SUM(VC4:VC195) | VD197: =SUM(VD4:VD195) | VE197: =SUM(VE4:VE195) | VF197: =SUM(VF4:VF195) | VH197: =SUM(VH4:VH195) | VI197: =SUM(VI4:VI195) | VJ197: =SUM(VJ4:VJ195) | VK197: =SUM(VK4:VK195) | VL197: =SUM(VL4:VL195) | VM197: =SUM(VM4:VM195) | VO197: =SUM(VO4:VO195) | VP197: =SUM(VP4:VP195) | VQ197: =SUM(VQ4:VQ195) | VR197: =SUM(VR4:VR195) | VS197: =SUM(VS4:VS195) | VT197: =SUM(VT4:VT195) | VV197: =SUM(VV4:VV195) | VW197: =SUM(VW4:VW195) | VX197: =SUM(VX4:VX195) | VY197: =SUM(VY4:VY195) | VZ197: =SUM(VZ4:VZ195) | WA197: =SUM(WA4:WA195) | WC197: =SUM(WC4:WC195) | WD197: =SUM(WD4:WD195) | WE197: =SUM(WE4:WE195) | WF197: =SUM(WF4:WF195) | WG197: =SUM(WG4:WG195) | WH197: =SUM(WH4:WH195) | WJ197: =SUM(WJ4:WJ195) | WK197: =SUM(WK4:WK195) | WL197: =SUM(WL4:WL195) | WM197: =SUM(WM4:WM195) | WN197: =SUM(WN4:WN195) | WO197: =SUM(WO4:WO195) | WQ197: =SUM(WQ4:WQ195) | WR197: =SUM(WR4:WR195) | WS197: =SUM(WS4:WS195) | WT197: =SUM(WT4:WT195) | WU197: =SUM(WU4:WU195) | WV197: =SUM(WV4:WV195) | WX197: =SUM(WX4:WX195) | WY197: =SUM(WY4:WY195) | WZ197: =SUM(WZ4:WZ195) | XA197: =SUM(XA4:XA195) | XB197: =SUM(XB4:XB195) | XC197: =SUM(XC4:XC195) | XD197: =SUM(XD4:XD195) | XF197: =SUM(XF4:XF195) | XG197: =SUM(XG4:XG195) | XH197: =SUM(XH4:XH195) | XI197: =SUM(XI4:XI195) | XJ197: =SUM(XJ4:XJ195) | XK197: =SUM(XK4:XK195) | XM197: =SUM(XM4:XM195) | XN197: =SUM(XN4:XN195) | XO197: =SUM(XO4:XO195) | XP197: =SUM(XP4:XP195) | XQ197: =SUM(XQ4:XQ195) | XR197: =SUM(XR4:XR195) | XT197: =SUM(XT4:XT195) | XU197: =SUM(XU4:XU195) | XV197: =SUM(XV4:XV195) | XW197: =SUM(XW4:XW195) | XX197: =SUM(XX4:XX195) | XY197: =SUM(XY4:XY195) | YA197: =SUM(YA4:YA195) | YB197: =SUM(YB4:YB195) | YC197: =SUM(YC4:YC195) | YD197: =SUM(YD4:YD195) | YE197: =SUM(YE4:YE195) | YF197: =SUM(YF4:YF195) | YH197: =SUM(YH4:YH195) | YI197: =SUM(YI4:YI195) | YJ197: =SUM(YJ4:YJ195) | YK197: =SUM(YK4:YK195) | YL197: =SUM(YL4:YL195) | YM197: =SUM(YM4:YM195) | YO197: =SUM(YO4:YO195) | YP197: =SUM(YP4:YP195) | YQ197: =SUM(YQ4:YQ195) | YR197: =SUM(YR4:YR195) | YS197: =SUM(YS4:YS195) | YT197: =SUM(YT4:YT195) | YV197: =SUM(YV4:YV195) | YW197: =SUM(YW4:YW195) | YX197: =SUM(YX4:YX195) | YY197: =SUM(YY4:YY195) | YZ197: =SUM(YZ4:YZ195) | ZA197: =SUM(ZA4:ZA195) | ZC197: =SUM(ZC4:ZC195) | ZD197: =SUM(ZD4:ZD195) | ZE197: =SUM(ZE4:ZE195) | ZF197: =SUM(ZF4:ZF195) | ZG197: =SUM(ZG4:ZG195) | ZH197: =SUM(ZH4:ZH195) | ZI197: =SUM(ZI4:ZI195) | ZK197: =SUM(ZK4:ZK195) | ZL197: =SUM(ZL4:ZL195) | ZM197: =SUM(ZM4:ZM195) | ZN197: =SUM(ZN4:ZN195) | ZO197: =SUM(ZO4:ZO195) | ZP197: =SUM(ZP4:ZP195) | ZR197: =SUM(ZR4:ZR195) | ZS197: =SUM(ZS4:ZS195) | ZT197: =SUM(ZT4:ZT195) | ZU197: =SUM(ZU4:ZU195) | ZV197: =SUM(ZV4:ZV195) | ZW197: =SUM(ZW4:ZW195) | ZY197: =SUM(ZY4:ZY195) | ZZ197: =SUM(ZZ4:ZZ195) | AAA197: =SUM(AAA4:AAA195) | AAB197: =SUM(AAB4:AAB195) | AAC197: =SUM(AAC4:AAC195) | AAD197: =SUM(AAD4:AAD195) | AAF197: =SUM(AAF4:AAF195) | AAG197: =SUM(AAG4:AAG195) | AAH197: =SUM(AAH4:AAH195) | AAI197: =SUM(AAI4:AAI195) | AAJ197: =SUM(AAJ4:AAJ195) | AAK197: =SUM(AAK4:AAK195) | AAM197: =SUM(AAM4:AAM195) | AAN197: =SUM(AAN4:AAN195) | AAO197: =SUM(AAO4:AAO195) | AAP197: =SUM(AAP4:AAP195) | AAQ197: =SUM(AAQ4:AAQ195) | AAR197: =SUM(AAR4:AAR195) | AAT197: =SUM(AAT4:AAT195) | AAU197: =SUM(AAU4:AAU195) | AAV197: =SUM(AAV4:AAV195) | AAW197: =SUM(AAW4:AAW195) | AAX197: =SUM(AAX4:AAX195) | AAY197: =SUM(AAY4:AAY195) | ABA197: =SUM(ABA4:ABA195) | ABB197: =SUM(ABB4:ABB195) | ABC197: =SUM(ABC4:ABC195) | ABD197: =SUM(ABD4:ABD195) | ABE197: =SUM(ABE4:ABE195) | ABF197: =SUM(ABF4:ABF195) | ABH197: =SUM(ABH4:ABH195) | ABI197: =SUM(ABI4:ABI195) | ABJ197: =SUM(ABJ4:ABJ195) | ABK197: =SUM(ABK4:ABK195) | ABL197: =SUM(ABL4:ABL195) | ABM197: =SUM(ABM4:ABM195) | ABN197: =SUM(ABN4:ABN195) | ABP197: =SUM(ABP4:ABP195) | ABQ197: =SUM(ABQ4:ABQ195) | ABR197: =SUM(ABR4:ABR195) | ABS197: =SUM(ABS4:ABS195) | ABT197: =SUM(ABT4:ABT195) | ABU197: =SUM(ABU4:ABU195) | ABW197: =SUM(ABW4:ABW195) | ABX197: =SUM(ABX4:ABX195) | ABY197: =SUM(ABY4:ABY195) | ABZ197: =SUM(ABZ4:ABZ195) | ACA197: =SUM(ACA4:ACA195) | ACB197: =SUM(ACB4:ACB195) | ACD197: =SUM(ACD4:ACD195) | ACE197: =SUM(ACE4:ACE195) | ACF197: =SUM(ACF4:ACF195) | ACG197: =SUM(ACG4:ACG195) | ACH197: =SUM(ACH4:ACH195) | ACI197: =SUM(ACI4:ACI195) | ACK197: =SUM(ACK4:ACK195) | ACL197: =SUM(ACL4:ACL195) | ACM197: =SUM(ACM4:ACM195) | ACN197: =SUM(ACN4:ACN195) | ACO197: =SUM(ACO4:ACO195) | ACP197: =SUM(ACP4:ACP195) | ACR197: =SUM(ACR4:ACR195) | ACS197: =SUM(ACS4:ACS195) | ACT197: =SUM(ACT4:ACT195) | ACU197: =SUM(ACU4:ACU195) | ACV197: =SUM(ACV4:ACV195) | ACW197: =SUM(ACW4:ACW195) | ACY197: =SUM(ACY4:ACY195) | ACZ197: =SUM(ACZ4:ACZ195) | ADA197: =SUM(ADA4:ADA195) | ADB197: =SUM(ADB4:ADB195) | ADC197: =SUM(ADC4:ADC195) | ADD197: =SUM(ADD4:ADD195) | ADF197: =SUM(ADF4:ADF195) | ADG197: =SUM(ADG4:ADG195) | ADH197: =SUM(ADH4:ADH195) | ADI197: =SUM(ADI4:ADI195) | ADJ197: =SUM(ADJ4:ADJ195) | ADK197: =SUM(ADK4:ADK195) | ADM197: =SUM(ADM4:ADM195) | ADN197: =SUM(ADN4:ADN195) | ADO197: =SUM(ADO4:ADO195) | ADP197: =SUM(ADP4:ADP195) | ADQ197: =SUM(ADQ4:ADQ195) | ADR197: =SUM(ADR4:ADR195) | ADS197: =SUM(ADS4:ADS195) | ADU197: =SUM(ADU4:ADU195) | ADV197: =SUM(ADV4:ADV195) | ADW197: =SUM(ADW4:ADW195) | ADX197: =SUM(ADX4:ADX195) | ADY197: =SUM(ADY4:ADY195) | ADZ197: =SUM(ADZ4:ADZ195) | AEB197: =SUM(AEB4:AEB195) | AEC197: =SUM(AEC4:AEC195) | AED197: =SUM(AED4:AED195) | AEE197: =SUM(AEE4:AEE195) | AEF197: =SUM(AEF4:AEF195) | AEG197: =SUM(AEG4:AEG195) | AEI197: =SUM(AEI4:AEI195) | AEJ197: =SUM(AEJ4:AEJ195) | AEK197: =SUM(AEK4:AEK195) | AEL197: =SUM(AEL4:AEL195) | AEM197: =SUM(AEM4:AEM195) | AEN197: =SUM(AEN4:AEN195) | AEP197: =SUM(AEP4:AEP195) | AEQ197: =SUM(AEQ4:AEQ195) | AER197: =SUM(AER4:AER195) | AES197: =SUM(AES4:AES195) | AET197: =SUM(AET4:AET195) | AEU197: =SUM(AEU4:AEU195) | AEW197: =SUM(AEW4:AEW195) | AEX197: =SUM(AEX4:AEX195) | AEY197: =SUM(AEY4:AEY195) | AEZ197: =SUM(AEZ4:AEZ195) | AFA197: =SUM(AFA4:AFA195) | AFB197: =SUM(AFB4:AFB195) | AFD197: =SUM(AFD4:AFD195) | AFE197: =SUM(AFE4:AFE195) | AFF197: =SUM(AFF4:AFF195) | AFG197: =SUM(AFG4:AFG195) | AFH197: =SUM(AFH4:AFH195) | AFI197: =SUM(AFI4:AFI195) | AFK197: =SUM(AFK4:AFK195) | AFL197: =SUM(AFL4:AFL195) | AFM197: =SUM(AFM4:AFM195) | AFN197: =SUM(AFN4:AFN195) | AFO197: =SUM(AFO4:AFO195) | AFP197: =SUM(AFP4:AFP195) | AFR197: =SUM(AFR4:AFR195) | AFS197: =SUM(AFS4:AFS195) | AFT197: =SUM(AFT4:AFT195) | AFU197: =SUM(AFU4:AFU195) | AFV197: =SUM(AFV4:AFV195) | AFW197: =SUM(AFW4:AFW195) | AFX197: =SUM(AFX4:AFX195) | AFZ197: =SUM(AFZ4:AFZ195) | AGA197: =SUM(AGA4:AGA195) | AGB197: =SUM(AGB4:AGB195) | AGC197: =SUM(AGC4:AGC195) | AGD197: =SUM(AGD4:AGD195) | AGE197: =SUM(AGE4:AGE195) | AGG197: =SUM(AGG4:AGG195) | AGH197: =SUM(AGH4:AGH195) | AGI197: =SUM(AGI4:AGI195) | AGJ197: =SUM(AGJ4:AGJ195) | AGK197: =SUM(AGK4:AGK195) | AGL197: =SUM(AGL4:AGL195) | AGN197: =SUM(AGN4:AGN195) | AGO197: =SUM(AGO4:AGO195) | AGP197: =SUM(AGP4:AGP195) | AGQ197: =SUM(AGQ4:AGQ195) | AGR197: =SUM(AGR4:AGR195) | AGS197: =SUM(AGS4:AGS195) | AGU197: =SUM(AGU4:AGU195) | AGV197: =SUM(AGV4:AGV195) | AGW197: =SUM(AGW4:AGW195) | AGX197: =SUM(AGX4:AGX195) | AGY197: =SUM(AGY4:AGY195) | AGZ197: =SUM(AGZ4:AGZ195) | AHB197: =SUM(AHB4:AHB195) | AHC197: =SUM(AHC4:AHC195) | AHD197: =SUM(AHD4:AHD195) | AHE197: =SUM(AHE4:AHE195) | AHF197: =SUM(AHF4:AHF195) | AHG197: =SUM(AHG4:AHG195) | AHI197: =SUM(AHI4:AHI195) | AHJ197: =SUM(AHJ4:AHJ195) | AHK197: =SUM(AHK4:AHK195) | AHL197: =SUM(AHL4:AHL195) | AHM197: =SUM(AHM4:AHM195) | AHN197: =SUM(AHN4:AHN195) | AHP197: =SUM(AHP4:AHP195) | AHQ197: =SUM(AHQ4:AHQ195) | AHR197: =SUM(AHR4:AHR195) | AHS197: =SUM(AHS4:AHS195) | AHT197: =SUM(AHT4:AHT195) | AHU197: =SUM(AHU4:AHU195) | AHW197: =SUM(AHW4:AHW195) | AHX197: =SUM(AHX4:AHX195) | AHY197: =SUM(AHY4:AHY195) | AHZ197: =SUM(AHZ4:AHZ195) | AIA197: =SUM(AIA4:AIA195) | AIB197: =SUM(AIB4:AIB195) | AIC197: =SUM(AIC4:AIC195) | AIE197: =SUM(AIE4:AIE195) | AIF197: =SUM(AIF4:AIF195) | AIG197: =SUM(AIG4:AIG195) | AIH197: =SUM(AIH4:AIH195) | AII197: =SUM(AII4:AII195) | AIJ197: =SUM(AIJ4:AIJ195) | AIL197: =SUM(AIL4:AIL195) | AIM197: =SUM(AIM4:AIM195) | AIN197: =SUM(AIN4:AIN195) | AIO197: =SUM(AIO4:AIO195) | AIP197: =SUM(AIP4:AIP195) | AIQ197: =SUM(AIQ4:AIQ195) | AIS197: =SUM(AIS4:AIS195) | AIT197: =SUM(AIT4:AIT195) | AIU197: =SUM(AIU4:AIU195) | AIV197: =SUM(AIV4:AIV195) | AIW197: =SUM(AIW4:AIW195) | AIX197: =SUM(AIX4:AIX195) | AIZ197: =SUM(AIZ4:AIZ195) | AJA197: =SUM(AJA4:AJA195) | AJB197: =SUM(AJB4:AJB195) | AJC197: =SUM(AJC4:AJC195) | AJD197: =SUM(AJD4:AJD195) | AJE197: =SUM(AJE4:AJE195) | AJG197: =SUM(AJG4:AJG195) | AJH197: =SUM(AJH4:AJH195) | AJI197: =SUM(AJI4:AJI195) | AJJ197: =SUM(AJJ4:AJJ195) | AJK197: =SUM(AJK4:AJK195) | AJL197: =SUM(AJL4:AJL195) | AJN197: =SUM(AJN4:AJN195) | AJO197: =SUM(AJO4:AJO195) | AJP197: =SUM(AJP4:AJP195) | AJQ197: =SUM(AJQ4:AJQ195) | AJR197: =SUM(AJR4:AJR195) | AJS197: =SUM(AJS4:AJS195) | AJU197: =SUM(AJU4:AJU195) | AJV197: =SUM(AJV4:AJV195) | AJW197: =SUM(AJW4:AJW195) | AJX197: =SUM(AJX4:AJX195) | AJY197: =SUM(AJY4:AJY195) | AJZ197: =SUM(AJZ4:AJZ195) | AKB197: =SUM(AKB4:AKB195) | AKC197: =SUM(AKC4:AKC195) | AKD197: =SUM(AKD4:AKD195) | AKE197: =SUM(AKE4:AKE195) | AKF197: =SUM(AKF4:AKF195) | AKG197: =SUM(AKG4:AKG195) | AKH197: =SUM(AKH4:AKH195) | AKJ197: =SUM(AKJ4:AKJ195) | AKK197: =SUM(AKK4:AKK195) | AKL197: =SUM(AKL4:AKL195) | AKM197: =SUM(AKM4:AKM195) | AKN197: =SUM(AKN4:AKN195) | AKO197: =SUM(AKO4:AKO195) | AKQ197: =SUM(AKQ4:AKQ195) | AKR197: =SUM(AKR4:AKR195) | AKS197: =SUM(AKS4:AKS195) | AKT197: =SUM(AKT4:AKT195) | AKU197: =SUM(AKU4:AKU195) | AKV197: =SUM(AKV4:AKV195) | AKX197: =SUM(AKX4:AKX195) | AKY197: =SUM(AKY4:AKY195) | AKZ197: =SUM(AKZ4:AKZ195) | ALA197: =SUM(ALA4:ALA195) | ALB197: =SUM(ALB4:ALB195) | ALC197: =SUM(ALC4:ALC195) | ALE197: =SUM(ALE4:ALE195) | ALF197: =SUM(ALF4:ALF195) | ALG197: =SUM(ALG4:ALG195) | ALH197: =SUM(ALH4:ALH195) | ALI197: =SUM(ALI4:ALI195) | ALJ197: =SUM(ALJ4:ALJ195) | ALL197: =SUM(ALL4:ALL195) | ALM197: =SUM(ALM4:ALM195) | ALN197: =SUM(ALN4:ALN195) | ALO197: =SUM(ALO4:ALO195) | ALP197: =SUM(ALP4:ALP195) | ALQ197: =SUM(ALQ4:ALQ195) | ALS197: =SUM(ALS4:ALS195) | ALT197: =SUM(ALT4:ALT195) | ALU197: =SUM(ALU4:ALU195) | ALV197: =SUM(ALV4:ALV195) | ALW197: =SUM(ALW4:ALW195) | ALX197: =SUM(ALX4:ALX195) | ALZ197: =SUM(ALZ4:ALZ195) | AMA197: =SUM(AMA4:AMA195) | AMB197: =SUM(AMB4:AMB195) | AMC197: =SUM(AMC4:AMC195) | AMD197: =SUM(AMD4:AMD195) | AME197: =SUM(AME4:AME195) | AMG197: =SUM(AMG4:AMG195) | AMH197: =SUM(AMH4:AMH195) | AMI197: =SUM(AMI4:AMI195) | AMJ197: =SUM(AMJ4:AMJ195) | AMK197: =SUM(AMK4:AMK195) | AML197: =SUM(AML4:AML195) | AMM197: =SUM(AMM4:AMM195) | AMO197: =SUM(AMO4:AMO195) | AMP197: =SUM(AMP4:AMP195) | AMQ197: =SUM(AMQ4:AMQ195) | AMR197: =SUM(AMR4:AMR195) | AMS197: =SUM(AMS4:AMS195) | AMT197: =SUM(AMT4:AMT195) | AMV197: =SUM(AMV4:AMV195) | AMW197: =SUM(AMW4:AMW195) | AMX197: =SUM(AMX4:AMX195) | AMY197: =SUM(AMY4:AMY195) | AMZ197: =SUM(AMZ4:AMZ195) | ANA197: =SUM(ANA4:ANA195) | ANC197: =SUM(ANC4:ANC195) | AND197: =SUM(AND4:AND195) | ANE197: =SUM(ANE4:ANE195) | ANF197: =SUM(ANF4:ANF195) | ANG197: =SUM(ANG4:ANG195) | ANH197: =SUM(ANH4:ANH195) | ANJ197: =SUM(ANJ4:ANJ195) | ANK197: =SUM(ANK4:ANK195) | ANL197: =SUM(ANL4:ANL195) | ANM197: =SUM(ANM4:ANM195) | ANN197: =SUM(ANN4:ANN195) | ANO197: =SUM(ANO4:ANO195) | ANQ197: =SUM(ANQ4:ANQ195) | ANR197: =SUM(ANR4:ANR195) | ANS197: =SUM(ANS4:ANS195) | ANT197: =SUM(ANT4:ANT195) | ANU197: =SUM(ANU4:ANU195) | ANV197: =SUM(ANV4:ANV195) | ANX197: =SUM(ANX4:ANX195) | ANY197: =SUM(ANY4:ANY195) | ANZ197: =SUM(ANZ4:ANZ195) | AOA197: =SUM(AOA4:AOA195) | AOB197: =SUM(AOB4:AOB195) | AOC197: =SUM(AOC4:AOC195) | AOE197: =SUM(AOE4:AOE195) | AOF197: =SUM(AOF4:AOF195) | AOG197: =SUM(AOG4:AOG195) | AOH197: =SUM(AOH4:AOH195) | AOI197: =SUM(AOI4:AOI195) | AOJ197: =SUM(AOJ4:AOJ195) | AOL197: =SUM(AOL4:AOL195) | AOM197: =SUM(AOM4:AOM195) | AON197: =SUM(AON4:AON195) | AOO197: =SUM(AOO4:AOO195) | AOP197: =SUM(AOP4:AOP195) | AOQ197: =SUM(AOQ4:AOQ195) | AOR197: =SUM(AOR4:AOR195) | AOT197: =SUM(AOT4:AOT195) | AOU197: =SUM(AOU4:AOU195) | AOV197: =SUM(AOV4:AOV195) | AOW197: =SUM(AOW4:AOW195) | AOX197: =SUM(AOX4:AOX195) | AOY197: =SUM(AOY4:AOY195) | APA197: =SUM(APA4:APA195) | APB197: =SUM(APB4:APB195) | APC197: =SUM(APC4:APC195) | APD197: =SUM(APD4:APD195) | APE197: =SUM(APE4:APE195) | APF197: =SUM(APF4:APF195) | APH197: =SUM(APH4:APH195) | API197: =SUM(API4:API195) | APJ197: =SUM(APJ4:APJ195) | APK197: =SUM(APK4:APK195) | APL197: =SUM(APL4:APL195) | APM197: =SUM(APM4:APM195) | APO197: =SUM(APO4:APO195) | APP197: =SUM(APP4:APP195) | APQ197: =SUM(APQ4:APQ195) | APR197: =SUM(APR4:APR195) | APS197: =SUM(APS4:APS195) | APT197: =SUM(APT4:APT195) | APV197: =SUM(APV4:APV195) | APW197: =SUM(APW4:APW195) | APX197: =SUM(APX4:APX195) | APY197: =SUM(APY4:APY195) | APZ197: =SUM(APZ4:APZ195) | AQA197: =SUM(AQA4:AQA195) | AQC197: =SUM(AQC4:AQC195) | AQD197: =SUM(AQD4:AQD195) | AQE197: =SUM(AQE4:AQE195) | AQF197: =SUM(AQF4:AQF195) | AQG197: =SUM(AQG4:AQG195) | AQH197: =SUM(AQH4:AQH195) | AQJ197: =SUM(AQJ4:AQJ195) | AQK197: =SUM(AQK4:AQK195) | AQL197: =SUM(AQL4:AQL195) | AQM197: =SUM(AQM4:AQM195) | AQN197: =SUM(AQN4:AQN195) | AQO197: =SUM(AQO4:AQO195) | AQQ197: =SUM(AQQ4:AQQ195) | AQR197: =SUM(AQR4:AQR195) | AQS197: =SUM(AQS4:AQS195) | AQT197: =SUM(AQT4:AQT195) | AQU197: =SUM(AQU4:AQU195) | AQV197: =SUM(AQV4:AQV195) | AQW197: =SUM(AQW4:AQW195)

Sheet Feed Data
D1: 01Nov - 07Nov2026 | K1: 08Nov - 14Nov2026 | R1: 15Nov - 21Nov2026 | Y1: 22Nov - 28Nov2026 | AF1: 29Nov - 05Dec2026 | AM1: 06Dec - 12Dec2026 | AT1: 13Dec - 19Dec2026 | BA1: 20Dec - 26Dec2026 | BH1: 27Dec - 02Jan2027 | BO1: 03Jan - 09Jan2027 | BV1: 10Jan - 16Jan2027 | CC1: 17Jan - 23Jan2027 | CJ1: 24Jan - 30Jan2027 | CQ1: 31Jan - 06Feb2027 | CX1: 07Feb - 13Feb2027 | DE1: 14Feb - 20Feb2027 | DL1: 21Feb - 27Feb2027 | DS1: 28Feb - 06Mar2027 | DZ1: 07Mar - 13Mar2027 | EG1: 14Mar - 20Mar2027
D2: 1W | K2: 2W | R2: 3W | Y2: 4W | AF2: 5W | AM2: 6W | AT2: 7W | BA2: 8W | BH2: 9W | BO2: 10W | BV2: 11W | CC2: 12W | CJ2: 13W | CQ2: 14W | CX2: 15W | DE2: 16W | DL2: 17W | DS2: 18W | DZ2: 19W | EG2: 20W
A3: Pen Number | B3: Treatment Number | D3: Bird # | E3: Feed Allocation | F3: Feed Orts | G3: Weekly Pen FI 1W | H3: Weekly Ave Bird FI 1W | I3: FCR 1W | K3: Bird # | L3: Feed Allocation | M3: Feed Orts | N3: Weekly Pen FI 2W | O3: Weekly Ave Bird FI 2W | P3: FCR 2W | R3: Bird # | S3: Feed Allocation | T3: Feed Orts | U3: Weekly Pen FI 3W | V3: Weekly Ave Bird FI 3W | W3: FCR 3W | Y3: Bird # | Z3: Feed Allocation | AA3: Feed Orts | AB3: Weekly Pen FI 4W | AC3: Weekly Ave Bird FI 4W | AD3: FCR 4W | AF3: Bird # | AG3: Feed Allocation | AH3: Feed Orts | AI3: Weekly Pen FI 5W | AJ3: Weekly Ave Bird FI 5W | AK3: FCR 5W | AM3: Bird # | AN3: Feed Allocation | AO3: Feed Orts | AP3: Weekly Pen FI 6W | AQ3: Weekly Ave Bird FI 6W | AR3: FCR 6W | AT3: Bird # | AU3: Feed Allocation | AV3: Feed Orts | AW3: Weekly Pen FI 7W | AX3: Weekly Ave Bird FI 7W | AY3: FCR 7W | BA3: Bird # | BB3: Feed Allocation | BC3: Feed Orts | BD3: Weekly Pen FI 8W | BE3: Weekly Ave Bird FI 8W | BF3: FCR 8W | BH3: Bird # | BI3: Feed Allocation | BJ3: Feed Orts | BK3: Weekly Pen FI 9W | BL3: Weekly Ave Bird FI 9W | BM3: FCR 9W | BO3: Bird # | BP3: Feed Allocation | BQ3: Feed Orts | BR3: Weekly Pen FI 10W | BS3: Weekly Ave Bird FI 10W | BT3: FCR 10W | BV3: Bird # | BW3: Feed Allocation | BX3: Feed Orts | BY3: Weekly Pen FI 11W | BZ3: Weekly Ave Bird FI 11W | CA3: FCR 11W | CC3: Bird # | CD3: Feed Allocation | CE3: Feed Orts | CF3: Weekly Pen FI 12W | CG3: Weekly Ave Bird FI 12W | CH3: FCR 12W | CJ3: Bird # | CK3: Feed Allocation | CL3: Feed Orts | CM3: Weekly Pen FI 13W | CN3: Weekly Ave Bird FI 13W | CO3: FCR 13W | CQ3: Bird # | CR3: Feed Allocation | CS3: Feed Orts | CT3: Weekly Pen FI 14W | CU3: Weekly Ave Bird FI 14W | CV3: FCR 14W | CX3: Bird # | CY3: Feed Allocation | CZ3: Feed Orts | DA3: Weekly Pen FI 15W | DB3: Weekly Ave Bird FI 15W | DC3: FCR 15W | DE3: Bird # | DF3: Feed Allocation | DG3: Feed Orts | DH3: Weekly Pen FI 16W | DI3: Weekly Ave Bird FI 16W | DJ3: FCR 16W | DL3: Bird # | DM3: Feed Allocation | DN3: Feed Orts | DO3: Weekly Pen FI 17W | DP3: Weekly Ave Bird FI 17W | DQ3: FCR 17W | DS3: Bird # | DT3: Feed Allocation | DU3: Feed Orts | DV3: Weekly Pen FI 18W | DW3: Weekly Ave Bird FI 18W | DX3: FCR 18W | DZ3: Bird # | EA3: Feed Allocation | EB3: Feed Orts | EC3: Weekly Pen FI 19W | ED3: Weekly Ave Bird FI 19W | EE3: FCR 19W | EG3: Bird # | EH3: Feed Allocation | EI3: Feed Orts | EJ3: Weekly Pen FI 20W | EK3: Weekly Ave Bird FI 20W | EL3: FCR 20W
A4: 1 | D4: 7 | G4: =E4-F4 | H4: =G4/D4 | I4: =IFERROR((G4*1000)/'Egg Data'!BC4,"") | K4: 7 | N4: =L4-M4 | O4: =N4/K4 | P4: =IFERROR((N4*1000)/'Egg Data'!DH4,"") | R4: 7 | U4: =S4-T4 | V4: =U4/R4 | W4: =IFERROR((U4*1000)/'Egg Data'!FM4,"") | Y4: 7 | AB4: =Z4-AA4 | AC4: =AB4/Y4 | AD4: =IFERROR((AB4*1000)/'Egg Data'!HR4,"") | AF4: 7 | AI4: =AG4-AH4 | AJ4: =AI4/AF4 | AK4: =IFERROR((AI4*1000)/'Egg Data'!JW4,"") | AM4: 7 | AP4: =AN4-AO4 | AQ4: =AP4/AM4 | AR4: =IFERROR((AP4*1000)/'Egg Data'!MB4,"") | AT4: 7 | AW4: =AU4-AV4 | AX4: =AW4/AT4 | AY4: =IFERROR((AW4*1000)/'Egg Data'!OG4,"") | BA4: 7 | BD4: =BB4-BC4 | BE4: =BD4/BA4 | BF4: =IFERROR((BD4*1000)/'Egg Data'!QL4,"") | BH4: 7 | BK4: =BI4-BJ4 | BL4: =BK4/BH4 | BM4: =IFERROR((BK4*1000)/'Egg Data'!SQ4,"") | BO4: 7 | BR4: =BP4-BQ4 | BS4: =BR4/BO4 | BT4: =IFERROR((BR4*1000)/'Egg Data'!UV4,"") | BV4: 7 | BY4: =BW4-BX4 | BZ4: =BY4/BV4 | CA4: =IFERROR((BY4*1000)/'Egg Data'!XA4,"") | CC4: 7 | CF4: =CD4-CE4 | CG4: =CF4/CC4 | CH4: =IFERROR((CF4*1000)/'Egg Data'!ZF4,"") | CJ4: 7 | CM4: =CK4-CL4 | CN4: =CM4/CJ4 | CO4: =IFERROR((CM4*1000)/'Egg Data'!ABK4,"") | CQ4: 7 | CT4: =CR4-CS4 | CU4: =CT4/CQ4 | CV4: =IFERROR((CT4*1000)/'Egg Data'!ADP4,"") | CX4: 7 | DA4: =CY4-CZ4 | DB4: =DA4/CX4 | DC4: =IFERROR((DA4*1000)/'Egg Data'!AFU4,"") | DE4: 7 | DH4: =DF4-DG4 | DI4: =DH4/DE4 | DJ4: =IFERROR((DH4*1000)/'Egg Data'!AHZ4,"") | DL4: 7 | DO4: =DM4-DN4 | DP4: =DO4/DL4 | DQ4: =IFERROR((DO4*1000)/'Egg Data'!AKE4,"") | DS4: 7 | DV4: =DT4-DU4 | DW4: =DV4/DS4 | DX4: =IFERROR((DV4*1000)/'Egg Data'!AMJ4,"") | DZ4: 7 | EC4: =EA4-EB4 | ED4: =EC4/DZ4 | EE4: =IFERROR((EC4*1000)/'Egg Data'!AOO4,"") | EG4: 7 | EJ4: =EH4-EI4 | EK4: =EJ4/EG4 | EL4: =IFERROR((EJ4*1000)/'Egg Data'!AQT4,"")
A5: 2 | D5: 7 | G5: =E5-F5 | H5: =G5/D5 | I5: =IFERROR((G5*1000)/'Egg Data'!BC5,"") | K5: 7 | N5: =L5-M5 | O5: =N5/K5 | P5: =IFERROR((N5*1000)/'Egg Data'!DH5,"") | R5: 7 | U5: =S5-T5 | V5: =U5/R5 | W5: =IFERROR((U5*1000)/'Egg Data'!FM5,"") | Y5: 7 | AB5: =Z5-AA5 | AC5: =AB5/Y5 | AD5: =IFERROR((AB5*1000)/'Egg Data'!HR5,"") | AF5: 7 | AI5: =AG5-AH5 | AJ5: =AI5/AF5 | AK5: =IFERROR((AI5*1000)/'Egg Data'!JW5,"") | AM5: 7 | AP5: =AN5-AO5 | AQ5: =AP5/AM5 | AR5: =IFERROR((AP5*1000)/'Egg Data'!MB5,"") | AT5: 7 | AW5: =AU5-AV5 | AX5: =AW5/AT5 | AY5: =IFERROR((AW5*1000)/'Egg Data'!OG5,"") | BA5: 7 | BD5: =BB5-BC5 | BE5: =BD5/BA5 | BF5: =IFERROR((BD5*1000)/'Egg Data'!QL5,"") | BH5: 7 | BK5: =BI5-BJ5 | BL5: =BK5/BH5 | BM5: =IFERROR((BK5*1000)/'Egg Data'!SQ5,"") | BO5: 7 | BR5: =BP5-BQ5 | BS5: =BR5/BO5 | BT5: =IFERROR((BR5*1000)/'Egg Data'!UV5,"") | BV5: 7 | BY5: =BW5-BX5 | BZ5: =BY5/BV5 | CA5: =IFERROR((BY5*1000)/'Egg Data'!XA5,"") | CC5: 7 | CF5: =CD5-CE5 | CG5: =CF5/CC5 | CH5: =IFERROR((CF5*1000)/'Egg Data'!ZF5,"") | CJ5: 7 | CM5: =CK5-CL5 | CN5: =CM5/CJ5 | CO5: =IFERROR((CM5*1000)/'Egg Data'!ABK5,"") | CQ5: 7 | CT5: =CR5-CS5 | CU5: =CT5/CQ5 | CV5: =IFERROR((CT5*1000)/'Egg Data'!ADP5,"") | CX5: 7 | DA5: =CY5-CZ5 | DB5: =DA5/CX5 | DC5: =IFERROR((DA5*1000)/'Egg Data'!AFU5,"") | DE5: 7 | DH5: =DF5-DG5 | DI5: =DH5/DE5 | DJ5: =IFERROR((DH5*1000)/'Egg Data'!AHZ5,"") | DL5: 7 | DO5: =DM5-DN5 | DP5: =DO5/DL5 | DQ5: =IFERROR((DO5*1000)/'Egg Data'!AKE5,"") | DS5: 7 | DV5: =DT5-DU5 | DW5: =DV5/DS5 | DX5: =IFERROR((DV5*1000)/'Egg Data'!AMJ5,"") | DZ5: 7 | EC5: =EA5-EB5 | ED5: =EC5/DZ5 | EE5: =IFERROR((EC5*1000)/'Egg Data'!AOO5,"") | EG5: 7 | EJ5: =EH5-EI5 | EK5: =EJ5/EG5 | EL5: =IFERROR((EJ5*1000)/'Egg Data'!AQT5,"")
A6: 3 | D6: 7 | G6: =E6-F6 | H6: =G6/D6 | I6: =IFERROR((G6*1000)/'Egg Data'!BC6,"") | K6: 7 | N6: =L6-M6 | O6: =N6/K6 | P6: =IFERROR((N6*1000)/'Egg Data'!DH6,"") | R6: 7 | U6: =S6-T6 | V6: =U6/R6 | W6: =IFERROR((U6*1000)/'Egg Data'!FM6,"") | Y6: 7 | AB6: =Z6-AA6 | AC6: =AB6/Y6 | AD6: =IFERROR((AB6*1000)/'Egg Data'!HR6,"") | AF6: 7 | AI6: =AG6-AH6 | AJ6: =AI6/AF6 | AK6: =IFERROR((AI6*1000)/'Egg Data'!JW6,"") | AM6: 7 | AP6: =AN6-AO6 | AQ6: =AP6/AM6 | AR6: =IFERROR((AP6*1000)/'Egg Data'!MB6,"") | AT6: 7 | AW6: =AU6-AV6 | AX6: =AW6/AT6 | AY6: =IFERROR((AW6*1000)/'Egg Data'!OG6,"") | BA6: 7 | BD6: =BB6-BC6 | BE6: =BD6/BA6 | BF6: =IFERROR((BD6*1000)/'Egg Data'!QL6,"") | BH6: 7 | BK6: =BI6-BJ6 | BL6: =BK6/BH6 | BM6: =IFERROR((BK6*1000)/'Egg Data'!SQ6,"") | BO6: 7 | BR6: =BP6-BQ6 | BS6: =BR6/BO6 | BT6: =IFERROR((BR6*1000)/'Egg Data'!UV6,"") | BV6: 7 | BY6: =BW6-BX6 | BZ6: =BY6/BV6 | CA6: =IFERROR((BY6*1000)/'Egg Data'!XA6,"") | CC6: 7 | CF6: =CD6-CE6 | CG6: =CF6/CC6 | CH6: =IFERROR((CF6*1000)/'Egg Data'!ZF6,"") | CJ6: 7 | CM6: =CK6-CL6 | CN6: =CM6/CJ6 | CO6: =IFERROR((CM6*1000)/'Egg Data'!ABK6,"") | CQ6: 7 | CT6: =CR6-CS6 | CU6: =CT6/CQ6 | CV6: =IFERROR((CT6*1000)/'Egg Data'!ADP6,"") | CX6: 7 | DA6: =CY6-CZ6 | DB6: =DA6/CX6 | DC6: =IFERROR((DA6*1000)/'Egg Data'!AFU6,"") | DE6: 7 | DH6: =DF6-DG6 | DI6: =DH6/DE6 | DJ6: =IFERROR((DH6*1000)/'Egg Data'!AHZ6,"") | DL6: 7 | DO6: =DM6-DN6 | DP6: =DO6/DL6 | DQ6: =IFERROR((DO6*1000)/'Egg Data'!AKE6,"") | DS6: 7 | DV6: =DT6-DU6 | DW6: =DV6/DS6 | DX6: =IFERROR((DV6*1000)/'Egg Data'!AMJ6,"") | DZ6: 7 | EC6: =EA6-EB6 | ED6: =EC6/DZ6 | EE6: =IFERROR((EC6*1000)/'Egg Data'!AOO6,"") | EG6: 7 | EJ6: =EH6-EI6 | EK6: =EJ6/EG6 | EL6: =IFERROR((EJ6*1000)/'Egg Data'!AQT6,"")
A7: 4 | D7: 7 | G7: =E7-F7 | H7: =G7/D7 | I7: =IFERROR((G7*1000)/'Egg Data'!BC7,"") | K7: 7 | N7: =L7-M7 | O7: =N7/K7 | P7: =IFERROR((N7*1000)/'Egg Data'!DH7,"") | R7: 7 | U7: =S7-T7 | V7: =U7/R7 | W7: =IFERROR((U7*1000)/'Egg Data'!FM7,"") | Y7: 7 | AB7: =Z7-AA7 | AC7: =AB7/Y7 | AD7: =IFERROR((AB7*1000)/'Egg Data'!HR7,"") | AF7: 7 | AI7: =AG7-AH7 | AJ7: =AI7/AF7 | AK7: =IFERROR((AI7*1000)/'Egg Data'!JW7,"") | AM7: 7 | AP7: =AN7-AO7 | AQ7: =AP7/AM7 | AR7: =IFERROR((AP7*1000)/'Egg Data'!MB7,"") | AT7: 7 | AW7: =AU7-AV7 | AX7: =AW7/AT7 | AY7: =IFERROR((AW7*1000)/'Egg Data'!OG7,"") | BA7: 7 | BD7: =BB7-BC7 | BE7: =BD7/BA7 | BF7: =IFERROR((BD7*1000)/'Egg Data'!QL7,"") | BH7: 7 | BK7: =BI7-BJ7 | BL7: =BK7/BH7 | BM7: =IFERROR((BK7*1000)/'Egg Data'!SQ7,"") | BO7: 7 | BR7: =BP7-BQ7 | BS7: =BR7/BO7 | BT7: =IFERROR((BR7*1000)/'Egg Data'!UV7,"") | BV7: 7 | BY7: =BW7-BX7 | BZ7: =BY7/BV7 | CA7: =IFERROR((BY7*1000)/'Egg Data'!XA7,"") | CC7: 7 | CF7: =CD7-CE7 | CG7: =CF7/CC7 | CH7: =IFERROR((CF7*1000)/'Egg Data'!ZF7,"") | CJ7: 7 | CM7: =CK7-CL7 | CN7: =CM7/CJ7 | CO7: =IFERROR((CM7*1000)/'Egg Data'!ABK7,"") | CQ7: 7 | CT7: =CR7-CS7 | CU7: =CT7/CQ7 | CV7: =IFERROR((CT7*1000)/'Egg Data'!ADP7,"") | CX7: 7 | DA7: =CY7-CZ7 | DB7: =DA7/CX7 | DC7: =IFERROR((DA7*1000)/'Egg Data'!AFU7,"") | DE7: 7 | DH7: =DF7-DG7 | DI7: =DH7/DE7 | DJ7: =IFERROR((DH7*1000)/'Egg Data'!AHZ7,"") | DL7: 7 | DO7: =DM7-DN7 | DP7: =DO7/DL7 | DQ7: =IFERROR((DO7*1000)/'Egg Data'!AKE7,"") | DS7: 7 | DV7: =DT7-DU7 | DW7: =DV7/DS7 | DX7: =IFERROR((DV7*1000)/'Egg Data'!AMJ7,"") | DZ7: 7 | EC7: =EA7-EB7 | ED7: =EC7/DZ7 | EE7: =IFERROR((EC7*1000)/'Egg Data'!AOO7,"") | EG7: 7 | EJ7: =EH7-EI7 | EK7: =EJ7/EG7 | EL7: =IFERROR((EJ7*1000)/'Egg Data'!AQT7,"")
A8: 5 | D8: 7 | G8: =E8-F8 | H8: =G8/D8 | I8: =IFERROR((G8*1000)/'Egg Data'!BC8,"") | K8: 7 | N8: =L8-M8 | O8: =N8/K8 | P8: =IFERROR((N8*1000)/'Egg Data'!DH8,"") | R8: 7 | U8: =S8-T8 | V8: =U8/R8 | W8: =IFERROR((U8*1000)/'Egg Data'!FM8,"") | Y8: 7 | AB8: =Z8-AA8 | AC8: =AB8/Y8 | AD8: =IFERROR((AB8*1000)/'Egg Data'!HR8,"") | AF8: 7 | AI8: =AG8-AH8 | AJ8: =AI8/AF8 | AK8: =IFERROR((AI8*1000)/'Egg Data'!JW8,"") | AM8: 7 | AP8: =AN8-AO8 | AQ8: =AP8/AM8 | AR8: =IFERROR((AP8*1000)/'Egg Data'!MB8,"") | AT8: 7 | AW8: =AU8-AV8 | AX8: =AW8/AT8 | AY8: =IFERROR((AW8*1000)/'Egg Data'!OG8,"") | BA8: 7 | BD8: =BB8-BC8 | BE8: =BD8/BA8 | BF8: =IFERROR((BD8*1000)/'Egg Data'!QL8,"") | BH8: 7 | BK8: =BI8-BJ8 | BL8: =BK8/BH8 | BM8: =IFERROR((BK8*1000)/'Egg Data'!SQ8,"") | BO8: 7 | BR8: =BP8-BQ8 | BS8: =BR8/BO8 | BT8: =IFERROR((BR8*1000)/'Egg Data'!UV8,"") | BV8: 7 | BY8: =BW8-BX8 | BZ8: =BY8/BV8 | CA8: =IFERROR((BY8*1000)/'Egg Data'!XA8,"") | CC8: 7 | CF8: =CD8-CE8 | CG8: =CF8/CC8 | CH8: =IFERROR((CF8*1000)/'Egg Data'!ZF8,"") | CJ8: 7 | CM8: =CK8-CL8 | CN8: =CM8/CJ8 | CO8: =IFERROR((CM8*1000)/'Egg Data'!ABK8,"") | CQ8: 7 | CT8: =CR8-CS8 | CU8: =CT8/CQ8 | CV8: =IFERROR((CT8*1000)/'Egg Data'!ADP8,"") | CX8: 7 | DA8: =CY8-CZ8 | DB8: =DA8/CX8 | DC8: =IFERROR((DA8*1000)/'Egg Data'!AFU8,"") | DE8: 7 | DH8: =DF8-DG8 | DI8: =DH8/DE8 | DJ8: =IFERROR((DH8*1000)/'Egg Data'!AHZ8,"") | DL8: 7 | DO8: =DM8-DN8 | DP8: =DO8/DL8 | DQ8: =IFERROR((DO8*1000)/'Egg Data'!AKE8,"") | DS8: 7 | DV8: =DT8-DU8 | DW8: =DV8/DS8 | DX8: =IFERROR((DV8*1000)/'Egg Data'!AMJ8,"") | DZ8: 7 | EC8: =EA8-EB8 | ED8: =EC8/DZ8 | EE8: =IFERROR((EC8*1000)/'Egg Data'!AOO8,"") | EG8: 7 | EJ8: =EH8-EI8 | EK8: =EJ8/EG8 | EL8: =IFERROR((EJ8*1000)/'Egg Data'!AQT8,"")
A9: 6 | D9: 7 | G9: =E9-F9 | H9: =G9/D9 | I9: =IFERROR((G9*1000)/'Egg Data'!BC9,"") | K9: 7 | N9: =L9-M9 | O9: =N9/K9 | P9: =IFERROR((N9*1000)/'Egg Data'!DH9,"") | R9: 7 | U9: =S9-T9 | V9: =U9/R9 | W9: =IFERROR((U9*1000)/'Egg Data'!FM9,"") | Y9: 7 | AB9: =Z9-AA9 | AC9: =AB9/Y9 | AD9: =IFERROR((AB9*1000)/'Egg Data'!HR9,"") | AF9: 7 | AI9: =AG9-AH9 | AJ9: =AI9/AF9 | AK9: =IFERROR((AI9*1000)/'Egg Data'!JW9,"") | AM9: 7 | AP9: =AN9-AO9 | AQ9: =AP9/AM9 | AR9: =IFERROR((AP9*1000)/'Egg Data'!MB9,"") | AT9: 7 | AW9: =AU9-AV9 | AX9: =AW9/AT9 | AY9: =IFERROR((AW9*1000)/'Egg Data'!OG9,"") | BA9: 7 | BD9: =BB9-BC9 | BE9: =BD9/BA9 | BF9: =IFERROR((BD9*1000)/'Egg Data'!QL9,"") | BH9: 7 | BK9: =BI9-BJ9 | BL9: =BK9/BH9 | BM9: =IFERROR((BK9*1000)/'Egg Data'!SQ9,"") | BO9: 7 | BR9: =BP9-BQ9 | BS9: =BR9/BO9 | BT9: =IFERROR((BR9*1000)/'Egg Data'!UV9,"") | BV9: 7 | BY9: =BW9-BX9 | BZ9: =BY9/BV9 | CA9: =IFERROR((BY9*1000)/'Egg Data'!XA9,"") | CC9: 7 | CF9: =CD9-CE9 | CG9: =CF9/CC9 | CH9: =IFERROR((CF9*1000)/'Egg Data'!ZF9,"") | CJ9: 7 | CM9: =CK9-CL9 | CN9: =CM9/CJ9 | CO9: =IFERROR((CM9*1000)/'Egg Data'!ABK9,"") | CQ9: 7 | CT9: =CR9-CS9 | CU9: =CT9/CQ9 | CV9: =IFERROR((CT9*1000)/'Egg Data'!ADP9,"") | CX9: 7 | DA9: =CY9-CZ9 | DB9: =DA9/CX9 | DC9: =IFERROR((DA9*1000)/'Egg Data'!AFU9,"") | DE9: 7 | DH9: =DF9-DG9 | DI9: =DH9/DE9 | DJ9: =IFERROR((DH9*1000)/'Egg Data'!AHZ9,"") | DL9: 7 | DO9: =DM9-DN9 | DP9: =DO9/DL9 | DQ9: =IFERROR((DO9*1000)/'Egg Data'!AKE9,"") | DS9: 7 | DV9: =DT9-DU9 | DW9: =DV9/DS9 | DX9: =IFERROR((DV9*1000)/'Egg Data'!AMJ9,"") | DZ9: 7 | EC9: =EA9-EB9 | ED9: =EC9/DZ9 | EE9: =IFERROR((EC9*1000)/'Egg Data'!AOO9,"") | EG9: 7 | EJ9: =EH9-EI9 | EK9: =EJ9/EG9 | EL9: =IFERROR((EJ9*1000)/'Egg Data'!AQT9,"")
A10: 7 | D10: 7 | G10: =E10-F10 | H10: =G10/D10 | I10: =IFERROR((G10*1000)/'Egg Data'!BC10,"") | K10: 7 | N10: =L10-M10 | O10: =N10/K10 | P10: =IFERROR((N10*1000)/'Egg Data'!DH10,"") | R10: 7 | U10: =S10-T10 | V10: =U10/R10 | W10: =IFERROR((U10*1000)/'Egg Data'!FM10,"") | Y10: 7 | AB10: =Z10-AA10 | AC10: =AB10/Y10 | AD10: =IFERROR((AB10*1000)/'Egg Data'!HR10,"") | AF10: 7 | AI10: =AG10-AH10 | AJ10: =AI10/AF10 | AK10: =IFERROR((AI10*1000)/'Egg Data'!JW10,"") | AM10: 7 | AP10: =AN10-AO10 | AQ10: =AP10/AM10 | AR10: =IFERROR((AP10*1000)/'Egg Data'!MB10,"") | AT10: 7 | AW10: =AU10-AV10 | AX10: =AW10/AT10 | AY10: =IFERROR((AW10*1000)/'Egg Data'!OG10,"") | BA10: 7 | BD10: =BB10-BC10 | BE10: =BD10/BA10 | BF10: =IFERROR((BD10*1000)/'Egg Data'!QL10,"") | BH10: 7 | BK10: =BI10-BJ10 | BL10: =BK10/BH10 | BM10: =IFERROR((BK10*1000)/'Egg Data'!SQ10,"") | BO10: 7 | BR10: =BP10-BQ10 | BS10: =BR10/BO10 | BT10: =IFERROR((BR10*1000)/'Egg Data'!UV10,"") | BV10: 7 | BY10: =BW10-BX10 | BZ10: =BY10/BV10 | CA10: =IFERROR((BY10*1000)/'Egg Data'!XA10,"") | CC10: 7 | CF10: =CD10-CE10 | CG10: =CF10/CC10 | CH10: =IFERROR((CF10*1000)/'Egg Data'!ZF10,"") | CJ10: 7 | CM10: =CK10-CL10 | CN10: =CM10/CJ10 | CO10: =IFERROR((CM10*1000)/'Egg Data'!ABK10,"") | CQ10: 7 | CT10: =CR10-CS10 | CU10: =CT10/CQ10 | CV10: =IFERROR((CT10*1000)/'Egg Data'!ADP10,"") | CX10: 7 | DA10: =CY10-CZ10 | DB10: =DA10/CX10 | DC10: =IFERROR((DA10*1000)/'Egg Data'!AFU10,"") | DE10: 7 | DH10: =DF10-DG10 | DI10: =DH10/DE10 | DJ10: =IFERROR((DH10*1000)/'Egg Data'!AHZ10,"") | DL10: 7 | DO10: =DM10-DN10 | DP10: =DO10/DL10 | DQ10: =IFERROR((DO10*1000)/'Egg Data'!AKE10,"") | DS10: 7 | DV10: =DT10-DU10 | DW10: =DV10/DS10 | DX10: =IFERROR((DV10*1000)/'Egg Data'!AMJ10,"") | DZ10: 7 | EC10: =EA10-EB10 | ED10: =EC10/DZ10 | EE10: =IFERROR((EC10*1000)/'Egg Data'!AOO10,"") | EG10: 7 | EJ10: =EH10-EI10 | EK10: =EJ10/EG10 | EL10: =IFERROR((EJ10*1000)/'Egg Data'!AQT10,"")
A11: 8 | D11: 7 | G11: =E11-F11 | H11: =G11/D11 | I11: =IFERROR((G11*1000)/'Egg Data'!BC11,"") | K11: 7 | N11: =L11-M11 | O11: =N11/K11 | P11: =IFERROR((N11*1000)/'Egg Data'!DH11,"") | R11: 7 | U11: =S11-T11 | V11: =U11/R11 | W11: =IFERROR((U11*1000)/'Egg Data'!FM11,"") | Y11: 7 | AB11: =Z11-AA11 | AC11: =AB11/Y11 | AD11: =IFERROR((AB11*1000)/'Egg Data'!HR11,"") | AF11: 7 | AI11: =AG11-AH11 | AJ11: =AI11/AF11 | AK11: =IFERROR((AI11*1000)/'Egg Data'!JW11,"") | AM11: 7 | AP11: =AN11-AO11 | AQ11: =AP11/AM11 | AR11: =IFERROR((AP11*1000)/'Egg Data'!MB11,"") | AT11: 7 | AW11: =AU11-AV11 | AX11: =AW11/AT11 | AY11: =IFERROR((AW11*1000)/'Egg Data'!OG11,"") | BA11: 7 | BD11: =BB11-BC11 | BE11: =BD11/BA11 | BF11: =IFERROR((BD11*1000)/'Egg Data'!QL11,"") | BH11: 7 | BK11: =BI11-BJ11 | BL11: =BK11/BH11 | BM11: =IFERROR((BK11*1000)/'Egg Data'!SQ11,"") | BO11: 7 | BR11: =BP11-BQ11 | BS11: =BR11/BO11 | BT11: =IFERROR((BR11*1000)/'Egg Data'!UV11,"") | BV11: 7 | BY11: =BW11-BX11 | BZ11: =BY11/BV11 | CA11: =IFERROR((BY11*1000)/'Egg Data'!XA11,"") | CC11: 7 | CF11: =CD11-CE11 | CG11: =CF11/CC11 | CH11: =IFERROR((CF11*1000)/'Egg Data'!ZF11,"") | CJ11: 7 | CM11: =CK11-CL11 | CN11: =CM11/CJ11 | CO11: =IFERROR((CM11*1000)/'Egg Data'!ABK11,"") | CQ11: 7 | CT11: =CR11-CS11 | CU11: =CT11/CQ11 | CV11: =IFERROR((CT11*1000)/'Egg Data'!ADP11,"") | CX11: 7 | DA11: =CY11-CZ11 | DB11: =DA11/CX11 | DC11: =IFERROR((DA11*1000)/'Egg Data'!AFU11,"") | DE11: 7 | DH11: =DF11-DG11 | DI11: =DH11/DE11 | DJ11: =IFERROR((DH11*1000)/'Egg Data'!AHZ11,"") | DL11: 7 | DO11: =DM11-DN11 | DP11: =DO11/DL11 | DQ11: =IFERROR((DO11*1000)/'Egg Data'!AKE11,"") | DS11: 7 | DV11: =DT11-DU11 | DW11: =DV11/DS11 | DX11: =IFERROR((DV11*1000)/'Egg Data'!AMJ11,"") | DZ11: 7 | EC11: =EA11-EB11 | ED11: =EC11/DZ11 | EE11: =IFERROR((EC11*1000)/'Egg Data'!AOO11,"") | EG11: 7 | EJ11: =EH11-EI11 | EK11: =EJ11/EG11 | EL11: =IFERROR((EJ11*1000)/'Egg Data'!AQT11,"")
A12: 9 | D12: 7 | G12: =E12-F12 | H12: =G12/D12 | I12: =IFERROR((G12*1000)/'Egg Data'!BC12,"") | K12: 7 | N12: =L12-M12 | O12: =N12/K12 | P12: =IFERROR((N12*1000)/'Egg Data'!DH12,"") | R12: 7 | U12: =S12-T12 | V12: =U12/R12 | W12: =IFERROR((U12*1000)/'Egg Data'!FM12,"") | Y12: 7 | AB12: =Z12-AA12 | AC12: =AB12/Y12 | AD12: =IFERROR((AB12*1000)/'Egg Data'!HR12,"") | AF12: 7 | AI12: =AG12-AH12 | AJ12: =AI12/AF12 | AK12: =IFERROR((AI12*1000)/'Egg Data'!JW12,"") | AM12: 7 | AP12: =AN12-AO12 | AQ12: =AP12/AM12 | AR12: =IFERROR((AP12*1000)/'Egg Data'!MB12,"") | AT12: 7 | AW12: =AU12-AV12 | AX12: =AW12/AT12 | AY12: =IFERROR((AW12*1000)/'Egg Data'!OG12,"") | BA12: 7 | BD12: =BB12-BC12 | BE12: =BD12/BA12 | BF12: =IFERROR((BD12*1000)/'Egg Data'!QL12,"") | BH12: 7 | BK12: =BI12-BJ12 | BL12: =BK12/BH12 | BM12: =IFERROR((BK12*1000)/'Egg Data'!SQ12,"") | BO12: 7 | BR12: =BP12-BQ12 | BS12: =BR12/BO12 | BT12: =IFERROR((BR12*1000)/'Egg Data'!UV12,"") | BV12: 7 | BY12: =BW12-BX12 | BZ12: =BY12/BV12 | CA12: =IFERROR((BY12*1000)/'Egg Data'!XA12,"") | CC12: 7 | CF12: =CD12-CE12 | CG12: =CF12/CC12 | CH12: =IFERROR((CF12*1000)/'Egg Data'!ZF12,"") | CJ12: 7 | CM12: =CK12-CL12 | CN12: =CM12/CJ12 | CO12: =IFERROR((CM12*1000)/'Egg Data'!ABK12,"") | CQ12: 7 | CT12: =CR12-CS12 | CU12: =CT12/CQ12 | CV12: =IFERROR((CT12*1000)/'Egg Data'!ADP12,"") | CX12: 7 | DA12: =CY12-CZ12 | DB12: =DA12/CX12 | DC12: =IFERROR((DA12*1000)/'Egg Data'!AFU12,"") | DE12: 7 | DH12: =DF12-DG12 | DI12: =DH12/DE12 | DJ12: =IFERROR((DH12*1000)/'Egg Data'!AHZ12,"") | DL12: 7 | DO12: =DM12-DN12 | DP12: =DO12/DL12 | DQ12: =IFERROR((DO12*1000)/'Egg Data'!AKE12,"") | DS12: 7 | DV12: =DT12-DU12 | DW12: =DV12/DS12 | DX12: =IFERROR((DV12*1000)/'Egg Data'!AMJ12,"") | DZ12: 7 | EC12: =EA12-EB12 | ED12: =EC12/DZ12 | EE12: =IFERROR((EC12*1000)/'Egg Data'!AOO12,"") | EG12: 7 | EJ12: =EH12-EI12 | EK12: =EJ12/EG12 | EL12: =IFERROR((EJ12*1000)/'Egg Data'!AQT12,"")
A13: 10 | D13: 7 | G13: =E13-F13 | H13: =G13/D13 | I13: =IFERROR((G13*1000)/'Egg Data'!BC13,"") | K13: 7 | N13: =L13-M13 | O13: =N13/K13 | P13: =IFERROR((N13*1000)/'Egg Data'!DH13,"") | R13: 7 | U13: =S13-T13 | V13: =U13/R13 | W13: =IFERROR((U13*1000)/'Egg Data'!FM13,"") | Y13: 7 | AB13: =Z13-AA13 | AC13: =AB13/Y13 | AD13: =IFERROR((AB13*1000)/'Egg Data'!HR13,"") | AF13: 7 | AI13: =AG13-AH13 | AJ13: =AI13/AF13 | AK13: =IFERROR((AI13*1000)/'Egg Data'!JW13,"") | AM13: 7 | AP13: =AN13-AO13 | AQ13: =AP13/AM13 | AR13: =IFERROR((AP13*1000)/'Egg Data'!MB13,"") | AT13: 7 | AW13: =AU13-AV13 | AX13: =AW13/AT13 | AY13: =IFERROR((AW13*1000)/'Egg Data'!OG13,"") | BA13: 7 | BD13: =BB13-BC13 | BE13: =BD13/BA13 | BF13: =IFERROR((BD13*1000)/'Egg Data'!QL13,"") | BH13: 7 | BK13: =BI13-BJ13 | BL13: =BK13/BH13 | BM13: =IFERROR((BK13*1000)/'Egg Data'!SQ13,"") | BO13: 7 | BR13: =BP13-BQ13 | BS13: =BR13/BO13 | BT13: =IFERROR((BR13*1000)/'Egg Data'!UV13,"") | BV13: 7 | BY13: =BW13-BX13 | BZ13: =BY13/BV13 | CA13: =IFERROR((BY13*1000)/'Egg Data'!XA13,"") | CC13: 7 | CF13: =CD13-CE13 | CG13: =CF13/CC13 | CH13: =IFERROR((CF13*1000)/'Egg Data'!ZF13,"") | CJ13: 7 | CM13: =CK13-CL13 | CN13: =CM13/CJ13 | CO13: =IFERROR((CM13*1000)/'Egg Data'!ABK13,"") | CQ13: 7 | CT13: =CR13-CS13 | CU13: =CT13/CQ13 | CV13: =IFERROR((CT13*1000)/'Egg Data'!ADP13,"") | CX13: 7 | DA13: =CY13-CZ13 | DB13: =DA13/CX13 | DC13: =IFERROR((DA13*1000)/'Egg Data'!AFU13,"") | DE13: 7 | DH13: =DF13-DG13 | DI13: =DH13/DE13 | DJ13: =IFERROR((DH13*1000)/'Egg Data'!AHZ13,"") | DL13: 7 | DO13: =DM13-DN13 | DP13: =DO13/DL13 | DQ13: =IFERROR((DO13*1000)/'Egg Data'!AKE13,"") | DS13: 7 | DV13: =DT13-DU13 | DW13: =DV13/DS13 | DX13: =IFERROR((DV13*1000)/'Egg Data'!AMJ13,"") | DZ13: 7 | EC13: =EA13-EB13 | ED13: =EC13/DZ13 | EE13: =IFERROR((EC13*1000)/'Egg Data'!AOO13,"") | EG13: 7 | EJ13: =EH13-EI13 | EK13: =EJ13/EG13 | EL13: =IFERROR((EJ13*1000)/'Egg Data'!AQT13,"")
A14: 11 | D14: 7 | G14: =E14-F14 | H14: =G14/D14 | I14: =IFERROR((G14*1000)/'Egg Data'!BC14,"") | K14: 7 | N14: =L14-M14 | O14: =N14/K14 | P14: =IFERROR((N14*1000)/'Egg Data'!DH14,"") | R14: 7 | U14: =S14-T14 | V14: =U14/R14 | W14: =IFERROR((U14*1000)/'Egg Data'!FM14,"") | Y14: 7 | AB14: =Z14-AA14 | AC14: =AB14/Y14 | AD14: =IFERROR((AB14*1000)/'Egg Data'!HR14,"") | AF14: 7 | AI14: =AG14-AH14 | AJ14: =AI14/AF14 | AK14: =IFERROR((AI14*1000)/'Egg Data'!JW14,"") | AM14: 7 | AP14: =AN14-AO14 | AQ14: =AP14/AM14 | AR14: =IFERROR((AP14*1000)/'Egg Data'!MB14,"") | AT14: 7 | AW14: =AU14-AV14 | AX14: =AW14/AT14 | AY14: =IFERROR((AW14*1000)/'Egg Data'!OG14,"") | BA14: 7 | BD14: =BB14-BC14 | BE14: =BD14/BA14 | BF14: =IFERROR((BD14*1000)/'Egg Data'!QL14,"") | BH14: 7 | BK14: =BI14-BJ14 | BL14: =BK14/BH14 | BM14: =IFERROR((BK14*1000)/'Egg Data'!SQ14,"") | BO14: 7 | BR14: =BP14-BQ14 | BS14: =BR14/BO14 | BT14: =IFERROR((BR14*1000)/'Egg Data'!UV14,"") | BV14: 7 | BY14: =BW14-BX14 | BZ14: =BY14/BV14 | CA14: =IFERROR((BY14*1000)/'Egg Data'!XA14,"") | CC14: 7 | CF14: =CD14-CE14 | CG14: =CF14/CC14 | CH14: =IFERROR((CF14*1000)/'Egg Data'!ZF14,"") | CJ14: 7 | CM14: =CK14-CL14 | CN14: =CM14/CJ14 | CO14: =IFERROR((CM14*1000)/'Egg Data'!ABK14,"") | CQ14: 7 | CT14: =CR14-CS14 | CU14: =CT14/CQ14 | CV14: =IFERROR((CT14*1000)/'Egg Data'!ADP14,"") | CX14: 7 | DA14: =CY14-CZ14 | DB14: =DA14/CX14 | DC14: =IFERROR((DA14*1000)/'Egg Data'!AFU14,"") | DE14: 7 | DH14: =DF14-DG14 | DI14: =DH14/DE14 | DJ14: =IFERROR((DH14*1000)/'Egg Data'!AHZ14,"") | DL14: 7 | DO14: =DM14-DN14 | DP14: =DO14/DL14 | DQ14: =IFERROR((DO14*1000)/'Egg Data'!AKE14,"") | DS14: 7 | DV14: =DT14-DU14 | DW14: =DV14/DS14 | DX14: =IFERROR((DV14*1000)/'Egg Data'!AMJ14,"") | DZ14: 7 | EC14: =EA14-EB14 | ED14: =EC14/DZ14 | EE14: =IFERROR((EC14*1000)/'Egg Data'!AOO14,"") | EG14: 7 | EJ14: =EH14-EI14 | EK14: =EJ14/EG14 | EL14: =IFERROR((EJ14*1000)/'Egg Data'!AQT14,"")
A15: 12 | D15: 7 | G15: =E15-F15 | H15: =G15/D15 | I15: =IFERROR((G15*1000)/'Egg Data'!BC15,"") | K15: 7 | N15: =L15-M15 | O15: =N15/K15 | P15: =IFERROR((N15*1000)/'Egg Data'!DH15,"") | R15: 7 | U15: =S15-T15 | V15: =U15/R15 | W15: =IFERROR((U15*1000)/'Egg Data'!FM15,"") | Y15: 7 | AB15: =Z15-AA15 | AC15: =AB15/Y15 | AD15: =IFERROR((AB15*1000)/'Egg Data'!HR15,"") | AF15: 7 | AI15: =AG15-AH15 | AJ15: =AI15/AF15 | AK15: =IFERROR((AI15*1000)/'Egg Data'!JW15,"") | AM15: 7 | AP15: =AN15-AO15 | AQ15: =AP15/AM15 | AR15: =IFERROR((AP15*1000)/'Egg Data'!MB15,"") | AT15: 7 | AW15: =AU15-AV15 | AX15: =AW15/AT15 | AY15: =IFERROR((AW15*1000)/'Egg Data'!OG15,"") | BA15: 7 | BD15: =BB15-BC15 | BE15: =BD15/BA15 | BF15: =IFERROR((BD15*1000)/'Egg Data'!QL15,"") | BH15: 7 | BK15: =BI15-BJ15 | BL15: =BK15/BH15 | BM15: =IFERROR((BK15*1000)/'Egg Data'!SQ15,"") | BO15: 7 | BR15: =BP15-BQ15 | BS15: =BR15/BO15 | BT15: =IFERROR((BR15*1000)/'Egg Data'!UV15,"") | BV15: 7 | BY15: =BW15-BX15 | BZ15: =BY15/BV15 | CA15: =IFERROR((BY15*1000)/'Egg Data'!XA15,"") | CC15: 7 | CF15: =CD15-CE15 | CG15: =CF15/CC15 | CH15: =IFERROR((CF15*1000)/'Egg Data'!ZF15,"") | CJ15: 7 | CM15: =CK15-CL15 | CN15: =CM15/CJ15 | CO15: =IFERROR((CM15*1000)/'Egg Data'!ABK15,"") | CQ15: 7 | CT15: =CR15-CS15 | CU15: =CT15/CQ15 | CV15: =IFERROR((CT15*1000)/'Egg Data'!ADP15,"") | CX15: 7 | DA15: =CY15-CZ15 | DB15: =DA15/CX15 | DC15: =IFERROR((DA15*1000)/'Egg Data'!AFU15,"") | DE15: 7 | DH15: =DF15-DG15 | DI15: =DH15/DE15 | DJ15: =IFERROR((DH15*1000)/'Egg Data'!AHZ15,"") | DL15: 7 | DO15: =DM15-DN15 | DP15: =DO15/DL15 | DQ15: =IFERROR((DO15*1000)/'Egg Data'!AKE15,"") | DS15: 7 | DV15: =DT15-DU15 | DW15: =DV15/DS15 | DX15: =IFERROR((DV15*1000)/'Egg Data'!AMJ15,"") | DZ15: 7 | EC15: =EA15-EB15 | ED15: =EC15/DZ15 | EE15: =IFERROR((EC15*1000)/'Egg Data'!AOO15,"") | EG15: 7 | EJ15: =EH15-EI15 | EK15: =EJ15/EG15 | EL15: =IFERROR((EJ15*1000)/'Egg Data'!AQT15,"")
... A195: 192 | D195: 7 | G195: =E195-F195 | H195: =G195/D195 | I195: =IFERROR((G195*1000)/'Egg Data'!BC195,"") | K195: 7 | N195: =L195-M195 | O195: =N195/K195 | P195: =IFERROR((N195*1000)/'Egg Data'!DH195,"") | R195: 7 | U195: =S195-T195 | V195: =U195/R195 | W195: =IFERROR((U195*1000)/'Egg Data'!FM195,"") | Y195: 7 | AB195: =Z195-AA195 | AC195: =AB195/Y195 | AD195: =IFERROR((AB195*1000)/'Egg Data'!HR195,"") | AF195: 7 | AI195: =AG195-AH195 | AJ195: =AI195/AF195 | AK195: =IFERROR((AI195*1000)/'Egg Data'!JW195,"") | AM195: 7 | AP195: =AN195-AO195 | AQ195: =AP195/AM195 | AR195: =IFERROR((AP195*1000)/'Egg Data'!MB195,"") | AT195: 7 | AW195: =AU195-AV195 | AX195: =AW195/AT195 | AY195: =IFERROR((AW195*1000)/'Egg Data'!OG195,"") | BA195: 7 | BD195: =BB195-BC195 | BE195: =BD195/BA195 | BF195: =IFERROR((BD195*1000)/'Egg Data'!QL195,"") | BH195: 7 | BK195: =BI195-BJ195 | BL195: =BK195/BH195 | BM195: =IFERROR((BK195*1000)/'Egg Data'!SQ195,"") | BO195: 7 | BR195: =BP195-BQ195 | BS195: =BR195/BO195 | BT195: =IFERROR((BR195*1000)/'Egg Data'!UV195,"") | BV195: 7 | BY195: =BW195-BX195 | BZ195: =BY195/BV195 | CA195: =IFERROR((BY195*1000)/'Egg Data'!XA195,"") | CC195: 7 | CF195: =CD195-CE195 | CG195: =CF195/CC195 | CH195: =IFERROR((CF195*1000)/'Egg Data'!ZF195,"") | CJ195: 7 | CM195: =CK195-CL195 | CN195: =CM195/CJ195 | CO195: =IFERROR((CM195*1000)/'Egg Data'!ABK195,"") | CQ195: 7 | CT195: =CR195-CS195 | CU195: =CT195/CQ195 | CV195: =IFERROR((CT195*1000)/'Egg Data'!ADP195,"") | CX195: 7 | DA195: =CY195-CZ195 | DB195: =DA195/CX195 | DC195: =IFERROR((DA195*1000)/'Egg Data'!AFU195,"") | DE195: 7 | DH195: =DF195-DG195 | DI195: =DH195/DE195 | DJ195: =IFERROR((DH195*1000)/'Egg Data'!AHZ195,"") | DL195: 7 | DO195: =DM195-DN195 | DP195: =DO195/DL195 | DQ195: =IFERROR((DO195*1000)/'Egg Data'!AKE195,"") | DS195: 7 | DV195: =DT195-DU195 | DW195: =DV195/DS195 | DX195: =IFERROR((DV195*1000)/'Egg Data'!AMJ195,"") | DZ195: 7 | EC195: =EA195-EB195 | ED195: =EC195/DZ195 | EE195: =IFERROR((EC195*1000)/'Egg Data'!AOO195,"") | EG195: 7 | EJ195: =EH195-EI195 | EK195: =EJ195/EG195 | EL195: =IFERROR((EJ195*1000)/'Egg Data'!AQT195,"")

Sheet Mortalities
A1: Week | B1: Date | C1: Pen | D1: Weight | E1: Reason

Sheet Body Weights
A1: PEN NO | B1: HEN NO | C1: WEIGHT | F1: PEN NO | G1: HEN NO | H1: WEIGHT
A2: 1 | B2: A | F2: 25 | G2: A
A3: 1 | B3: B | F3: 25 | G3: B
A4: 1 | B4: C | F4: 25 | G4: C
A5: 1 | B5: D | F5: 25 | G5: D
A6: 1 | B6: E | F6: 25 | G6: E
A7: 1 | B7: F | F7: 25 | G7: F
A8: 1 | B8: G | F8: 25 | G8: G
A9: 2 | B9: A | F9: 26 | G9: A
A10: 2 | B10: B | F10: 26 | G10: B
A11: 2 | B11: C | F11: 26 | G11: C
A12: 2 | B12: D | F12: 26 | G12: D
A13: 2 | B13: E | F13: 26 | G13: E
... A169: 24 | B169: G | F169: 48 | G169: G
A171: PEN NO | B171: HEN NO | F171: PEN NO | G171: HEN NO
A172: 49 | B172: A | F172: 73 | G172: A
A173: 49 | B173: B | F173: 73 | G173: B
A174: 49 | B174: C | F174: 73 | G174: C
A175: 49 | B175: D | F175: 73 | G175: D
A176: 49 | B176: E | F176: 73 | G176: E
A177: 49 | B177: F | F177: 73 | G177: F
A178: 49 | B178: G | F178: 73 | G178: G
A179: 50 | B179: A | F179: 74 | G179: A
A180: 50 | B180: B | F180: 74 | G180: B
A181: 50 | B181: C | F181: 74 | G181: C
A182: 50 | B182: D | F182: 74 | G182: D
A183: 50 | B183: E | F183: 74 | G183: E
... A339: 72 | B339: G | F339: 96 | G339: G
A341: PEN NO | B341: HEN NO | F341: PEN NO | G341: HEN NO
A342: 97 | B342: A | F342: 121 | G342: A
A343: 97 | B343: B | F343: 121 | G343: B
A344: 97 | B344: C | F344: 121 | G344: C
A345: 97 | B345: D | F345: 121 | G345: D
A346: 97 | B346: E | F346: 121 | G346: E
A347: 97 | B347: F | F347: 121 | G347: F
A348: 97 | B348: G | F348: 121 | G348: G
A349: 98 | B349: A | F349: 122 | G349: A
A350: 98 | B350: B | F350: 122 | G350: B
A351: 98 | B351: C | F351: 122 | G351: C
A352: 98 | B352: D | F352: 122 | G352: D
A353: 98 | B353: E | F353: 122 | G353: E
... A509: 120 | B509: G | F509: 144 | G509: G
A511: PEN NO | B511: HEN NO | F511: PEN NO | G511: HEN NO
A512: 145 | B512: A | F512: 169 | G512: A
A513: 145 | B513: B | F513: 169 | G513: B
A514: 145 | B514: C | F514: 169 | G514: C
A515: 145 | B515: D | F515: 169 | G515: D
A516: 145 | B516: E | F516: 169 | G516: E
A517: 145 | B517: F | F517: 169 | G517: F
A518: 145 | B518: G | F518: 169 | G518: G
A519: 146 | B519: A | F519: 170 | G519: A
A520: 146 | B520: B | F520: 170 | G520: B
A521: 146 | B521: C | F521: 170 | G521: C
A522: 146 | B522: D | F522: 170 | G522: D
A523: 146 | B523: E | F523: 170 | G523: E
... A679: 168 | B679: G | F679: 192 | G679: G

Sheet Egg Quality
A1: Month | B1: Date | C1: Pen | D1: Egg | E1: Individual Egg weight | F1: Diameter | G1: Height | H1: top | I1: bottom | J1: equater | K1: Force at Break (Standard) | L1: Displacement at Break (Standard)

Sheet Slaughter
A1: Month | B1: Date | C1: Pen | D1: Bird | E1: Body Weight (kg) | F1: Fat Pad (g) | G1: Liver (g)

Sheet Defeathering
A1: Month | B1: Date | C1: Pen | D1: Bird | E1: Weight (kg)

Sheet Not yet placed
